
C:/Users/khans/OneDrive/Documents/GitHub/next2026/fable_navigation_bridge/build/fable_navigation_bridge.elf:     file format elf32-littlearm

Sections:
Idx Name          Size      VMA       LMA       File off  Algn
  0 .boot2        00000100  10000000  10000000  00001000  2**0
                  CONTENTS, ALLOC, LOAD, READONLY, CODE
  1 .text         00007690  10000100  10000100  00001100  2**3
                  CONTENTS, ALLOC, LOAD, READONLY, CODE
  2 .rodata       000005a4  10007790  10007790  00008790  2**3
                  CONTENTS, ALLOC, LOAD, READONLY, DATA
  3 .binary_info  00000020  10007d34  10007d34  00008d34  2**2
                  CONTENTS, ALLOC, LOAD, READONLY, DATA
  4 .ram_vector_table 000000c0  20000000  20000000  0000a000  2**2
                  ALLOC
  5 .data         00000f08  200000c0  10007d54  000090c0  2**4
                  CONTENTS, ALLOC, LOAD, READONLY, CODE
  6 .uninitialized_data 00000000  20000fc8  20000fc8  00009fc8  2**0
                  CONTENTS
  7 .scratch_x    00000000  20040000  20040000  00009fc8  2**0
                  CONTENTS
  8 .scratch_y    00000000  20041000  20041000  00009fc8  2**0
                  CONTENTS
  9 .bss          00000e74  20000fc8  20000fc8  0000a000  2**3
                  ALLOC
 10 .heap         00000800  20001e3c  20001e3c  00009fc8  2**2
                  CONTENTS, READONLY
 11 .stack1_dummy 00000800  20040000  20040000  0000a000  2**2
                  ALLOC
 12 .stack_dummy  00000800  20041000  20041000  0000a7e0  2**5
                  CONTENTS, READONLY
 13 .ARM.attributes 00000028  00000000  00000000  0000afe0  2**0
                  CONTENTS, READONLY
 14 .comment      00000049  00000000  00000000  0000b008  2**0
                  CONTENTS, READONLY
 15 .debug_frame  00000028  00000000  00000000  0000b054  2**2
                  CONTENTS, READONLY, DEBUGGING, OCTETS

C:/Users/khans/OneDrive/Documents/GitHub/next2026/fable_navigation_bridge/build/fable_navigation_bridge.elf:     file format elf32-littlearm


Disassembly of section .boot2:

10000000 <__boot2_start__>:
10000000:	4b32b500 	.word	0x4b32b500
10000004:	60582021 	.word	0x60582021
10000008:	21026898 	.word	0x21026898
1000000c:	60984388 	.word	0x60984388
10000010:	611860d8 	.word	0x611860d8
10000014:	4b2e6158 	.word	0x4b2e6158
10000018:	60992100 	.word	0x60992100
1000001c:	61592102 	.word	0x61592102
10000020:	22f02101 	.word	0x22f02101
10000024:	492b5099 	.word	0x492b5099
10000028:	21016019 	.word	0x21016019
1000002c:	20356099 	.word	0x20356099
10000030:	f844f000 	.word	0xf844f000
10000034:	42902202 	.word	0x42902202
10000038:	2106d014 	.word	0x2106d014
1000003c:	f0006619 	.word	0xf0006619
10000040:	6e19f834 	.word	0x6e19f834
10000044:	66192101 	.word	0x66192101
10000048:	66182000 	.word	0x66182000
1000004c:	f000661a 	.word	0xf000661a
10000050:	6e19f82c 	.word	0x6e19f82c
10000054:	6e196e19 	.word	0x6e196e19
10000058:	f0002005 	.word	0xf0002005
1000005c:	2101f82f 	.word	0x2101f82f
10000060:	d1f94208 	.word	0xd1f94208
10000064:	60992100 	.word	0x60992100
10000068:	6019491b 	.word	0x6019491b
1000006c:	60592100 	.word	0x60592100
10000070:	481b491a 	.word	0x481b491a
10000074:	21016001 	.word	0x21016001
10000078:	21eb6099 	.word	0x21eb6099
1000007c:	21a06619 	.word	0x21a06619
10000080:	f0006619 	.word	0xf0006619
10000084:	2100f812 	.word	0x2100f812
10000088:	49166099 	.word	0x49166099
1000008c:	60014814 	.word	0x60014814
10000090:	60992101 	.word	0x60992101
10000094:	2800bc01 	.word	0x2800bc01
10000098:	4700d000 	.word	0x4700d000
1000009c:	49134812 	.word	0x49134812
100000a0:	c8036008 	.word	0xc8036008
100000a4:	8808f380 	.word	0x8808f380
100000a8:	b5034708 	.word	0xb5034708
100000ac:	20046a99 	.word	0x20046a99
100000b0:	d0fb4201 	.word	0xd0fb4201
100000b4:	42012001 	.word	0x42012001
100000b8:	bd03d1f8 	.word	0xbd03d1f8
100000bc:	6618b502 	.word	0x6618b502
100000c0:	f7ff6618 	.word	0xf7ff6618
100000c4:	6e18fff2 	.word	0x6e18fff2
100000c8:	bd026e18 	.word	0xbd026e18
100000cc:	40020000 	.word	0x40020000
100000d0:	18000000 	.word	0x18000000
100000d4:	00070000 	.word	0x00070000
100000d8:	005f0300 	.word	0x005f0300
100000dc:	00002221 	.word	0x00002221
100000e0:	180000f4 	.word	0x180000f4
100000e4:	a0002022 	.word	0xa0002022
100000e8:	10000100 	.word	0x10000100
100000ec:	e000ed08 	.word	0xe000ed08
	...
100000fc:	7a4eb274 	.word	0x7a4eb274

Disassembly of section .text:

10000100 <__VECTOR_TABLE>:
10000100:	20042000 	.word	0x20042000
10000104:	100001f7 	.word	0x100001f7
10000108:	100001c3 	.word	0x100001c3
1000010c:	100001c5 	.word	0x100001c5
10000110:	100001c1 	.word	0x100001c1
10000114:	100001c1 	.word	0x100001c1
10000118:	100001c1 	.word	0x100001c1
1000011c:	100001c1 	.word	0x100001c1
10000120:	100001c1 	.word	0x100001c1
10000124:	100001c1 	.word	0x100001c1
10000128:	100001c1 	.word	0x100001c1
1000012c:	100001c7 	.word	0x100001c7
10000130:	100001c1 	.word	0x100001c1
10000134:	100001c1 	.word	0x100001c1
10000138:	100001c9 	.word	0x100001c9
1000013c:	100001cb 	.word	0x100001cb
10000140:	100001cd 	.word	0x100001cd
10000144:	100001cd 	.word	0x100001cd
10000148:	100001cd 	.word	0x100001cd
1000014c:	100001cd 	.word	0x100001cd
10000150:	100001cd 	.word	0x100001cd
10000154:	100001cd 	.word	0x100001cd
10000158:	100001cd 	.word	0x100001cd
1000015c:	100001cd 	.word	0x100001cd
10000160:	100001cd 	.word	0x100001cd
10000164:	100001cd 	.word	0x100001cd
10000168:	100001cd 	.word	0x100001cd
1000016c:	100001cd 	.word	0x100001cd
10000170:	100001cd 	.word	0x100001cd
10000174:	100001cd 	.word	0x100001cd
10000178:	100001cd 	.word	0x100001cd
1000017c:	100001cd 	.word	0x100001cd
10000180:	100001cd 	.word	0x100001cd
10000184:	100001cd 	.word	0x100001cd
10000188:	100001cd 	.word	0x100001cd
1000018c:	100001cd 	.word	0x100001cd
10000190:	100001cd 	.word	0x100001cd
10000194:	100001cd 	.word	0x100001cd
10000198:	100001cd 	.word	0x100001cd
1000019c:	100001cd 	.word	0x100001cd
100001a0:	100001cd 	.word	0x100001cd
100001a4:	100001cd 	.word	0x100001cd
100001a8:	100001cd 	.word	0x100001cd
100001ac:	100001cd 	.word	0x100001cd
100001b0:	100001cd 	.word	0x100001cd
100001b4:	100001cd 	.word	0x100001cd
100001b8:	100001cd 	.word	0x100001cd
100001bc:	100001cd 	.word	0x100001cd

100001c0 <isr_invalid>:
100001c0:	be00      	bkpt	0x0000

100001c2 <isr_nmi>:
100001c2:	be00      	bkpt	0x0000

100001c4 <isr_hardfault>:
100001c4:	be00      	bkpt	0x0000

100001c6 <isr_svcall>:
100001c6:	be00      	bkpt	0x0000

100001c8 <isr_pendsv>:
100001c8:	be00      	bkpt	0x0000

100001ca <isr_systick>:
100001ca:	be00      	bkpt	0x0000

100001cc <__unhandled_user_irq>:
100001cc:	f3ef 8005 	mrs	r0, IPSR
100001d0:	3810      	subs	r0, #16

100001d2 <unhandled_user_irq_num_in_r0>:
100001d2:	be00      	bkpt	0x0000

100001d4 <binary_info_header>:
100001d4:	7188ebf2 	.word	0x7188ebf2
100001d8:	10007d34 	.word	0x10007d34
100001dc:	10007d54 	.word	0x10007d54
100001e0:	10000234 	.word	0x10000234
100001e4:	e71aa390 	.word	0xe71aa390

100001e8 <_entry_point>:
100001e8:	2000      	movs	r0, #0
100001ea:	491f      	ldr	r1, [pc, #124]	; (10000268 <hold_non_core0_in_bootrom+0xa>)
100001ec:	6008      	str	r0, [r1, #0]
100001ee:	c806      	ldmia	r0!, {r1, r2}
100001f0:	f381 8808 	msr	MSP, r1
100001f4:	4710      	bx	r2

100001f6 <_reset_handler>:
100001f6:	481d      	ldr	r0, [pc, #116]	; (1000026c <hold_non_core0_in_bootrom+0xe>)
100001f8:	6800      	ldr	r0, [r0, #0]
100001fa:	2800      	cmp	r0, #0
100001fc:	d12f      	bne.n	1000025e <hold_non_core0_in_bootrom>
100001fe:	a40d      	add	r4, pc, #52	; (adr r4, 10000234 <data_cpy_table>)
10000200:	cc0e      	ldmia	r4!, {r1, r2, r3}
10000202:	2900      	cmp	r1, #0
10000204:	d002      	beq.n	1000020c <_reset_handler+0x16>
10000206:	f000 f812 	bl	1000022e <data_cpy>
1000020a:	e7f9      	b.n	10000200 <_reset_handler+0xa>
1000020c:	4918      	ldr	r1, [pc, #96]	; (10000270 <hold_non_core0_in_bootrom+0x12>)
1000020e:	4a19      	ldr	r2, [pc, #100]	; (10000274 <hold_non_core0_in_bootrom+0x16>)
10000210:	2000      	movs	r0, #0
10000212:	e000      	b.n	10000216 <bss_fill_test>

10000214 <bss_fill_loop>:
10000214:	c101      	stmia	r1!, {r0}

10000216 <bss_fill_test>:
10000216:	4291      	cmp	r1, r2
10000218:	d1fc      	bne.n	10000214 <bss_fill_loop>

1000021a <platform_entry>:
1000021a:	4917      	ldr	r1, [pc, #92]	; (10000278 <hold_non_core0_in_bootrom+0x1a>)
1000021c:	4788      	blx	r1
1000021e:	4917      	ldr	r1, [pc, #92]	; (1000027c <hold_non_core0_in_bootrom+0x1e>)
10000220:	4788      	blx	r1
10000222:	4917      	ldr	r1, [pc, #92]	; (10000280 <hold_non_core0_in_bootrom+0x22>)
10000224:	4788      	blx	r1
10000226:	be00      	bkpt	0x0000
10000228:	e7fd      	b.n	10000226 <platform_entry+0xc>

1000022a <data_cpy_loop>:
1000022a:	c901      	ldmia	r1!, {r0}
1000022c:	c201      	stmia	r2!, {r0}

1000022e <data_cpy>:
1000022e:	429a      	cmp	r2, r3
10000230:	d3fb      	bcc.n	1000022a <data_cpy_loop>
10000232:	4770      	bx	lr

10000234 <data_cpy_table>:
10000234:	10007d54 	.word	0x10007d54
10000238:	200000c0 	.word	0x200000c0
1000023c:	20000fc8 	.word	0x20000fc8
10000240:	10008c5c 	.word	0x10008c5c
10000244:	20040000 	.word	0x20040000
10000248:	20040000 	.word	0x20040000
1000024c:	10008c5c 	.word	0x10008c5c
10000250:	20041000 	.word	0x20041000
10000254:	20041000 	.word	0x20041000
10000258:	00000000 	.word	0x00000000
1000025c:	4770      	bx	lr

1000025e <hold_non_core0_in_bootrom>:
1000025e:	4809      	ldr	r0, [pc, #36]	; (10000284 <hold_non_core0_in_bootrom+0x26>)
10000260:	f003 ff9e 	bl	100041a0 <rom_func_lookup>
10000264:	4700      	bx	r0
10000266:	0000      	.short	0x0000
10000268:	e000ed08 	.word	0xe000ed08
1000026c:	d0000000 	.word	0xd0000000
10000270:	20000fc8 	.word	0x20000fc8
10000274:	20001e3c 	.word	0x20001e3c
10000278:	10002a95 	.word	0x10002a95
1000027c:	100007a9 	.word	0x100007a9
10000280:	10002b89 	.word	0x10002b89
10000284:	00005657 	.word	0x00005657

10000288 <__bi_50>:
10000288:	50520006 5360b3ab 10007ae8              ..RP..`S.z..

10000294 <__bi_38>:
10000294:	50520006 02031c86 10007af8              ..RP.....z..

100002a0 <__bi_30>:
100002a0:	50520006 9da22254 10007b10              ..RPT"...{..

100002ac <__bi_22>:
100002ac:	50520005 68f465de 10008c5c              ..RP.e.h\...

100002b8 <_init>:
100002b8:	b5f8      	push	{r3, r4, r5, r6, r7, lr}
100002ba:	46c0      	nop			; (mov r8, r8)

100002bc <__do_global_dtors_aux>:
100002bc:	b510      	push	{r4, lr}
100002be:	4c06      	ldr	r4, [pc, #24]	; (100002d8 <__do_global_dtors_aux+0x1c>)
100002c0:	7823      	ldrb	r3, [r4, #0]
100002c2:	2b00      	cmp	r3, #0
100002c4:	d107      	bne.n	100002d6 <__do_global_dtors_aux+0x1a>
100002c6:	4b05      	ldr	r3, [pc, #20]	; (100002dc <__do_global_dtors_aux+0x20>)
100002c8:	2b00      	cmp	r3, #0
100002ca:	d002      	beq.n	100002d2 <__do_global_dtors_aux+0x16>
100002cc:	4804      	ldr	r0, [pc, #16]	; (100002e0 <__do_global_dtors_aux+0x24>)
100002ce:	e000      	b.n	100002d2 <__do_global_dtors_aux+0x16>
100002d0:	bf00      	nop
100002d2:	2301      	movs	r3, #1
100002d4:	7023      	strb	r3, [r4, #0]
100002d6:	bd10      	pop	{r4, pc}
100002d8:	200012d0 	.word	0x200012d0
100002dc:	00000000 	.word	0x00000000
100002e0:	10007790 	.word	0x10007790

100002e4 <frame_dummy>:
100002e4:	4b04      	ldr	r3, [pc, #16]	; (100002f8 <frame_dummy+0x14>)
100002e6:	b510      	push	{r4, lr}
100002e8:	2b00      	cmp	r3, #0
100002ea:	d003      	beq.n	100002f4 <frame_dummy+0x10>
100002ec:	4903      	ldr	r1, [pc, #12]	; (100002fc <frame_dummy+0x18>)
100002ee:	4804      	ldr	r0, [pc, #16]	; (10000300 <frame_dummy+0x1c>)
100002f0:	e000      	b.n	100002f4 <frame_dummy+0x10>
100002f2:	bf00      	nop
100002f4:	bd10      	pop	{r4, pc}
100002f6:	46c0      	nop			; (mov r8, r8)
100002f8:	00000000 	.word	0x00000000
100002fc:	200012d4 	.word	0x200012d4
10000300:	10007790 	.word	0x10007790

10000304 <i2c_slave_handler>:
10000304:	b510      	push	{r4, lr}
10000306:	2901      	cmp	r1, #1
10000308:	d004      	beq.n	10000314 <i2c_slave_handler+0x10>
1000030a:	2902      	cmp	r1, #2
1000030c:	d020      	beq.n	10000350 <i2c_slave_handler+0x4c>
1000030e:	2900      	cmp	r1, #0
10000310:	d00c      	beq.n	1000032c <i2c_slave_handler+0x28>
10000312:	bd10      	pop	{r4, pc}
10000314:	4a12      	ldr	r2, [pc, #72]	; (10000360 <i2c_slave_handler+0x5c>)
10000316:	2100      	movs	r1, #0
10000318:	7813      	ldrb	r3, [r2, #0]
1000031a:	2b37      	cmp	r3, #55	; 0x37
1000031c:	d801      	bhi.n	10000322 <i2c_slave_handler+0x1e>
1000031e:	4911      	ldr	r1, [pc, #68]	; (10000364 <i2c_slave_handler+0x60>)
10000320:	5cc9      	ldrb	r1, [r1, r3]
10000322:	6800      	ldr	r0, [r0, #0]
10000324:	3301      	adds	r3, #1
10000326:	6101      	str	r1, [r0, #16]
10000328:	7013      	strb	r3, [r2, #0]
1000032a:	e7f2      	b.n	10000312 <i2c_slave_handler+0xe>
1000032c:	4a0c      	ldr	r2, [pc, #48]	; (10000360 <i2c_slave_handler+0x5c>)
1000032e:	6803      	ldr	r3, [r0, #0]
10000330:	7851      	ldrb	r1, [r2, #1]
10000332:	691b      	ldr	r3, [r3, #16]
10000334:	2900      	cmp	r1, #0
10000336:	d1ec      	bne.n	10000312 <i2c_slave_handler+0xe>
10000338:	b2db      	uxtb	r3, r3
1000033a:	3101      	adds	r1, #1
1000033c:	7013      	strb	r3, [r2, #0]
1000033e:	7051      	strb	r1, [r2, #1]
10000340:	2b00      	cmp	r3, #0
10000342:	d1e6      	bne.n	10000312 <i2c_slave_handler+0xe>
10000344:	2238      	movs	r2, #56	; 0x38
10000346:	4908      	ldr	r1, [pc, #32]	; (10000368 <i2c_slave_handler+0x64>)
10000348:	4806      	ldr	r0, [pc, #24]	; (10000364 <i2c_slave_handler+0x60>)
1000034a:	f004 fe11 	bl	10004f70 <__wrap___aeabi_memcpy>
1000034e:	e7e0      	b.n	10000312 <i2c_slave_handler+0xe>
10000350:	2200      	movs	r2, #0
10000352:	4b03      	ldr	r3, [pc, #12]	; (10000360 <i2c_slave_handler+0x5c>)
10000354:	705a      	strb	r2, [r3, #1]
10000356:	4a05      	ldr	r2, [pc, #20]	; (1000036c <i2c_slave_handler+0x68>)
10000358:	6813      	ldr	r3, [r2, #0]
1000035a:	3301      	adds	r3, #1
1000035c:	6013      	str	r3, [r2, #0]
1000035e:	e7d8      	b.n	10000312 <i2c_slave_handler+0xe>
10000360:	20001cec 	.word	0x20001cec
10000364:	20001d04 	.word	0x20001d04
10000368:	20001d6c 	.word	0x20001d6c
1000036c:	20001d00 	.word	0x20001d00

10000370 <ultrasonic_i2c_handler>:
10000370:	b510      	push	{r4, lr}
10000372:	2901      	cmp	r1, #1
10000374:	d004      	beq.n	10000380 <ultrasonic_i2c_handler+0x10>
10000376:	2902      	cmp	r1, #2
10000378:	d01f      	beq.n	100003ba <ultrasonic_i2c_handler+0x4a>
1000037a:	2900      	cmp	r1, #0
1000037c:	d00c      	beq.n	10000398 <ultrasonic_i2c_handler+0x28>
1000037e:	bd10      	pop	{r4, pc}
10000380:	4a10      	ldr	r2, [pc, #64]	; (100003c4 <ultrasonic_i2c_handler+0x54>)
10000382:	2100      	movs	r1, #0
10000384:	7813      	ldrb	r3, [r2, #0]
10000386:	2b0b      	cmp	r3, #11
10000388:	d801      	bhi.n	1000038e <ultrasonic_i2c_handler+0x1e>
1000038a:	490f      	ldr	r1, [pc, #60]	; (100003c8 <ultrasonic_i2c_handler+0x58>)
1000038c:	5cc9      	ldrb	r1, [r1, r3]
1000038e:	6800      	ldr	r0, [r0, #0]
10000390:	3301      	adds	r3, #1
10000392:	6101      	str	r1, [r0, #16]
10000394:	7013      	strb	r3, [r2, #0]
10000396:	e7f2      	b.n	1000037e <ultrasonic_i2c_handler+0xe>
10000398:	4a0a      	ldr	r2, [pc, #40]	; (100003c4 <ultrasonic_i2c_handler+0x54>)
1000039a:	6803      	ldr	r3, [r0, #0]
1000039c:	7851      	ldrb	r1, [r2, #1]
1000039e:	691b      	ldr	r3, [r3, #16]
100003a0:	2900      	cmp	r1, #0
100003a2:	d1ec      	bne.n	1000037e <ultrasonic_i2c_handler+0xe>
100003a4:	b2db      	uxtb	r3, r3
100003a6:	3101      	adds	r1, #1
100003a8:	7013      	strb	r3, [r2, #0]
100003aa:	7051      	strb	r1, [r2, #1]
100003ac:	2b00      	cmp	r3, #0
100003ae:	d1e6      	bne.n	1000037e <ultrasonic_i2c_handler+0xe>
100003b0:	4a05      	ldr	r2, [pc, #20]	; (100003c8 <ultrasonic_i2c_handler+0x58>)
100003b2:	4b06      	ldr	r3, [pc, #24]	; (100003cc <ultrasonic_i2c_handler+0x5c>)
100003b4:	cb13      	ldmia	r3!, {r0, r1, r4}
100003b6:	c213      	stmia	r2!, {r0, r1, r4}
100003b8:	e7e1      	b.n	1000037e <ultrasonic_i2c_handler+0xe>
100003ba:	2200      	movs	r2, #0
100003bc:	4b01      	ldr	r3, [pc, #4]	; (100003c4 <ultrasonic_i2c_handler+0x54>)
100003be:	705a      	strb	r2, [r3, #1]
100003c0:	e7dd      	b.n	1000037e <ultrasonic_i2c_handler+0xe>
100003c2:	46c0      	nop			; (mov r8, r8)
100003c4:	20001e1c 	.word	0x20001e1c
100003c8:	20001d3c 	.word	0x20001d3c
100003cc:	20001da4 	.word	0x20001da4

100003d0 <core1_entry>:
100003d0:	4bc4      	ldr	r3, [pc, #784]	; (100006e4 <core1_entry+0x314>)
100003d2:	b5f0      	push	{r4, r5, r6, r7, lr}
100003d4:	464e      	mov	r6, r9
100003d6:	4699      	mov	r9, r3
100003d8:	46de      	mov	lr, fp
100003da:	4657      	mov	r7, sl
100003dc:	4645      	mov	r5, r8
100003de:	2300      	movs	r3, #0
100003e0:	464a      	mov	r2, r9
100003e2:	4648      	mov	r0, r9
100003e4:	b5e0      	push	{r5, r6, r7, lr}
100003e6:	49c0      	ldr	r1, [pc, #768]	; (100006e8 <core1_entry+0x318>)
100003e8:	6093      	str	r3, [r2, #8]
100003ea:	4bc0      	ldr	r3, [pc, #768]	; (100006ec <core1_entry+0x31c>)
100003ec:	b089      	sub	sp, #36	; 0x24
100003ee:	c20a      	stmia	r2!, {r1, r3}
100003f0:	300a      	adds	r0, #10
100003f2:	4649      	mov	r1, r9
100003f4:	4bbe      	ldr	r3, [pc, #760]	; (100006f0 <core1_entry+0x320>)
100003f6:	4abf      	ldr	r2, [pc, #764]	; (100006f4 <core1_entry+0x324>)
100003f8:	e028      	b.n	1000044c <core1_entry+0x7c>
100003fa:	005c      	lsls	r4, r3, #1
100003fc:	b2a3      	uxth	r3, r4
100003fe:	b224      	sxth	r4, r4
10000400:	2c00      	cmp	r4, #0
10000402:	db2f      	blt.n	10000464 <core1_entry+0x94>
10000404:	005c      	lsls	r4, r3, #1
10000406:	b2a3      	uxth	r3, r4
10000408:	b224      	sxth	r4, r4
1000040a:	2c00      	cmp	r4, #0
1000040c:	db30      	blt.n	10000470 <core1_entry+0xa0>
1000040e:	005c      	lsls	r4, r3, #1
10000410:	b2a3      	uxth	r3, r4
10000412:	b224      	sxth	r4, r4
10000414:	2c00      	cmp	r4, #0
10000416:	db31      	blt.n	1000047c <core1_entry+0xac>
10000418:	005c      	lsls	r4, r3, #1
1000041a:	b2a3      	uxth	r3, r4
1000041c:	b224      	sxth	r4, r4
1000041e:	2c00      	cmp	r4, #0
10000420:	db32      	blt.n	10000488 <core1_entry+0xb8>
10000422:	005c      	lsls	r4, r3, #1
10000424:	b2a3      	uxth	r3, r4
10000426:	b224      	sxth	r4, r4
10000428:	2c00      	cmp	r4, #0
1000042a:	db33      	blt.n	10000494 <core1_entry+0xc4>
1000042c:	005c      	lsls	r4, r3, #1
1000042e:	b2a3      	uxth	r3, r4
10000430:	b224      	sxth	r4, r4
10000432:	2c00      	cmp	r4, #0
10000434:	db34      	blt.n	100004a0 <core1_entry+0xd0>
10000436:	005c      	lsls	r4, r3, #1
10000438:	b2a3      	uxth	r3, r4
1000043a:	b224      	sxth	r4, r4
1000043c:	005b      	lsls	r3, r3, #1
1000043e:	2c00      	cmp	r4, #0
10000440:	da00      	bge.n	10000444 <core1_entry+0x74>
10000442:	4053      	eors	r3, r2
10000444:	3101      	adds	r1, #1
10000446:	b29b      	uxth	r3, r3
10000448:	4281      	cmp	r1, r0
1000044a:	d02e      	beq.n	100004aa <core1_entry+0xda>
1000044c:	780c      	ldrb	r4, [r1, #0]
1000044e:	0224      	lsls	r4, r4, #8
10000450:	4063      	eors	r3, r4
10000452:	b21c      	sxth	r4, r3
10000454:	2c00      	cmp	r4, #0
10000456:	dad0      	bge.n	100003fa <core1_entry+0x2a>
10000458:	005b      	lsls	r3, r3, #1
1000045a:	4053      	eors	r3, r2
1000045c:	b21c      	sxth	r4, r3
1000045e:	b29b      	uxth	r3, r3
10000460:	2c00      	cmp	r4, #0
10000462:	dacf      	bge.n	10000404 <core1_entry+0x34>
10000464:	005b      	lsls	r3, r3, #1
10000466:	4053      	eors	r3, r2
10000468:	b21c      	sxth	r4, r3
1000046a:	b29b      	uxth	r3, r3
1000046c:	2c00      	cmp	r4, #0
1000046e:	dace      	bge.n	1000040e <core1_entry+0x3e>
10000470:	005b      	lsls	r3, r3, #1
10000472:	4053      	eors	r3, r2
10000474:	b21c      	sxth	r4, r3
10000476:	b29b      	uxth	r3, r3
10000478:	2c00      	cmp	r4, #0
1000047a:	dacd      	bge.n	10000418 <core1_entry+0x48>
1000047c:	005b      	lsls	r3, r3, #1
1000047e:	4053      	eors	r3, r2
10000480:	b21c      	sxth	r4, r3
10000482:	b29b      	uxth	r3, r3
10000484:	2c00      	cmp	r4, #0
10000486:	dacc      	bge.n	10000422 <core1_entry+0x52>
10000488:	005b      	lsls	r3, r3, #1
1000048a:	4053      	eors	r3, r2
1000048c:	b21c      	sxth	r4, r3
1000048e:	b29b      	uxth	r3, r3
10000490:	2c00      	cmp	r4, #0
10000492:	dacb      	bge.n	1000042c <core1_entry+0x5c>
10000494:	005b      	lsls	r3, r3, #1
10000496:	4053      	eors	r3, r2
10000498:	b21c      	sxth	r4, r3
1000049a:	b29b      	uxth	r3, r3
1000049c:	2c00      	cmp	r4, #0
1000049e:	daca      	bge.n	10000436 <core1_entry+0x66>
100004a0:	005b      	lsls	r3, r3, #1
100004a2:	4053      	eors	r3, r2
100004a4:	b21c      	sxth	r4, r3
100004a6:	b29b      	uxth	r3, r3
100004a8:	e7c8      	b.n	1000043c <core1_entry+0x6c>
100004aa:	464a      	mov	r2, r9
100004ac:	8153      	strh	r3, [r2, #10]
100004ae:	4b92      	ldr	r3, [pc, #584]	; (100006f8 <core1_entry+0x328>)
100004b0:	2601      	movs	r6, #1
100004b2:	ca13      	ldmia	r2!, {r0, r1, r4}
100004b4:	c313      	stmia	r3!, {r0, r1, r4}
100004b6:	200e      	movs	r0, #14
100004b8:	f002 f84e 	bl	10002558 <gpio_init>
100004bc:	24d0      	movs	r4, #208	; 0xd0
100004be:	2380      	movs	r3, #128	; 0x80
100004c0:	0624      	lsls	r4, r4, #24
100004c2:	01db      	lsls	r3, r3, #7
100004c4:	6263      	str	r3, [r4, #36]	; 0x24
100004c6:	200f      	movs	r0, #15
100004c8:	61a3      	str	r3, [r4, #24]
100004ca:	f002 f845 	bl	10002558 <gpio_init>
100004ce:	2380      	movs	r3, #128	; 0x80
100004d0:	021b      	lsls	r3, r3, #8
100004d2:	62a3      	str	r3, [r4, #40]	; 0x28
100004d4:	2006      	movs	r0, #6
100004d6:	f002 f83f 	bl	10002558 <gpio_init>
100004da:	2103      	movs	r1, #3
100004dc:	2006      	movs	r0, #6
100004de:	f002 f80b 	bl	100024f8 <gpio_set_function>
100004e2:	2200      	movs	r2, #0
100004e4:	2101      	movs	r1, #1
100004e6:	2006      	movs	r0, #6
100004e8:	f002 f81e 	bl	10002528 <gpio_set_pulls>
100004ec:	2007      	movs	r0, #7
100004ee:	f002 f833 	bl	10002558 <gpio_init>
100004f2:	2103      	movs	r1, #3
100004f4:	2007      	movs	r0, #7
100004f6:	f001 ffff 	bl	100024f8 <gpio_set_function>
100004fa:	2200      	movs	r2, #0
100004fc:	2101      	movs	r1, #1
100004fe:	2007      	movs	r0, #7
10000500:	f002 f812 	bl	10002528 <gpio_set_pulls>
10000504:	4c7d      	ldr	r4, [pc, #500]	; (100006fc <core1_entry+0x32c>)
10000506:	497e      	ldr	r1, [pc, #504]	; (10000700 <core1_entry+0x330>)
10000508:	0020      	movs	r0, r4
1000050a:	f000 fbab 	bl	10000c64 <i2c_init>
1000050e:	0020      	movs	r0, r4
10000510:	2143      	movs	r1, #67	; 0x43
10000512:	4a7c      	ldr	r2, [pc, #496]	; (10000704 <core1_entry+0x334>)
10000514:	f002 fa2a 	bl	1000296c <i2c_slave_init>
10000518:	2300      	movs	r3, #0
1000051a:	4698      	mov	r8, r3
1000051c:	ab04      	add	r3, sp, #16
1000051e:	240e      	movs	r4, #14
10000520:	469c      	mov	ip, r3
10000522:	ad05      	add	r5, sp, #20
10000524:	4464      	add	r4, ip
10000526:	f001 f861 	bl	100015ec <time_us_64>
1000052a:	9002      	str	r0, [sp, #8]
1000052c:	9103      	str	r1, [sp, #12]
1000052e:	f001 f85d 	bl	100015ec <time_us_64>
10000532:	2300      	movs	r3, #0
10000534:	4a74      	ldr	r2, [pc, #464]	; (10000708 <core1_entry+0x338>)
10000536:	1880      	adds	r0, r0, r2
10000538:	4159      	adcs	r1, r3
1000053a:	2900      	cmp	r1, #0
1000053c:	da00      	bge.n	10000540 <core1_entry+0x170>
1000053e:	e0c6      	b.n	100006ce <core1_entry+0x2fe>
10000540:	468c      	mov	ip, r1
10000542:	27d0      	movs	r7, #208	; 0xd0
10000544:	9000      	str	r0, [sp, #0]
10000546:	9101      	str	r1, [sp, #4]
10000548:	4661      	mov	r1, ip
1000054a:	4a70      	ldr	r2, [pc, #448]	; (1000070c <core1_entry+0x33c>)
1000054c:	063f      	lsls	r7, r7, #24
1000054e:	687b      	ldr	r3, [r7, #4]
10000550:	0bdb      	lsrs	r3, r3, #15
10000552:	421e      	tst	r6, r3
10000554:	d100      	bne.n	10000558 <core1_entry+0x188>
10000556:	e094      	b.n	10000682 <core1_entry+0x2b2>
10000558:	6a53      	ldr	r3, [r2, #36]	; 0x24
1000055a:	428b      	cmp	r3, r1
1000055c:	d3f7      	bcc.n	1000054e <core1_entry+0x17e>
1000055e:	6a90      	ldr	r0, [r2, #40]	; 0x28
10000560:	4682      	mov	sl, r0
10000562:	9800      	ldr	r0, [sp, #0]
10000564:	4582      	cmp	sl, r0
10000566:	d201      	bcs.n	1000056c <core1_entry+0x19c>
10000568:	428b      	cmp	r3, r1
1000056a:	d0f0      	beq.n	1000054e <core1_entry+0x17e>
1000056c:	23ff      	movs	r3, #255	; 0xff
1000056e:	22ff      	movs	r2, #255	; 0xff
10000570:	4641      	mov	r1, r8
10000572:	3101      	adds	r1, #1
10000574:	b289      	uxth	r1, r1
10000576:	4688      	mov	r8, r1
10000578:	71eb      	strb	r3, [r5, #7]
1000057a:	2100      	movs	r1, #0
1000057c:	4643      	mov	r3, r8
1000057e:	8021      	strh	r1, [r4, #0]
10000580:	722b      	strb	r3, [r5, #8]
10000582:	4959      	ldr	r1, [pc, #356]	; (100006e8 <core1_entry+0x318>)
10000584:	0a1b      	lsrs	r3, r3, #8
10000586:	726b      	strb	r3, [r5, #9]
10000588:	ab04      	add	r3, sp, #16
1000058a:	240e      	movs	r4, #14
1000058c:	469c      	mov	ip, r3
1000058e:	6029      	str	r1, [r5, #0]
10000590:	210c      	movs	r1, #12
10000592:	71aa      	strb	r2, [r5, #6]
10000594:	4a56      	ldr	r2, [pc, #344]	; (100006f0 <core1_entry+0x320>)
10000596:	7169      	strb	r1, [r5, #5]
10000598:	0017      	movs	r7, r2
1000059a:	0029      	movs	r1, r5
1000059c:	4855      	ldr	r0, [pc, #340]	; (100006f4 <core1_entry+0x324>)
1000059e:	712e      	strb	r6, [r5, #4]
100005a0:	4464      	add	r4, ip
100005a2:	e027      	b.n	100005f4 <core1_entry+0x224>
100005a4:	b213      	sxth	r3, r2
100005a6:	b297      	uxth	r7, r2
100005a8:	2b00      	cmp	r3, #0
100005aa:	db2f      	blt.n	1000060c <core1_entry+0x23c>
100005ac:	007b      	lsls	r3, r7, #1
100005ae:	b29a      	uxth	r2, r3
100005b0:	b21b      	sxth	r3, r3
100005b2:	2b00      	cmp	r3, #0
100005b4:	db30      	blt.n	10000618 <core1_entry+0x248>
100005b6:	0053      	lsls	r3, r2, #1
100005b8:	b29a      	uxth	r2, r3
100005ba:	b21b      	sxth	r3, r3
100005bc:	2b00      	cmp	r3, #0
100005be:	db31      	blt.n	10000624 <core1_entry+0x254>
100005c0:	0053      	lsls	r3, r2, #1
100005c2:	b29a      	uxth	r2, r3
100005c4:	b21b      	sxth	r3, r3
100005c6:	2b00      	cmp	r3, #0
100005c8:	db32      	blt.n	10000630 <core1_entry+0x260>
100005ca:	0053      	lsls	r3, r2, #1
100005cc:	b29a      	uxth	r2, r3
100005ce:	b21b      	sxth	r3, r3
100005d0:	2b00      	cmp	r3, #0
100005d2:	db33      	blt.n	1000063c <core1_entry+0x26c>
100005d4:	0053      	lsls	r3, r2, #1
100005d6:	b29a      	uxth	r2, r3
100005d8:	b21b      	sxth	r3, r3
100005da:	2b00      	cmp	r3, #0
100005dc:	db34      	blt.n	10000648 <core1_entry+0x278>
100005de:	0053      	lsls	r3, r2, #1
100005e0:	b29a      	uxth	r2, r3
100005e2:	b21b      	sxth	r3, r3
100005e4:	0052      	lsls	r2, r2, #1
100005e6:	2b00      	cmp	r3, #0
100005e8:	da00      	bge.n	100005ec <core1_entry+0x21c>
100005ea:	4042      	eors	r2, r0
100005ec:	3101      	adds	r1, #1
100005ee:	b297      	uxth	r7, r2
100005f0:	428c      	cmp	r4, r1
100005f2:	d02e      	beq.n	10000652 <core1_entry+0x282>
100005f4:	780a      	ldrb	r2, [r1, #0]
100005f6:	0212      	lsls	r2, r2, #8
100005f8:	407a      	eors	r2, r7
100005fa:	b213      	sxth	r3, r2
100005fc:	0052      	lsls	r2, r2, #1
100005fe:	2b00      	cmp	r3, #0
10000600:	dad0      	bge.n	100005a4 <core1_entry+0x1d4>
10000602:	4042      	eors	r2, r0
10000604:	b213      	sxth	r3, r2
10000606:	b297      	uxth	r7, r2
10000608:	2b00      	cmp	r3, #0
1000060a:	dacf      	bge.n	100005ac <core1_entry+0x1dc>
1000060c:	007a      	lsls	r2, r7, #1
1000060e:	4042      	eors	r2, r0
10000610:	b213      	sxth	r3, r2
10000612:	b292      	uxth	r2, r2
10000614:	2b00      	cmp	r3, #0
10000616:	dace      	bge.n	100005b6 <core1_entry+0x1e6>
10000618:	0052      	lsls	r2, r2, #1
1000061a:	4042      	eors	r2, r0
1000061c:	b213      	sxth	r3, r2
1000061e:	b292      	uxth	r2, r2
10000620:	2b00      	cmp	r3, #0
10000622:	dacd      	bge.n	100005c0 <core1_entry+0x1f0>
10000624:	0052      	lsls	r2, r2, #1
10000626:	4042      	eors	r2, r0
10000628:	b213      	sxth	r3, r2
1000062a:	b292      	uxth	r2, r2
1000062c:	2b00      	cmp	r3, #0
1000062e:	dacc      	bge.n	100005ca <core1_entry+0x1fa>
10000630:	0052      	lsls	r2, r2, #1
10000632:	4042      	eors	r2, r0
10000634:	b213      	sxth	r3, r2
10000636:	b292      	uxth	r2, r2
10000638:	2b00      	cmp	r3, #0
1000063a:	dacb      	bge.n	100005d4 <core1_entry+0x204>
1000063c:	0052      	lsls	r2, r2, #1
1000063e:	4042      	eors	r2, r0
10000640:	b213      	sxth	r3, r2
10000642:	b292      	uxth	r2, r2
10000644:	2b00      	cmp	r3, #0
10000646:	daca      	bge.n	100005de <core1_entry+0x20e>
10000648:	0052      	lsls	r2, r2, #1
1000064a:	4042      	eors	r2, r0
1000064c:	b213      	sxth	r3, r2
1000064e:	b292      	uxth	r2, r2
10000650:	e7c8      	b.n	100005e4 <core1_entry+0x214>
10000652:	0a3a      	lsrs	r2, r7, #8
10000654:	72af      	strb	r7, [r5, #10]
10000656:	72ea      	strb	r2, [r5, #11]
10000658:	f3ef 8c10 	mrs	ip, PRIMASK
1000065c:	b672      	cpsid	i
1000065e:	464a      	mov	r2, r9
10000660:	0029      	movs	r1, r5
10000662:	c989      	ldmia	r1!, {r0, r3, r7}
10000664:	c289      	stmia	r2!, {r0, r3, r7}
10000666:	f38c 8810 	msr	PRIMASK, ip
1000066a:	9a02      	ldr	r2, [sp, #8]
1000066c:	9b03      	ldr	r3, [sp, #12]
1000066e:	2100      	movs	r1, #0
10000670:	4827      	ldr	r0, [pc, #156]	; (10000710 <core1_entry+0x340>)
10000672:	1812      	adds	r2, r2, r0
10000674:	414b      	adcs	r3, r1
10000676:	0010      	movs	r0, r2
10000678:	1e19      	subs	r1, r3, #0
1000067a:	db2e      	blt.n	100006da <core1_entry+0x30a>
1000067c:	f000 fe66 	bl	1000134c <sleep_until>
10000680:	e751      	b.n	10000526 <core1_entry+0x156>
10000682:	2380      	movs	r3, #128	; 0x80
10000684:	01db      	lsls	r3, r3, #7
10000686:	469a      	mov	sl, r3
10000688:	200a      	movs	r0, #10
1000068a:	617b      	str	r3, [r7, #20]
1000068c:	f000 ffb8 	bl	10001600 <busy_wait_us_32>
10000690:	4653      	mov	r3, sl
10000692:	61bb      	str	r3, [r7, #24]
10000694:	f000 ffaa 	bl	100015ec <time_us_64>
10000698:	2300      	movs	r3, #0
1000069a:	4a1e      	ldr	r2, [pc, #120]	; (10000714 <core1_entry+0x344>)
1000069c:	1880      	adds	r0, r0, r2
1000069e:	4159      	adcs	r1, r3
100006a0:	2900      	cmp	r1, #0
100006a2:	db71      	blt.n	10000788 <core1_entry+0x3b8>
100006a4:	000f      	movs	r7, r1
100006a6:	23d0      	movs	r3, #208	; 0xd0
100006a8:	061b      	lsls	r3, r3, #24
100006aa:	469c      	mov	ip, r3
100006ac:	46a3      	mov	fp, r4
100006ae:	4a17      	ldr	r2, [pc, #92]	; (1000070c <core1_entry+0x33c>)
100006b0:	4663      	mov	r3, ip
100006b2:	685b      	ldr	r3, [r3, #4]
100006b4:	0bdb      	lsrs	r3, r3, #15
100006b6:	421e      	tst	r6, r3
100006b8:	d130      	bne.n	1000071c <core1_entry+0x34c>
100006ba:	6a53      	ldr	r3, [r2, #36]	; 0x24
100006bc:	42bb      	cmp	r3, r7
100006be:	d3f7      	bcc.n	100006b0 <core1_entry+0x2e0>
100006c0:	6a94      	ldr	r4, [r2, #40]	; 0x28
100006c2:	4284      	cmp	r4, r0
100006c4:	d201      	bcs.n	100006ca <core1_entry+0x2fa>
100006c6:	42bb      	cmp	r3, r7
100006c8:	d0f2      	beq.n	100006b0 <core1_entry+0x2e0>
100006ca:	465c      	mov	r4, fp
100006cc:	e74e      	b.n	1000056c <core1_entry+0x19c>
100006ce:	2001      	movs	r0, #1
100006d0:	4b11      	ldr	r3, [pc, #68]	; (10000718 <core1_entry+0x348>)
100006d2:	4911      	ldr	r1, [pc, #68]	; (10000718 <core1_entry+0x348>)
100006d4:	469c      	mov	ip, r3
100006d6:	4240      	negs	r0, r0
100006d8:	e733      	b.n	10000542 <core1_entry+0x172>
100006da:	2001      	movs	r0, #1
100006dc:	490e      	ldr	r1, [pc, #56]	; (10000718 <core1_entry+0x348>)
100006de:	4240      	negs	r0, r0
100006e0:	e7cc      	b.n	1000067c <core1_entry+0x2ac>
100006e2:	46c0      	nop			; (mov r8, r8)
100006e4:	20001da4 	.word	0x20001da4
100006e8:	4e4f5346 	.word	0x4e4f5346
100006ec:	ffff0c01 	.word	0xffff0c01
100006f0:	0000ffff 	.word	0x0000ffff
100006f4:	00001021 	.word	0x00001021
100006f8:	20001d3c 	.word	0x20001d3c
100006fc:	20000eb8 	.word	0x20000eb8
10000700:	000186a0 	.word	0x000186a0
10000704:	10000371 	.word	0x10000371
10000708:	00001388 	.word	0x00001388
1000070c:	40054000 	.word	0x40054000
10000710:	0000ea60 	.word	0x0000ea60
10000714:	00003a98 	.word	0x00003a98
10000718:	7fffffff 	.word	0x7fffffff
1000071c:	4b1e      	ldr	r3, [pc, #120]	; (10000798 <core1_entry+0x3c8>)
1000071e:	465c      	mov	r4, fp
10000720:	6a9b      	ldr	r3, [r3, #40]	; 0x28
10000722:	469b      	mov	fp, r3
10000724:	f000 ff62 	bl	100015ec <time_us_64>
10000728:	2300      	movs	r3, #0
1000072a:	4a1c      	ldr	r2, [pc, #112]	; (1000079c <core1_entry+0x3cc>)
1000072c:	1880      	adds	r0, r0, r2
1000072e:	4159      	adcs	r1, r3
10000730:	2900      	cmp	r1, #0
10000732:	db2d      	blt.n	10000790 <core1_entry+0x3c0>
10000734:	000f      	movs	r7, r1
10000736:	23d0      	movs	r3, #208	; 0xd0
10000738:	061b      	lsls	r3, r3, #24
1000073a:	469c      	mov	ip, r3
1000073c:	4a16      	ldr	r2, [pc, #88]	; (10000798 <core1_entry+0x3c8>)
1000073e:	9400      	str	r4, [sp, #0]
10000740:	4663      	mov	r3, ip
10000742:	685b      	ldr	r3, [r3, #4]
10000744:	0bdb      	lsrs	r3, r3, #15
10000746:	421e      	tst	r6, r3
10000748:	d009      	beq.n	1000075e <core1_entry+0x38e>
1000074a:	6a53      	ldr	r3, [r2, #36]	; 0x24
1000074c:	42bb      	cmp	r3, r7
1000074e:	d3f7      	bcc.n	10000740 <core1_entry+0x370>
10000750:	6a94      	ldr	r4, [r2, #40]	; 0x28
10000752:	4284      	cmp	r4, r0
10000754:	d201      	bcs.n	1000075a <core1_entry+0x38a>
10000756:	42bb      	cmp	r3, r7
10000758:	d0f2      	beq.n	10000740 <core1_entry+0x370>
1000075a:	9c00      	ldr	r4, [sp, #0]
1000075c:	e706      	b.n	1000056c <core1_entry+0x19c>
1000075e:	465a      	mov	r2, fp
10000760:	4b0d      	ldr	r3, [pc, #52]	; (10000798 <core1_entry+0x3c8>)
10000762:	213a      	movs	r1, #58	; 0x3a
10000764:	6a9b      	ldr	r3, [r3, #40]	; 0x28
10000766:	9c00      	ldr	r4, [sp, #0]
10000768:	1a9b      	subs	r3, r3, r2
1000076a:	0098      	lsls	r0, r3, #2
1000076c:	18c0      	adds	r0, r0, r3
1000076e:	0040      	lsls	r0, r0, #1
10000770:	f003 fd70 	bl	10004254 <__wrap___aeabi_uidiv>
10000774:	0002      	movs	r2, r0
10000776:	4b0a      	ldr	r3, [pc, #40]	; (100007a0 <core1_entry+0x3d0>)
10000778:	3a14      	subs	r2, #20
1000077a:	429a      	cmp	r2, r3
1000077c:	d900      	bls.n	10000780 <core1_entry+0x3b0>
1000077e:	e6f5      	b.n	1000056c <core1_entry+0x19c>
10000780:	b283      	uxth	r3, r0
10000782:	b2c2      	uxtb	r2, r0
10000784:	0a1b      	lsrs	r3, r3, #8
10000786:	e6f3      	b.n	10000570 <core1_entry+0x1a0>
10000788:	2001      	movs	r0, #1
1000078a:	4f06      	ldr	r7, [pc, #24]	; (100007a4 <core1_entry+0x3d4>)
1000078c:	4240      	negs	r0, r0
1000078e:	e78a      	b.n	100006a6 <core1_entry+0x2d6>
10000790:	2001      	movs	r0, #1
10000792:	4f04      	ldr	r7, [pc, #16]	; (100007a4 <core1_entry+0x3d4>)
10000794:	4240      	negs	r0, r0
10000796:	e7ce      	b.n	10000736 <core1_entry+0x366>
10000798:	40054000 	.word	0x40054000
1000079c:	0000afc8 	.word	0x0000afc8
100007a0:	00000f8c 	.word	0x00000f8c
100007a4:	7fffffff 	.word	0x7fffffff

100007a8 <main>:
100007a8:	b5f0      	push	{r4, r5, r6, r7, lr}
100007aa:	46de      	mov	lr, fp
100007ac:	4657      	mov	r7, sl
100007ae:	464e      	mov	r6, r9
100007b0:	4645      	mov	r5, r8
100007b2:	b5e0      	push	{r5, r6, r7, lr}
100007b4:	b083      	sub	sp, #12
100007b6:	f004 fded 	bl	10005394 <stdio_init_all>
100007ba:	4bcc      	ldr	r3, [pc, #816]	; (10000aec <main+0x344>)
100007bc:	2234      	movs	r2, #52	; 0x34
100007be:	2100      	movs	r1, #0
100007c0:	1d18      	adds	r0, r3, #4
100007c2:	f004 fbcf 	bl	10004f64 <__wrap_memset>
100007c6:	4ac9      	ldr	r2, [pc, #804]	; (10000aec <main+0x344>)
100007c8:	4bc9      	ldr	r3, [pc, #804]	; (10000af0 <main+0x348>)
100007ca:	0014      	movs	r4, r2
100007cc:	6013      	str	r3, [r2, #0]
100007ce:	4bc9      	ldr	r3, [pc, #804]	; (10000af4 <main+0x34c>)
100007d0:	0011      	movs	r1, r2
100007d2:	8093      	strh	r3, [r2, #4]
100007d4:	2301      	movs	r3, #1
100007d6:	425b      	negs	r3, r3
100007d8:	6213      	str	r3, [r2, #32]
100007da:	6253      	str	r3, [r2, #36]	; 0x24
100007dc:	48c6      	ldr	r0, [pc, #792]	; (10000af8 <main+0x350>)
100007de:	4ac7      	ldr	r2, [pc, #796]	; (10000afc <main+0x354>)
100007e0:	3436      	adds	r4, #54	; 0x36
100007e2:	e027      	b.n	10000834 <main+0x8c>
100007e4:	b215      	sxth	r5, r2
100007e6:	b293      	uxth	r3, r2
100007e8:	2d00      	cmp	r5, #0
100007ea:	db2f      	blt.n	1000084c <main+0xa4>
100007ec:	005a      	lsls	r2, r3, #1
100007ee:	b293      	uxth	r3, r2
100007f0:	b212      	sxth	r2, r2
100007f2:	2a00      	cmp	r2, #0
100007f4:	db30      	blt.n	10000858 <main+0xb0>
100007f6:	005a      	lsls	r2, r3, #1
100007f8:	b293      	uxth	r3, r2
100007fa:	b212      	sxth	r2, r2
100007fc:	2a00      	cmp	r2, #0
100007fe:	db31      	blt.n	10000864 <main+0xbc>
10000800:	005a      	lsls	r2, r3, #1
10000802:	b293      	uxth	r3, r2
10000804:	b212      	sxth	r2, r2
10000806:	2a00      	cmp	r2, #0
10000808:	db32      	blt.n	10000870 <main+0xc8>
1000080a:	005a      	lsls	r2, r3, #1
1000080c:	b293      	uxth	r3, r2
1000080e:	b212      	sxth	r2, r2
10000810:	2a00      	cmp	r2, #0
10000812:	db33      	blt.n	1000087c <main+0xd4>
10000814:	005a      	lsls	r2, r3, #1
10000816:	b293      	uxth	r3, r2
10000818:	b212      	sxth	r2, r2
1000081a:	005b      	lsls	r3, r3, #1
1000081c:	2a00      	cmp	r2, #0
1000081e:	db34      	blt.n	1000088a <main+0xe2>
10000820:	b29a      	uxth	r2, r3
10000822:	b21d      	sxth	r5, r3
10000824:	0052      	lsls	r2, r2, #1
10000826:	2d00      	cmp	r5, #0
10000828:	da00      	bge.n	1000082c <main+0x84>
1000082a:	4042      	eors	r2, r0
1000082c:	3101      	adds	r1, #1
1000082e:	b292      	uxth	r2, r2
10000830:	428c      	cmp	r4, r1
10000832:	d02e      	beq.n	10000892 <main+0xea>
10000834:	780b      	ldrb	r3, [r1, #0]
10000836:	021b      	lsls	r3, r3, #8
10000838:	405a      	eors	r2, r3
1000083a:	b213      	sxth	r3, r2
1000083c:	0052      	lsls	r2, r2, #1
1000083e:	2b00      	cmp	r3, #0
10000840:	dad0      	bge.n	100007e4 <main+0x3c>
10000842:	4042      	eors	r2, r0
10000844:	b215      	sxth	r5, r2
10000846:	b293      	uxth	r3, r2
10000848:	2d00      	cmp	r5, #0
1000084a:	dacf      	bge.n	100007ec <main+0x44>
1000084c:	005b      	lsls	r3, r3, #1
1000084e:	4043      	eors	r3, r0
10000850:	b21a      	sxth	r2, r3
10000852:	b29b      	uxth	r3, r3
10000854:	2a00      	cmp	r2, #0
10000856:	dace      	bge.n	100007f6 <main+0x4e>
10000858:	005b      	lsls	r3, r3, #1
1000085a:	4043      	eors	r3, r0
1000085c:	b21a      	sxth	r2, r3
1000085e:	b29b      	uxth	r3, r3
10000860:	2a00      	cmp	r2, #0
10000862:	dacd      	bge.n	10000800 <main+0x58>
10000864:	005b      	lsls	r3, r3, #1
10000866:	4043      	eors	r3, r0
10000868:	b21a      	sxth	r2, r3
1000086a:	b29b      	uxth	r3, r3
1000086c:	2a00      	cmp	r2, #0
1000086e:	dacc      	bge.n	1000080a <main+0x62>
10000870:	005b      	lsls	r3, r3, #1
10000872:	4043      	eors	r3, r0
10000874:	b21a      	sxth	r2, r3
10000876:	b29b      	uxth	r3, r3
10000878:	2a00      	cmp	r2, #0
1000087a:	dacb      	bge.n	10000814 <main+0x6c>
1000087c:	005b      	lsls	r3, r3, #1
1000087e:	4043      	eors	r3, r0
10000880:	b21a      	sxth	r2, r3
10000882:	b29b      	uxth	r3, r3
10000884:	005b      	lsls	r3, r3, #1
10000886:	2a00      	cmp	r2, #0
10000888:	daca      	bge.n	10000820 <main+0x78>
1000088a:	4043      	eors	r3, r0
1000088c:	b21d      	sxth	r5, r3
1000088e:	b29a      	uxth	r2, r3
10000890:	e7c8      	b.n	10000824 <main+0x7c>
10000892:	4b96      	ldr	r3, [pc, #600]	; (10000aec <main+0x344>)
10000894:	489a      	ldr	r0, [pc, #616]	; (10000b00 <main+0x358>)
10000896:	0019      	movs	r1, r3
10000898:	86da      	strh	r2, [r3, #54]	; 0x36
1000089a:	2238      	movs	r2, #56	; 0x38
1000089c:	f004 fb68 	bl	10004f70 <__wrap___aeabi_memcpy>
100008a0:	21e1      	movs	r1, #225	; 0xe1
100008a2:	4898      	ldr	r0, [pc, #608]	; (10000b04 <main+0x35c>)
100008a4:	0249      	lsls	r1, r1, #9
100008a6:	f001 ff2d 	bl	10002704 <uart_init>
100008aa:	2102      	movs	r1, #2
100008ac:	2000      	movs	r0, #0
100008ae:	f001 fe23 	bl	100024f8 <gpio_set_function>
100008b2:	2102      	movs	r1, #2
100008b4:	2001      	movs	r0, #1
100008b6:	f001 fe1f 	bl	100024f8 <gpio_set_function>
100008ba:	2300      	movs	r3, #0
100008bc:	2201      	movs	r2, #1
100008be:	2108      	movs	r1, #8
100008c0:	4890      	ldr	r0, [pc, #576]	; (10000b04 <main+0x35c>)
100008c2:	f001 ffe3 	bl	1000288c <uart_set_format>
100008c6:	2101      	movs	r1, #1
100008c8:	488e      	ldr	r0, [pc, #568]	; (10000b04 <main+0x35c>)
100008ca:	f002 f81d 	bl	10002908 <uart_set_fifo_enabled>
100008ce:	2004      	movs	r0, #4
100008d0:	f001 fe42 	bl	10002558 <gpio_init>
100008d4:	2103      	movs	r1, #3
100008d6:	2004      	movs	r0, #4
100008d8:	f001 fe0e 	bl	100024f8 <gpio_set_function>
100008dc:	2200      	movs	r2, #0
100008de:	2101      	movs	r1, #1
100008e0:	2004      	movs	r0, #4
100008e2:	f001 fe21 	bl	10002528 <gpio_set_pulls>
100008e6:	2005      	movs	r0, #5
100008e8:	f001 fe36 	bl	10002558 <gpio_init>
100008ec:	2103      	movs	r1, #3
100008ee:	2005      	movs	r0, #5
100008f0:	f001 fe02 	bl	100024f8 <gpio_set_function>
100008f4:	2200      	movs	r2, #0
100008f6:	2101      	movs	r1, #1
100008f8:	2005      	movs	r0, #5
100008fa:	f001 fe15 	bl	10002528 <gpio_set_pulls>
100008fe:	4c82      	ldr	r4, [pc, #520]	; (10000b08 <main+0x360>)
10000900:	4982      	ldr	r1, [pc, #520]	; (10000b0c <main+0x364>)
10000902:	0020      	movs	r0, r4
10000904:	f000 f9ae 	bl	10000c64 <i2c_init>
10000908:	2142      	movs	r1, #66	; 0x42
1000090a:	4a81      	ldr	r2, [pc, #516]	; (10000b10 <main+0x368>)
1000090c:	0020      	movs	r0, r4
1000090e:	f002 f82d 	bl	1000296c <i2c_slave_init>
10000912:	4880      	ldr	r0, [pc, #512]	; (10000b14 <main+0x36c>)
10000914:	f000 fd7c 	bl	10001410 <sleep_ms>
10000918:	487f      	ldr	r0, [pc, #508]	; (10000b18 <main+0x370>)
1000091a:	f004 fc8d 	bl	10005238 <__wrap_puts>
1000091e:	487f      	ldr	r0, [pc, #508]	; (10000b1c <main+0x374>)
10000920:	f002 f892 	bl	10002a48 <multicore_launch_core1>
10000924:	2500      	movs	r5, #0
10000926:	f000 fe61 	bl	100015ec <time_us_64>
1000092a:	4c7d      	ldr	r4, [pc, #500]	; (10000b20 <main+0x378>)
1000092c:	1824      	adds	r4, r4, r0
1000092e:	414d      	adcs	r5, r1
10000930:	2d00      	cmp	r5, #0
10000932:	da00      	bge.n	10000936 <main+0x18e>
10000934:	e12c      	b.n	10000b90 <main+0x3e8>
10000936:	4b7b      	ldr	r3, [pc, #492]	; (10000b24 <main+0x37c>)
10000938:	4e7b      	ldr	r6, [pc, #492]	; (10000b28 <main+0x380>)
1000093a:	4699      	mov	r9, r3
1000093c:	4b7b      	ldr	r3, [pc, #492]	; (10000b2c <main+0x384>)
1000093e:	4f7c      	ldr	r7, [pc, #496]	; (10000b30 <main+0x388>)
10000940:	469a      	mov	sl, r3
10000942:	4b7c      	ldr	r3, [pc, #496]	; (10000b34 <main+0x38c>)
10000944:	469b      	mov	fp, r3
10000946:	4b6c      	ldr	r3, [pc, #432]	; (10000af8 <main+0x350>)
10000948:	4698      	mov	r8, r3
1000094a:	496e      	ldr	r1, [pc, #440]	; (10000b04 <main+0x35c>)
1000094c:	2210      	movs	r2, #16
1000094e:	698b      	ldr	r3, [r1, #24]
10000950:	06db      	lsls	r3, r3, #27
10000952:	d521      	bpl.n	10000998 <main+0x1f0>
10000954:	4b78      	ldr	r3, [pc, #480]	; (10000b38 <main+0x390>)
10000956:	6a5a      	ldr	r2, [r3, #36]	; 0x24
10000958:	4295      	cmp	r5, r2
1000095a:	d8f6      	bhi.n	1000094a <main+0x1a2>
1000095c:	6a9b      	ldr	r3, [r3, #40]	; 0x28
1000095e:	42a3      	cmp	r3, r4
10000960:	d201      	bcs.n	10000966 <main+0x1be>
10000962:	4295      	cmp	r5, r2
10000964:	d0f1      	beq.n	1000094a <main+0x1a2>
10000966:	465b      	mov	r3, fp
10000968:	464a      	mov	r2, r9
1000096a:	4651      	mov	r1, sl
1000096c:	681b      	ldr	r3, [r3, #0]
1000096e:	6812      	ldr	r2, [r2, #0]
10000970:	6809      	ldr	r1, [r1, #0]
10000972:	4872      	ldr	r0, [pc, #456]	; (10000b3c <main+0x394>)
10000974:	f004 fd02 	bl	1000537c <__wrap_printf>
10000978:	2500      	movs	r5, #0
1000097a:	f000 fe37 	bl	100015ec <time_us_64>
1000097e:	4c68      	ldr	r4, [pc, #416]	; (10000b20 <main+0x378>)
10000980:	1824      	adds	r4, r4, r0
10000982:	414d      	adcs	r5, r1
10000984:	2d00      	cmp	r5, #0
10000986:	dae0      	bge.n	1000094a <main+0x1a2>
10000988:	2401      	movs	r4, #1
1000098a:	495e      	ldr	r1, [pc, #376]	; (10000b04 <main+0x35c>)
1000098c:	2210      	movs	r2, #16
1000098e:	698b      	ldr	r3, [r1, #24]
10000990:	4d6b      	ldr	r5, [pc, #428]	; (10000b40 <main+0x398>)
10000992:	4264      	negs	r4, r4
10000994:	06db      	lsls	r3, r3, #27
10000996:	d4dd      	bmi.n	10000954 <main+0x1ac>
10000998:	0010      	movs	r0, r2
1000099a:	698b      	ldr	r3, [r1, #24]
1000099c:	4018      	ands	r0, r3
1000099e:	421a      	tst	r2, r3
100009a0:	d1fa      	bne.n	10000998 <main+0x1f0>
100009a2:	680b      	ldr	r3, [r1, #0]
100009a4:	6832      	ldr	r2, [r6, #0]
100009a6:	b2db      	uxtb	r3, r3
100009a8:	2a03      	cmp	r2, #3
100009aa:	d97e      	bls.n	10000aaa <main+0x302>
100009ac:	1c51      	adds	r1, r2, #1
100009ae:	6031      	str	r1, [r6, #0]
100009b0:	54bb      	strb	r3, [r7, r2]
100009b2:	2906      	cmp	r1, #6
100009b4:	d100      	bne.n	100009b8 <main+0x210>
100009b6:	e084      	b.n	10000ac2 <main+0x31a>
100009b8:	2938      	cmp	r1, #56	; 0x38
100009ba:	d1c6      	bne.n	1000094a <main+0x1a2>
100009bc:	4b4c      	ldr	r3, [pc, #304]	; (10000af0 <main+0x348>)
100009be:	683a      	ldr	r2, [r7, #0]
100009c0:	429a      	cmp	r2, r3
100009c2:	d000      	beq.n	100009c6 <main+0x21e>
100009c4:	e0c0      	b.n	10000b48 <main+0x3a0>
100009c6:	793b      	ldrb	r3, [r7, #4]
100009c8:	2b01      	cmp	r3, #1
100009ca:	d000      	beq.n	100009ce <main+0x226>
100009cc:	e0bc      	b.n	10000b48 <main+0x3a0>
100009ce:	797b      	ldrb	r3, [r7, #5]
100009d0:	2b38      	cmp	r3, #56	; 0x38
100009d2:	d000      	beq.n	100009d6 <main+0x22e>
100009d4:	e0b8      	b.n	10000b48 <main+0x3a0>
100009d6:	0038      	movs	r0, r7
100009d8:	8efb      	ldrh	r3, [r7, #54]	; 0x36
100009da:	4a48      	ldr	r2, [pc, #288]	; (10000afc <main+0x354>)
100009dc:	9400      	str	r4, [sp, #0]
100009de:	9501      	str	r5, [sp, #4]
100009e0:	469c      	mov	ip, r3
100009e2:	0039      	movs	r1, r7
100009e4:	0015      	movs	r5, r2
100009e6:	3036      	adds	r0, #54	; 0x36
100009e8:	e029      	b.n	10000a3e <main+0x296>
100009ea:	b213      	sxth	r3, r2
100009ec:	b295      	uxth	r5, r2
100009ee:	2b00      	cmp	r3, #0
100009f0:	db32      	blt.n	10000a58 <main+0x2b0>
100009f2:	006b      	lsls	r3, r5, #1
100009f4:	b29a      	uxth	r2, r3
100009f6:	b21b      	sxth	r3, r3
100009f8:	2b00      	cmp	r3, #0
100009fa:	db34      	blt.n	10000a66 <main+0x2be>
100009fc:	0053      	lsls	r3, r2, #1
100009fe:	b29a      	uxth	r2, r3
10000a00:	b21b      	sxth	r3, r3
10000a02:	2b00      	cmp	r3, #0
10000a04:	db36      	blt.n	10000a74 <main+0x2cc>
10000a06:	0053      	lsls	r3, r2, #1
10000a08:	b29a      	uxth	r2, r3
10000a0a:	b21b      	sxth	r3, r3
10000a0c:	2b00      	cmp	r3, #0
10000a0e:	db38      	blt.n	10000a82 <main+0x2da>
10000a10:	0053      	lsls	r3, r2, #1
10000a12:	b29a      	uxth	r2, r3
10000a14:	b21b      	sxth	r3, r3
10000a16:	2b00      	cmp	r3, #0
10000a18:	db3a      	blt.n	10000a90 <main+0x2e8>
10000a1a:	0053      	lsls	r3, r2, #1
10000a1c:	b29a      	uxth	r2, r3
10000a1e:	b21b      	sxth	r3, r3
10000a20:	2b00      	cmp	r3, #0
10000a22:	db3c      	blt.n	10000a9e <main+0x2f6>
10000a24:	0053      	lsls	r3, r2, #1
10000a26:	b29a      	uxth	r2, r3
10000a28:	b21b      	sxth	r3, r3
10000a2a:	0052      	lsls	r2, r2, #1
10000a2c:	2b00      	cmp	r3, #0
10000a2e:	da01      	bge.n	10000a34 <main+0x28c>
10000a30:	4643      	mov	r3, r8
10000a32:	405a      	eors	r2, r3
10000a34:	3101      	adds	r1, #1
10000a36:	b295      	uxth	r5, r2
10000a38:	4288      	cmp	r0, r1
10000a3a:	d100      	bne.n	10000a3e <main+0x296>
10000a3c:	e090      	b.n	10000b60 <main+0x3b8>
10000a3e:	780a      	ldrb	r2, [r1, #0]
10000a40:	0212      	lsls	r2, r2, #8
10000a42:	406a      	eors	r2, r5
10000a44:	b213      	sxth	r3, r2
10000a46:	0052      	lsls	r2, r2, #1
10000a48:	2b00      	cmp	r3, #0
10000a4a:	dace      	bge.n	100009ea <main+0x242>
10000a4c:	4643      	mov	r3, r8
10000a4e:	405a      	eors	r2, r3
10000a50:	b213      	sxth	r3, r2
10000a52:	b295      	uxth	r5, r2
10000a54:	2b00      	cmp	r3, #0
10000a56:	dacc      	bge.n	100009f2 <main+0x24a>
10000a58:	4643      	mov	r3, r8
10000a5a:	006a      	lsls	r2, r5, #1
10000a5c:	405a      	eors	r2, r3
10000a5e:	b213      	sxth	r3, r2
10000a60:	b292      	uxth	r2, r2
10000a62:	2b00      	cmp	r3, #0
10000a64:	daca      	bge.n	100009fc <main+0x254>
10000a66:	4643      	mov	r3, r8
10000a68:	0052      	lsls	r2, r2, #1
10000a6a:	405a      	eors	r2, r3
10000a6c:	b213      	sxth	r3, r2
10000a6e:	b292      	uxth	r2, r2
10000a70:	2b00      	cmp	r3, #0
10000a72:	dac8      	bge.n	10000a06 <main+0x25e>
10000a74:	4643      	mov	r3, r8
10000a76:	0052      	lsls	r2, r2, #1
10000a78:	405a      	eors	r2, r3
10000a7a:	b213      	sxth	r3, r2
10000a7c:	b292      	uxth	r2, r2
10000a7e:	2b00      	cmp	r3, #0
10000a80:	dac6      	bge.n	10000a10 <main+0x268>
10000a82:	4643      	mov	r3, r8
10000a84:	0052      	lsls	r2, r2, #1
10000a86:	405a      	eors	r2, r3
10000a88:	b213      	sxth	r3, r2
10000a8a:	b292      	uxth	r2, r2
10000a8c:	2b00      	cmp	r3, #0
10000a8e:	dac4      	bge.n	10000a1a <main+0x272>
10000a90:	4643      	mov	r3, r8
10000a92:	0052      	lsls	r2, r2, #1
10000a94:	405a      	eors	r2, r3
10000a96:	b213      	sxth	r3, r2
10000a98:	b292      	uxth	r2, r2
10000a9a:	2b00      	cmp	r3, #0
10000a9c:	dac2      	bge.n	10000a24 <main+0x27c>
10000a9e:	4643      	mov	r3, r8
10000aa0:	0052      	lsls	r2, r2, #1
10000aa2:	405a      	eors	r2, r3
10000aa4:	b213      	sxth	r3, r2
10000aa6:	b292      	uxth	r2, r2
10000aa8:	e7bf      	b.n	10000a2a <main+0x282>
10000aaa:	4926      	ldr	r1, [pc, #152]	; (10000b44 <main+0x39c>)
10000aac:	5c89      	ldrb	r1, [r1, r2]
10000aae:	4299      	cmp	r1, r3
10000ab0:	d052      	beq.n	10000b58 <main+0x3b0>
10000ab2:	6030      	str	r0, [r6, #0]
10000ab4:	2b46      	cmp	r3, #70	; 0x46
10000ab6:	d000      	beq.n	10000aba <main+0x312>
10000ab8:	e747      	b.n	1000094a <main+0x1a2>
10000aba:	703b      	strb	r3, [r7, #0]
10000abc:	3b45      	subs	r3, #69	; 0x45
10000abe:	6033      	str	r3, [r6, #0]
10000ac0:	e743      	b.n	1000094a <main+0x1a2>
10000ac2:	793a      	ldrb	r2, [r7, #4]
10000ac4:	2a01      	cmp	r2, #1
10000ac6:	d103      	bne.n	10000ad0 <main+0x328>
10000ac8:	797a      	ldrb	r2, [r7, #5]
10000aca:	2a38      	cmp	r2, #56	; 0x38
10000acc:	d100      	bne.n	10000ad0 <main+0x328>
10000ace:	e73c      	b.n	1000094a <main+0x1a2>
10000ad0:	464a      	mov	r2, r9
10000ad2:	4649      	mov	r1, r9
10000ad4:	6812      	ldr	r2, [r2, #0]
10000ad6:	3201      	adds	r2, #1
10000ad8:	600a      	str	r2, [r1, #0]
10000ada:	2200      	movs	r2, #0
10000adc:	6032      	str	r2, [r6, #0]
10000ade:	2b46      	cmp	r3, #70	; 0x46
10000ae0:	d000      	beq.n	10000ae4 <main+0x33c>
10000ae2:	e732      	b.n	1000094a <main+0x1a2>
10000ae4:	703b      	strb	r3, [r7, #0]
10000ae6:	3b45      	subs	r3, #69	; 0x45
10000ae8:	6033      	str	r3, [r6, #0]
10000aea:	e72e      	b.n	1000094a <main+0x1a2>
10000aec:	20001d6c 	.word	0x20001d6c
10000af0:	56414e46 	.word	0x56414e46
10000af4:	00003801 	.word	0x00003801
10000af8:	00001021 	.word	0x00001021
10000afc:	0000ffff 	.word	0x0000ffff
10000b00:	20001d04 	.word	0x20001d04
10000b04:	40034000 	.word	0x40034000
10000b08:	20000eb0 	.word	0x20000eb0
10000b0c:	000186a0 	.word	0x000186a0
10000b10:	10000305 	.word	0x10000305
10000b14:	000005dc 	.word	0x000005dc
10000b18:	10007790 	.word	0x10007790
10000b1c:	100003d1 	.word	0x100003d1
10000b20:	000f4240 	.word	0x000f4240
10000b24:	20001db0 	.word	0x20001db0
10000b28:	20001e18 	.word	0x20001e18
10000b2c:	20001730 	.word	0x20001730
10000b30:	20001de0 	.word	0x20001de0
10000b34:	20001d00 	.word	0x20001d00
10000b38:	40054000 	.word	0x40054000
10000b3c:	100077d4 	.word	0x100077d4
10000b40:	7fffffff 	.word	0x7fffffff
10000b44:	10007804 	.word	0x10007804
10000b48:	464b      	mov	r3, r9
10000b4a:	464a      	mov	r2, r9
10000b4c:	681b      	ldr	r3, [r3, #0]
10000b4e:	3301      	adds	r3, #1
10000b50:	6013      	str	r3, [r2, #0]
10000b52:	2300      	movs	r3, #0
10000b54:	6033      	str	r3, [r6, #0]
10000b56:	e6f8      	b.n	1000094a <main+0x1a2>
10000b58:	1c53      	adds	r3, r2, #1
10000b5a:	6033      	str	r3, [r6, #0]
10000b5c:	54b9      	strb	r1, [r7, r2]
10000b5e:	e6f4      	b.n	1000094a <main+0x1a2>
10000b60:	4663      	mov	r3, ip
10000b62:	002a      	movs	r2, r5
10000b64:	9c00      	ldr	r4, [sp, #0]
10000b66:	9d01      	ldr	r5, [sp, #4]
10000b68:	4293      	cmp	r3, r2
10000b6a:	d1ed      	bne.n	10000b48 <main+0x3a0>
10000b6c:	f3ef 8310 	mrs	r3, PRIMASK
10000b70:	b672      	cpsid	i
10000b72:	2238      	movs	r2, #56	; 0x38
10000b74:	0039      	movs	r1, r7
10000b76:	4808      	ldr	r0, [pc, #32]	; (10000b98 <main+0x3f0>)
10000b78:	9300      	str	r3, [sp, #0]
10000b7a:	f004 f9f9 	bl	10004f70 <__wrap___aeabi_memcpy>
10000b7e:	9b00      	ldr	r3, [sp, #0]
10000b80:	f383 8810 	msr	PRIMASK, r3
10000b84:	4653      	mov	r3, sl
10000b86:	4652      	mov	r2, sl
10000b88:	681b      	ldr	r3, [r3, #0]
10000b8a:	3301      	adds	r3, #1
10000b8c:	6013      	str	r3, [r2, #0]
10000b8e:	e7e0      	b.n	10000b52 <main+0x3aa>
10000b90:	2401      	movs	r4, #1
10000b92:	4d02      	ldr	r5, [pc, #8]	; (10000b9c <main+0x3f4>)
10000b94:	4264      	negs	r4, r4
10000b96:	e6ce      	b.n	10000936 <main+0x18e>
10000b98:	20001d6c 	.word	0x20001d6c
10000b9c:	7fffffff 	.word	0x7fffffff

10000ba0 <i2c_set_baudrate>:
10000ba0:	b5f8      	push	{r3, r4, r5, r6, r7, lr}
10000ba2:	46de      	mov	lr, fp
10000ba4:	4657      	mov	r7, sl
10000ba6:	464e      	mov	r6, r9
10000ba8:	4645      	mov	r5, r8
10000baa:	4683      	mov	fp, r0
10000bac:	b5e0      	push	{r5, r6, r7, lr}
10000bae:	2005      	movs	r0, #5
10000bb0:	000c      	movs	r4, r1
10000bb2:	f001 fc9b 	bl	100024ec <clock_get_hz>
10000bb6:	0006      	movs	r6, r0
10000bb8:	0860      	lsrs	r0, r4, #1
10000bba:	0021      	movs	r1, r4
10000bbc:	1980      	adds	r0, r0, r6
10000bbe:	f003 fb49 	bl	10004254 <__wrap___aeabi_uidiv>
10000bc2:	0043      	lsls	r3, r0, #1
10000bc4:	4698      	mov	r8, r3
10000bc6:	4480      	add	r8, r0
10000bc8:	0007      	movs	r7, r0
10000bca:	2105      	movs	r1, #5
10000bcc:	4640      	mov	r0, r8
10000bce:	f003 fb41 	bl	10004254 <__wrap___aeabi_uidiv>
10000bd2:	1a3b      	subs	r3, r7, r0
10000bd4:	469a      	mov	sl, r3
10000bd6:	4b20      	ldr	r3, [pc, #128]	; (10000c58 <i2c_set_baudrate+0xb8>)
10000bd8:	4681      	mov	r9, r0
10000bda:	0070      	lsls	r0, r6, #1
10000bdc:	1980      	adds	r0, r0, r6
10000bde:	429c      	cmp	r4, r3
10000be0:	d834      	bhi.n	10000c4c <i2c_set_baudrate+0xac>
10000be2:	491e      	ldr	r1, [pc, #120]	; (10000c5c <i2c_set_baudrate+0xbc>)
10000be4:	f003 fb36 	bl	10004254 <__wrap___aeabi_uidiv>
10000be8:	1c45      	adds	r5, r0, #1
10000bea:	465b      	mov	r3, fp
10000bec:	681c      	ldr	r4, [r3, #0]
10000bee:	2300      	movs	r3, #0
10000bf0:	66e3      	str	r3, [r4, #108]	; 0x6c
10000bf2:	6822      	ldr	r2, [r4, #0]
10000bf4:	3304      	adds	r3, #4
10000bf6:	4053      	eors	r3, r2
10000bf8:	2206      	movs	r2, #6
10000bfa:	401a      	ands	r2, r3
10000bfc:	2380      	movs	r3, #128	; 0x80
10000bfe:	015b      	lsls	r3, r3, #5
10000c00:	4323      	orrs	r3, r4
10000c02:	601a      	str	r2, [r3, #0]
10000c04:	4653      	mov	r3, sl
10000c06:	61e3      	str	r3, [r4, #28]
10000c08:	464b      	mov	r3, r9
10000c0a:	6223      	str	r3, [r4, #32]
10000c0c:	4643      	mov	r3, r8
10000c0e:	2001      	movs	r0, #1
10000c10:	2b4f      	cmp	r3, #79	; 0x4f
10000c12:	d903      	bls.n	10000c1c <i2c_set_baudrate+0x7c>
10000c14:	2150      	movs	r1, #80	; 0x50
10000c16:	4640      	mov	r0, r8
10000c18:	f003 fb1c 	bl	10004254 <__wrap___aeabi_uidiv>
10000c1c:	23a0      	movs	r3, #160	; 0xa0
10000c1e:	0022      	movs	r2, r4
10000c20:	50e0      	str	r0, [r4, r3]
10000c22:	2380      	movs	r3, #128	; 0x80
10000c24:	6fe0      	ldr	r0, [r4, #124]	; 0x7c
10000c26:	327c      	adds	r2, #124	; 0x7c
10000c28:	4045      	eors	r5, r0
10000c2a:	042d      	lsls	r5, r5, #16
10000c2c:	015b      	lsls	r3, r3, #5
10000c2e:	4313      	orrs	r3, r2
10000c30:	0c2d      	lsrs	r5, r5, #16
10000c32:	601d      	str	r5, [r3, #0]
10000c34:	2301      	movs	r3, #1
10000c36:	0039      	movs	r1, r7
10000c38:	0030      	movs	r0, r6
10000c3a:	66e3      	str	r3, [r4, #108]	; 0x6c
10000c3c:	f003 fb0a 	bl	10004254 <__wrap___aeabi_uidiv>
10000c40:	bcf0      	pop	{r4, r5, r6, r7}
10000c42:	46bb      	mov	fp, r7
10000c44:	46b2      	mov	sl, r6
10000c46:	46a9      	mov	r9, r5
10000c48:	46a0      	mov	r8, r4
10000c4a:	bdf8      	pop	{r3, r4, r5, r6, r7, pc}
10000c4c:	4904      	ldr	r1, [pc, #16]	; (10000c60 <i2c_set_baudrate+0xc0>)
10000c4e:	f003 fb01 	bl	10004254 <__wrap___aeabi_uidiv>
10000c52:	1c45      	adds	r5, r0, #1
10000c54:	e7c9      	b.n	10000bea <i2c_set_baudrate+0x4a>
10000c56:	46c0      	nop			; (mov r8, r8)
10000c58:	000f423f 	.word	0x000f423f
10000c5c:	00989680 	.word	0x00989680
10000c60:	017d7840 	.word	0x017d7840

10000c64 <i2c_init>:
10000c64:	4a10      	ldr	r2, [pc, #64]	; (10000ca8 <i2c_init+0x44>)
10000c66:	b570      	push	{r4, r5, r6, lr}
10000c68:	1a82      	subs	r2, r0, r2
10000c6a:	4253      	negs	r3, r2
10000c6c:	415a      	adcs	r2, r3
10000c6e:	2307      	movs	r3, #7
10000c70:	4252      	negs	r2, r2
10000c72:	439a      	bics	r2, r3
10000c74:	4b0d      	ldr	r3, [pc, #52]	; (10000cac <i2c_init+0x48>)
10000c76:	3210      	adds	r2, #16
10000c78:	601a      	str	r2, [r3, #0]
10000c7a:	4b0d      	ldr	r3, [pc, #52]	; (10000cb0 <i2c_init+0x4c>)
10000c7c:	4c0d      	ldr	r4, [pc, #52]	; (10000cb4 <i2c_init+0x50>)
10000c7e:	601a      	str	r2, [r3, #0]
10000c80:	0015      	movs	r5, r2
10000c82:	68a3      	ldr	r3, [r4, #8]
10000c84:	439d      	bics	r5, r3
10000c86:	1e2b      	subs	r3, r5, #0
10000c88:	d1fa      	bne.n	10000c80 <i2c_init+0x1c>
10000c8a:	2466      	movs	r4, #102	; 0x66
10000c8c:	6802      	ldr	r2, [r0, #0]
10000c8e:	34ff      	adds	r4, #255	; 0xff
10000c90:	7105      	strb	r5, [r0, #4]
10000c92:	66d5      	str	r5, [r2, #108]	; 0x6c
10000c94:	6014      	str	r4, [r2, #0]
10000c96:	3c63      	subs	r4, #99	; 0x63
10000c98:	3388      	adds	r3, #136	; 0x88
10000c9a:	3cff      	subs	r4, #255	; 0xff
10000c9c:	63d5      	str	r5, [r2, #60]	; 0x3c
10000c9e:	6395      	str	r5, [r2, #56]	; 0x38
10000ca0:	50d4      	str	r4, [r2, r3]
10000ca2:	f7ff ff7d 	bl	10000ba0 <i2c_set_baudrate>
10000ca6:	bd70      	pop	{r4, r5, r6, pc}
10000ca8:	20000eb0 	.word	0x20000eb0
10000cac:	4000e000 	.word	0x4000e000
10000cb0:	4000f000 	.word	0x4000f000
10000cb4:	4000c000 	.word	0x4000c000

10000cb8 <i2c_set_slave_mode>:
10000cb8:	6803      	ldr	r3, [r0, #0]
10000cba:	2000      	movs	r0, #0
10000cbc:	66d8      	str	r0, [r3, #108]	; 0x6c
10000cbe:	2900      	cmp	r1, #0
10000cc0:	d00d      	beq.n	10000cde <i2c_set_slave_mode+0x26>
10000cc2:	2180      	movs	r1, #128	; 0x80
10000cc4:	6818      	ldr	r0, [r3, #0]
10000cc6:	0089      	lsls	r1, r1, #2
10000cc8:	4041      	eors	r1, r0
10000cca:	480a      	ldr	r0, [pc, #40]	; (10000cf4 <i2c_set_slave_mode+0x3c>)
10000ccc:	4001      	ands	r1, r0
10000cce:	2080      	movs	r0, #128	; 0x80
10000cd0:	0140      	lsls	r0, r0, #5
10000cd2:	4318      	orrs	r0, r3
10000cd4:	6001      	str	r1, [r0, #0]
10000cd6:	609a      	str	r2, [r3, #8]
10000cd8:	2201      	movs	r2, #1
10000cda:	66da      	str	r2, [r3, #108]	; 0x6c
10000cdc:	4770      	bx	lr
10000cde:	2141      	movs	r1, #65	; 0x41
10000ce0:	681a      	ldr	r2, [r3, #0]
10000ce2:	404a      	eors	r2, r1
10000ce4:	4903      	ldr	r1, [pc, #12]	; (10000cf4 <i2c_set_slave_mode+0x3c>)
10000ce6:	400a      	ands	r2, r1
10000ce8:	2180      	movs	r1, #128	; 0x80
10000cea:	0149      	lsls	r1, r1, #5
10000cec:	4319      	orrs	r1, r3
10000cee:	600a      	str	r2, [r1, #0]
10000cf0:	e7f2      	b.n	10000cd8 <i2c_set_slave_mode+0x20>
10000cf2:	46c0      	nop			; (mov r8, r8)
10000cf4:	00000241 	.word	0x00000241

10000cf8 <running_on_fpga>:
10000cf8:	4b02      	ldr	r3, [pc, #8]	; (10000d04 <running_on_fpga+0xc>)
10000cfa:	6818      	ldr	r0, [r3, #0]
10000cfc:	0780      	lsls	r0, r0, #30
10000cfe:	0fc0      	lsrs	r0, r0, #31
10000d00:	4770      	bx	lr
10000d02:	46c0      	nop			; (mov r8, r8)
10000d04:	4006c000 	.word	0x4006c000

10000d08 <hw_claim_or_assert>:
10000d08:	b570      	push	{r4, r5, r6, lr}
10000d0a:	f3ef 8c10 	mrs	ip, PRIMASK
10000d0e:	b672      	cpsid	i
10000d10:	4d0d      	ldr	r5, [pc, #52]	; (10000d48 <hw_claim_or_assert+0x40>)
10000d12:	682b      	ldr	r3, [r5, #0]
10000d14:	2b00      	cmp	r3, #0
10000d16:	d0fc      	beq.n	10000d12 <hw_claim_or_assert+0xa>
10000d18:	f3bf 8f5f 	dmb	sy
10000d1c:	2407      	movs	r4, #7
10000d1e:	08cb      	lsrs	r3, r1, #3
10000d20:	18c6      	adds	r6, r0, r3
10000d22:	5cc0      	ldrb	r0, [r0, r3]
10000d24:	2301      	movs	r3, #1
10000d26:	400c      	ands	r4, r1
10000d28:	40a3      	lsls	r3, r4
10000d2a:	001c      	movs	r4, r3
10000d2c:	4004      	ands	r4, r0
10000d2e:	4203      	tst	r3, r0
10000d30:	d107      	bne.n	10000d42 <hw_claim_or_assert+0x3a>
10000d32:	4303      	orrs	r3, r0
10000d34:	7033      	strb	r3, [r6, #0]
10000d36:	f3bf 8f5f 	dmb	sy
10000d3a:	602c      	str	r4, [r5, #0]
10000d3c:	f38c 8810 	msr	PRIMASK, ip
10000d40:	bd70      	pop	{r4, r5, r6, pc}
10000d42:	0010      	movs	r0, r2
10000d44:	f001 ff24 	bl	10002b90 <panic>
10000d48:	d000012c 	.word	0xd000012c

10000d4c <hw_claim_unused_from_range>:
10000d4c:	b5f8      	push	{r3, r4, r5, r6, r7, lr}
10000d4e:	4647      	mov	r7, r8
10000d50:	46ce      	mov	lr, r9
10000d52:	4688      	mov	r8, r1
10000d54:	b580      	push	{r7, lr}
10000d56:	f3ef 8c10 	mrs	ip, PRIMASK
10000d5a:	b672      	cpsid	i
10000d5c:	4d21      	ldr	r5, [pc, #132]	; (10000de4 <hw_claim_unused_from_range+0x98>)
10000d5e:	682c      	ldr	r4, [r5, #0]
10000d60:	2c00      	cmp	r4, #0
10000d62:	d0fc      	beq.n	10000d5e <hw_claim_unused_from_range+0x12>
10000d64:	f3bf 8f5f 	dmb	sy
10000d68:	429a      	cmp	r2, r3
10000d6a:	d82c      	bhi.n	10000dc6 <hw_claim_unused_from_range+0x7a>
10000d6c:	08d4      	lsrs	r4, r2, #3
10000d6e:	2707      	movs	r7, #7
10000d70:	5d05      	ldrb	r5, [r0, r4]
10000d72:	1906      	adds	r6, r0, r4
10000d74:	2401      	movs	r4, #1
10000d76:	4017      	ands	r7, r2
10000d78:	40bc      	lsls	r4, r7
10000d7a:	422c      	tst	r4, r5
10000d7c:	d01f      	beq.n	10000dbe <hw_claim_unused_from_range+0x72>
10000d7e:	2107      	movs	r1, #7
10000d80:	2701      	movs	r7, #1
10000d82:	4689      	mov	r9, r1
10000d84:	e009      	b.n	10000d9a <hw_claim_unused_from_range+0x4e>
10000d86:	08d4      	lsrs	r4, r2, #3
10000d88:	5d05      	ldrb	r5, [r0, r4]
10000d8a:	1906      	adds	r6, r0, r4
10000d8c:	464c      	mov	r4, r9
10000d8e:	0039      	movs	r1, r7
10000d90:	4014      	ands	r4, r2
10000d92:	40a1      	lsls	r1, r4
10000d94:	000c      	movs	r4, r1
10000d96:	4229      	tst	r1, r5
10000d98:	d011      	beq.n	10000dbe <hw_claim_unused_from_range+0x72>
10000d9a:	3201      	adds	r2, #1
10000d9c:	4293      	cmp	r3, r2
10000d9e:	d2f2      	bcs.n	10000d86 <hw_claim_unused_from_range+0x3a>
10000da0:	2001      	movs	r0, #1
10000da2:	4240      	negs	r0, r0
10000da4:	f3bf 8f5f 	dmb	sy
10000da8:	2200      	movs	r2, #0
10000daa:	4b0e      	ldr	r3, [pc, #56]	; (10000de4 <hw_claim_unused_from_range+0x98>)
10000dac:	601a      	str	r2, [r3, #0]
10000dae:	f38c 8810 	msr	PRIMASK, ip
10000db2:	2800      	cmp	r0, #0
10000db4:	db0f      	blt.n	10000dd6 <hw_claim_unused_from_range+0x8a>
10000db6:	bcc0      	pop	{r6, r7}
10000db8:	46b9      	mov	r9, r7
10000dba:	46b0      	mov	r8, r6
10000dbc:	bdf8      	pop	{r3, r4, r5, r6, r7, pc}
10000dbe:	432c      	orrs	r4, r5
10000dc0:	0010      	movs	r0, r2
10000dc2:	7034      	strb	r4, [r6, #0]
10000dc4:	e7ee      	b.n	10000da4 <hw_claim_unused_from_range+0x58>
10000dc6:	f3bf 8f5f 	dmb	sy
10000dca:	2300      	movs	r3, #0
10000dcc:	602b      	str	r3, [r5, #0]
10000dce:	f38c 8810 	msr	PRIMASK, ip
10000dd2:	2001      	movs	r0, #1
10000dd4:	4240      	negs	r0, r0
10000dd6:	4643      	mov	r3, r8
10000dd8:	2b00      	cmp	r3, #0
10000dda:	d0ec      	beq.n	10000db6 <hw_claim_unused_from_range+0x6a>
10000ddc:	9808      	ldr	r0, [sp, #32]
10000dde:	f001 fed7 	bl	10002b90 <panic>
10000de2:	46c0      	nop			; (mov r8, r8)
10000de4:	d000012c 	.word	0xd000012c

10000de8 <spin_locks_reset>:
10000de8:	2100      	movs	r1, #0
10000dea:	4b04      	ldr	r3, [pc, #16]	; (10000dfc <spin_locks_reset+0x14>)
10000dec:	4a04      	ldr	r2, [pc, #16]	; (10000e00 <spin_locks_reset+0x18>)
10000dee:	f3bf 8f5f 	dmb	sy
10000df2:	c302      	stmia	r3!, {r1}
10000df4:	4293      	cmp	r3, r2
10000df6:	d1fa      	bne.n	10000dee <spin_locks_reset+0x6>
10000df8:	4770      	bx	lr
10000dfa:	46c0      	nop			; (mov r8, r8)
10000dfc:	d0000100 	.word	0xd0000100
10000e00:	d0000180 	.word	0xd0000180

10000e04 <next_striped_spin_lock_num>:
10000e04:	4a04      	ldr	r2, [pc, #16]	; (10000e18 <next_striped_spin_lock_num+0x14>)
10000e06:	7810      	ldrb	r0, [r2, #0]
10000e08:	1c43      	adds	r3, r0, #1
10000e0a:	b2db      	uxtb	r3, r3
10000e0c:	2b17      	cmp	r3, #23
10000e0e:	d900      	bls.n	10000e12 <next_striped_spin_lock_num+0xe>
10000e10:	2310      	movs	r3, #16
10000e12:	7013      	strb	r3, [r2, #0]
10000e14:	4770      	bx	lr
10000e16:	46c0      	nop			; (mov r8, r8)
10000e18:	20000ec0 	.word	0x20000ec0

10000e1c <spin_lock_claim_unused>:
10000e1c:	b500      	push	{lr}
10000e1e:	4b05      	ldr	r3, [pc, #20]	; (10000e34 <spin_lock_claim_unused+0x18>)
10000e20:	b083      	sub	sp, #12
10000e22:	0001      	movs	r1, r0
10000e24:	9300      	str	r3, [sp, #0]
10000e26:	2218      	movs	r2, #24
10000e28:	231f      	movs	r3, #31
10000e2a:	4803      	ldr	r0, [pc, #12]	; (10000e38 <spin_lock_claim_unused+0x1c>)
10000e2c:	f7ff ff8e 	bl	10000d4c <hw_claim_unused_from_range>
10000e30:	b003      	add	sp, #12
10000e32:	bd00      	pop	{pc}
10000e34:	10007808 	.word	0x10007808
10000e38:	2000184c 	.word	0x2000184c

10000e3c <timer_pool_entry_comparator>:
10000e3c:	6883      	ldr	r3, [r0, #8]
10000e3e:	480b      	ldr	r0, [pc, #44]	; (10000e6c <timer_pool_entry_comparator+0x30>)
10000e40:	b510      	push	{r4, lr}
10000e42:	4684      	mov	ip, r0
10000e44:	4461      	add	r1, ip
10000e46:	4462      	add	r2, ip
10000e48:	0109      	lsls	r1, r1, #4
10000e4a:	0112      	lsls	r2, r2, #4
10000e4c:	189a      	adds	r2, r3, r2
10000e4e:	1859      	adds	r1, r3, r1
10000e50:	6854      	ldr	r4, [r2, #4]
10000e52:	684b      	ldr	r3, [r1, #4]
10000e54:	2001      	movs	r0, #1
10000e56:	429c      	cmp	r4, r3
10000e58:	d801      	bhi.n	10000e5e <timer_pool_entry_comparator+0x22>
10000e5a:	d002      	beq.n	10000e62 <timer_pool_entry_comparator+0x26>
10000e5c:	2000      	movs	r0, #0
10000e5e:	b2c0      	uxtb	r0, r0
10000e60:	bd10      	pop	{r4, pc}
10000e62:	6812      	ldr	r2, [r2, #0]
10000e64:	680b      	ldr	r3, [r1, #0]
10000e66:	429a      	cmp	r2, r3
10000e68:	d8f9      	bhi.n	10000e5e <timer_pool_entry_comparator+0x22>
10000e6a:	e7f7      	b.n	10000e5c <timer_pool_entry_comparator+0x20>
10000e6c:	0fffffff 	.word	0x0fffffff

10000e70 <sleep_until_callback>:
10000e70:	4b0a      	ldr	r3, [pc, #40]	; (10000e9c <sleep_until_callback+0x2c>)
10000e72:	6819      	ldr	r1, [r3, #0]
10000e74:	f3ef 8010 	mrs	r0, PRIMASK
10000e78:	b672      	cpsid	i
10000e7a:	680a      	ldr	r2, [r1, #0]
10000e7c:	2a00      	cmp	r2, #0
10000e7e:	d0fc      	beq.n	10000e7a <sleep_until_callback+0xa>
10000e80:	f3bf 8f5f 	dmb	sy
10000e84:	681b      	ldr	r3, [r3, #0]
10000e86:	f3bf 8f5f 	dmb	sy
10000e8a:	2200      	movs	r2, #0
10000e8c:	601a      	str	r2, [r3, #0]
10000e8e:	f380 8810 	msr	PRIMASK, r0
10000e92:	bf40      	sev
10000e94:	2000      	movs	r0, #0
10000e96:	2100      	movs	r1, #0
10000e98:	4770      	bx	lr
10000e9a:	46c0      	nop			; (mov r8, r8)
10000e9c:	20001dc0 	.word	0x20001dc0

10000ea0 <add_alarm_under_lock.isra.0>:
10000ea0:	b5f8      	push	{r3, r4, r5, r6, r7, lr}
10000ea2:	4657      	mov	r7, sl
10000ea4:	464e      	mov	r6, r9
10000ea6:	4645      	mov	r5, r8
10000ea8:	46de      	mov	lr, fp
10000eaa:	b5e0      	push	{r5, r6, r7, lr}
10000eac:	4699      	mov	r9, r3
10000eae:	ab0c      	add	r3, sp, #48	; 0x30
10000eb0:	781c      	ldrb	r4, [r3, #0]
10000eb2:	ab0d      	add	r3, sp, #52	; 0x34
10000eb4:	781b      	ldrb	r3, [r3, #0]
10000eb6:	0006      	movs	r6, r0
10000eb8:	4690      	mov	r8, r2
10000eba:	469a      	mov	sl, r3
10000ebc:	6807      	ldr	r7, [r0, #0]
10000ebe:	2c00      	cmp	r4, #0
10000ec0:	d111      	bne.n	10000ee6 <add_alarm_under_lock.isra.0+0x46>
10000ec2:	7bbc      	ldrb	r4, [r7, #14]
10000ec4:	2c00      	cmp	r4, #0
10000ec6:	d042      	beq.n	10000f4e <add_alarm_under_lock.isra.0+0xae>
10000ec8:	0065      	lsls	r5, r4, #1
10000eca:	683b      	ldr	r3, [r7, #0]
10000ecc:	192d      	adds	r5, r5, r4
10000ece:	3d03      	subs	r5, #3
10000ed0:	1959      	adds	r1, r3, r5
10000ed2:	784b      	ldrb	r3, [r1, #1]
10000ed4:	73bb      	strb	r3, [r7, #14]
10000ed6:	2b00      	cmp	r3, #0
10000ed8:	d100      	bne.n	10000edc <add_alarm_under_lock.isra.0+0x3c>
10000eda:	73fb      	strb	r3, [r7, #15]
10000edc:	2300      	movs	r3, #0
10000ede:	708b      	strb	r3, [r1, #2]
10000ee0:	704b      	strb	r3, [r1, #1]
10000ee2:	700b      	strb	r3, [r1, #0]
10000ee4:	e004      	b.n	10000ef0 <add_alarm_under_lock.isra.0+0x50>
10000ee6:	0065      	lsls	r5, r4, #1
10000ee8:	683b      	ldr	r3, [r7, #0]
10000eea:	192d      	adds	r5, r5, r4
10000eec:	3d03      	subs	r5, #3
10000eee:	1959      	adds	r1, r3, r5
10000ef0:	68b2      	ldr	r2, [r6, #8]
10000ef2:	4b2a      	ldr	r3, [pc, #168]	; (10000f9c <add_alarm_under_lock.isra.0+0xfc>)
10000ef4:	4694      	mov	ip, r2
10000ef6:	4642      	mov	r2, r8
10000ef8:	18e3      	adds	r3, r4, r3
10000efa:	011b      	lsls	r3, r3, #4
10000efc:	4463      	add	r3, ip
10000efe:	601a      	str	r2, [r3, #0]
10000f00:	464a      	mov	r2, r9
10000f02:	605a      	str	r2, [r3, #4]
10000f04:	9a0a      	ldr	r2, [sp, #40]	; 0x28
10000f06:	609a      	str	r2, [r3, #8]
10000f08:	9a0b      	ldr	r2, [sp, #44]	; 0x2c
10000f0a:	60da      	str	r2, [r3, #12]
10000f0c:	2300      	movs	r3, #0
10000f0e:	708b      	strb	r3, [r1, #2]
10000f10:	704b      	strb	r3, [r1, #1]
10000f12:	700b      	strb	r3, [r1, #0]
10000f14:	7b7b      	ldrb	r3, [r7, #13]
10000f16:	469b      	mov	fp, r3
10000f18:	2b00      	cmp	r3, #0
10000f1a:	d02b      	beq.n	10000f74 <add_alarm_under_lock.isra.0+0xd4>
10000f1c:	0022      	movs	r2, r4
10000f1e:	4659      	mov	r1, fp
10000f20:	68b8      	ldr	r0, [r7, #8]
10000f22:	687b      	ldr	r3, [r7, #4]
10000f24:	4798      	blx	r3
10000f26:	683a      	ldr	r2, [r7, #0]
10000f28:	2800      	cmp	r0, #0
10000f2a:	d016      	beq.n	10000f5a <add_alarm_under_lock.isra.0+0xba>
10000f2c:	465b      	mov	r3, fp
10000f2e:	4658      	mov	r0, fp
10000f30:	005b      	lsls	r3, r3, #1
10000f32:	445b      	add	r3, fp
10000f34:	1955      	adds	r5, r2, r5
10000f36:	3b03      	subs	r3, #3
10000f38:	70a8      	strb	r0, [r5, #2]
10000f3a:	18d1      	adds	r1, r2, r3
10000f3c:	5cd3      	ldrb	r3, [r2, r3]
10000f3e:	2b00      	cmp	r3, #0
10000f40:	d000      	beq.n	10000f44 <add_alarm_under_lock.isra.0+0xa4>
10000f42:	706b      	strb	r3, [r5, #1]
10000f44:	465b      	mov	r3, fp
10000f46:	700c      	strb	r4, [r1, #0]
10000f48:	737b      	strb	r3, [r7, #13]
10000f4a:	45a3      	cmp	fp, r4
10000f4c:	d013      	beq.n	10000f76 <add_alarm_under_lock.isra.0+0xd6>
10000f4e:	bcf0      	pop	{r4, r5, r6, r7}
10000f50:	46bb      	mov	fp, r7
10000f52:	46b2      	mov	sl, r6
10000f54:	46a9      	mov	r9, r5
10000f56:	46a0      	mov	r8, r4
10000f58:	bdf8      	pop	{r3, r4, r5, r6, r7, pc}
10000f5a:	465b      	mov	r3, fp
10000f5c:	005b      	lsls	r3, r3, #1
10000f5e:	445b      	add	r3, fp
10000f60:	3b03      	subs	r3, #3
10000f62:	18d3      	adds	r3, r2, r3
10000f64:	709c      	strb	r4, [r3, #2]
10000f66:	1951      	adds	r1, r2, r5
10000f68:	5d52      	ldrb	r2, [r2, r5]
10000f6a:	2a00      	cmp	r2, #0
10000f6c:	d000      	beq.n	10000f70 <add_alarm_under_lock.isra.0+0xd0>
10000f6e:	705a      	strb	r2, [r3, #1]
10000f70:	465b      	mov	r3, fp
10000f72:	700b      	strb	r3, [r1, #0]
10000f74:	737c      	strb	r4, [r7, #13]
10000f76:	4642      	mov	r2, r8
10000f78:	464b      	mov	r3, r9
10000f7a:	7d30      	ldrb	r0, [r6, #20]
10000f7c:	f000 fbf4 	bl	10001768 <hardware_alarm_set_target>
10000f80:	1e05      	subs	r5, r0, #0
10000f82:	d006      	beq.n	10000f92 <add_alarm_under_lock.isra.0+0xf2>
10000f84:	4653      	mov	r3, sl
10000f86:	2b00      	cmp	r3, #0
10000f88:	d103      	bne.n	10000f92 <add_alarm_under_lock.isra.0+0xf2>
10000f8a:	0021      	movs	r1, r4
10000f8c:	6830      	ldr	r0, [r6, #0]
10000f8e:	f001 f907 	bl	100021a0 <ph_remove_and_free_node>
10000f92:	9b0e      	ldr	r3, [sp, #56]	; 0x38
10000f94:	2b00      	cmp	r3, #0
10000f96:	d0da      	beq.n	10000f4e <add_alarm_under_lock.isra.0+0xae>
10000f98:	701d      	strb	r5, [r3, #0]
10000f9a:	e7d8      	b.n	10000f4e <add_alarm_under_lock.isra.0+0xae>
10000f9c:	0fffffff 	.word	0x0fffffff

10000fa0 <alarm_pool_alarm_callback>:
10000fa0:	b5f0      	push	{r4, r5, r6, r7, lr}
10000fa2:	46de      	mov	lr, fp
10000fa4:	4657      	mov	r7, sl
10000fa6:	464e      	mov	r6, r9
10000fa8:	4645      	mov	r5, r8
10000faa:	2300      	movs	r3, #0
10000fac:	b5e0      	push	{r5, r6, r7, lr}
10000fae:	b08b      	sub	sp, #44	; 0x2c
10000fb0:	9308      	str	r3, [sp, #32]
10000fb2:	4b67      	ldr	r3, [pc, #412]	; (10001150 <alarm_pool_alarm_callback+0x1b0>)
10000fb4:	0082      	lsls	r2, r0, #2
10000fb6:	58d4      	ldr	r4, [r2, r3]
10000fb8:	2300      	movs	r3, #0
10000fba:	469b      	mov	fp, r3
10000fbc:	9009      	str	r0, [sp, #36]	; 0x24
10000fbe:	f000 fb15 	bl	100015ec <time_us_64>
10000fc2:	6862      	ldr	r2, [r4, #4]
10000fc4:	0006      	movs	r6, r0
10000fc6:	000f      	movs	r7, r1
10000fc8:	f3ef 8510 	mrs	r5, PRIMASK
10000fcc:	b672      	cpsid	i
10000fce:	6813      	ldr	r3, [r2, #0]
10000fd0:	2b00      	cmp	r3, #0
10000fd2:	d0fc      	beq.n	10000fce <alarm_pool_alarm_callback+0x2e>
10000fd4:	f3bf 8f5f 	dmb	sy
10000fd8:	6823      	ldr	r3, [r4, #0]
10000fda:	469c      	mov	ip, r3
10000fdc:	7b5b      	ldrb	r3, [r3, #13]
10000fde:	4699      	mov	r9, r3
10000fe0:	2b00      	cmp	r3, #0
10000fe2:	d100      	bne.n	10000fe6 <alarm_pool_alarm_callback+0x46>
10000fe4:	e069      	b.n	100010ba <alarm_pool_alarm_callback+0x11a>
10000fe6:	68a2      	ldr	r2, [r4, #8]
10000fe8:	4b5a      	ldr	r3, [pc, #360]	; (10001154 <alarm_pool_alarm_callback+0x1b4>)
10000fea:	4690      	mov	r8, r2
10000fec:	444b      	add	r3, r9
10000fee:	011b      	lsls	r3, r3, #4
10000ff0:	4498      	add	r8, r3
10000ff2:	4643      	mov	r3, r8
10000ff4:	681a      	ldr	r2, [r3, #0]
10000ff6:	685b      	ldr	r3, [r3, #4]
10000ff8:	0010      	movs	r0, r2
10000ffa:	0019      	movs	r1, r3
10000ffc:	1b80      	subs	r0, r0, r6
10000ffe:	41b9      	sbcs	r1, r7
10001000:	2900      	cmp	r1, #0
10001002:	dc00      	bgt.n	10001006 <alarm_pool_alarm_callback+0x66>
10001004:	e063      	b.n	100010ce <alarm_pool_alarm_callback+0x12e>
10001006:	9809      	ldr	r0, [sp, #36]	; 0x24
10001008:	f000 fbae 	bl	10001768 <hardware_alarm_set_target>
1000100c:	2300      	movs	r3, #0
1000100e:	2200      	movs	r2, #0
10001010:	4698      	mov	r8, r3
10001012:	2300      	movs	r3, #0
10001014:	9206      	str	r2, [sp, #24]
10001016:	9307      	str	r3, [sp, #28]
10001018:	2300      	movs	r3, #0
1000101a:	469a      	mov	sl, r3
1000101c:	6863      	ldr	r3, [r4, #4]
1000101e:	f3bf 8f5f 	dmb	sy
10001022:	465a      	mov	r2, fp
10001024:	601a      	str	r2, [r3, #0]
10001026:	f385 8810 	msr	PRIMASK, r5
1000102a:	4653      	mov	r3, sl
1000102c:	2b00      	cmp	r3, #0
1000102e:	d108      	bne.n	10001042 <alarm_pool_alarm_callback+0xa2>
10001030:	2800      	cmp	r0, #0
10001032:	d1c4      	bne.n	10000fbe <alarm_pool_alarm_callback+0x1e>
10001034:	b00b      	add	sp, #44	; 0x2c
10001036:	bcf0      	pop	{r4, r5, r6, r7}
10001038:	46bb      	mov	fp, r7
1000103a:	46b2      	mov	sl, r6
1000103c:	46a9      	mov	r9, r5
1000103e:	46a0      	mov	r8, r4
10001040:	bdf0      	pop	{r4, r5, r6, r7, pc}
10001042:	9b08      	ldr	r3, [sp, #32]
10001044:	4641      	mov	r1, r8
10001046:	0218      	lsls	r0, r3, #8
10001048:	464b      	mov	r3, r9
1000104a:	4318      	orrs	r0, r3
1000104c:	47d0      	blx	sl
1000104e:	6862      	ldr	r2, [r4, #4]
10001050:	0006      	movs	r6, r0
10001052:	000f      	movs	r7, r1
10001054:	f3ef 8510 	mrs	r5, PRIMASK
10001058:	b672      	cpsid	i
1000105a:	6813      	ldr	r3, [r2, #0]
1000105c:	2b00      	cmp	r3, #0
1000105e:	d0fc      	beq.n	1000105a <alarm_pool_alarm_callback+0xba>
10001060:	f3bf 8f5f 	dmb	sy
10001064:	2f00      	cmp	r7, #0
10001066:	db50      	blt.n	1000110a <alarm_pool_alarm_callback+0x16a>
10001068:	0033      	movs	r3, r6
1000106a:	433b      	orrs	r3, r7
1000106c:	d002      	beq.n	10001074 <alarm_pool_alarm_callback+0xd4>
1000106e:	6923      	ldr	r3, [r4, #16]
10001070:	2b00      	cmp	r3, #0
10001072:	d161      	bne.n	10001138 <alarm_pool_alarm_callback+0x198>
10001074:	6823      	ldr	r3, [r4, #0]
10001076:	7bd9      	ldrb	r1, [r3, #15]
10001078:	2900      	cmp	r1, #0
1000107a:	d007      	beq.n	1000108c <alarm_pool_alarm_callback+0xec>
1000107c:	004a      	lsls	r2, r1, #1
1000107e:	1852      	adds	r2, r2, r1
10001080:	6819      	ldr	r1, [r3, #0]
10001082:	468c      	mov	ip, r1
10001084:	4649      	mov	r1, r9
10001086:	4462      	add	r2, ip
10001088:	3a03      	subs	r2, #3
1000108a:	7051      	strb	r1, [r2, #1]
1000108c:	7b9a      	ldrb	r2, [r3, #14]
1000108e:	2a00      	cmp	r2, #0
10001090:	d101      	bne.n	10001096 <alarm_pool_alarm_callback+0xf6>
10001092:	464a      	mov	r2, r9
10001094:	739a      	strb	r2, [r3, #14]
10001096:	464a      	mov	r2, r9
10001098:	73da      	strb	r2, [r3, #15]
1000109a:	464b      	mov	r3, r9
1000109c:	68e1      	ldr	r1, [r4, #12]
1000109e:	3b01      	subs	r3, #1
100010a0:	5cca      	ldrb	r2, [r1, r3]
100010a2:	3201      	adds	r2, #1
100010a4:	54ca      	strb	r2, [r1, r3]
100010a6:	465b      	mov	r3, fp
100010a8:	6123      	str	r3, [r4, #16]
100010aa:	6863      	ldr	r3, [r4, #4]
100010ac:	f3bf 8f5f 	dmb	sy
100010b0:	465a      	mov	r2, fp
100010b2:	601a      	str	r2, [r3, #0]
100010b4:	f385 8810 	msr	PRIMASK, r5
100010b8:	e781      	b.n	10000fbe <alarm_pool_alarm_callback+0x1e>
100010ba:	2300      	movs	r3, #0
100010bc:	2200      	movs	r2, #0
100010be:	4698      	mov	r8, r3
100010c0:	2300      	movs	r3, #0
100010c2:	9206      	str	r2, [sp, #24]
100010c4:	9307      	str	r3, [sp, #28]
100010c6:	2300      	movs	r3, #0
100010c8:	2000      	movs	r0, #0
100010ca:	469a      	mov	sl, r3
100010cc:	e7a6      	b.n	1000101c <alarm_pool_alarm_callback+0x7c>
100010ce:	2900      	cmp	r1, #0
100010d0:	d102      	bne.n	100010d8 <alarm_pool_alarm_callback+0x138>
100010d2:	2800      	cmp	r0, #0
100010d4:	d000      	beq.n	100010d8 <alarm_pool_alarm_callback+0x138>
100010d6:	e796      	b.n	10001006 <alarm_pool_alarm_callback+0x66>
100010d8:	2100      	movs	r1, #0
100010da:	4660      	mov	r0, ip
100010dc:	f000 ffde 	bl	1000209c <ph_remove_head>
100010e0:	4643      	mov	r3, r8
100010e2:	681a      	ldr	r2, [r3, #0]
100010e4:	685b      	ldr	r3, [r3, #4]
100010e6:	9206      	str	r2, [sp, #24]
100010e8:	9307      	str	r3, [sp, #28]
100010ea:	4643      	mov	r3, r8
100010ec:	689b      	ldr	r3, [r3, #8]
100010ee:	469a      	mov	sl, r3
100010f0:	4643      	mov	r3, r8
100010f2:	68db      	ldr	r3, [r3, #12]
100010f4:	4698      	mov	r8, r3
100010f6:	68e3      	ldr	r3, [r4, #12]
100010f8:	444b      	add	r3, r9
100010fa:	3b01      	subs	r3, #1
100010fc:	781b      	ldrb	r3, [r3, #0]
100010fe:	9308      	str	r3, [sp, #32]
10001100:	021b      	lsls	r3, r3, #8
10001102:	4303      	orrs	r3, r0
10001104:	6123      	str	r3, [r4, #16]
10001106:	2000      	movs	r0, #0
10001108:	e788      	b.n	1000101c <alarm_pool_alarm_callback+0x7c>
1000110a:	6923      	ldr	r3, [r4, #16]
1000110c:	2b00      	cmp	r3, #0
1000110e:	d0b1      	beq.n	10001074 <alarm_pool_alarm_callback+0xd4>
10001110:	9a06      	ldr	r2, [sp, #24]
10001112:	9b07      	ldr	r3, [sp, #28]
10001114:	1b92      	subs	r2, r2, r6
10001116:	41bb      	sbcs	r3, r7
10001118:	2b00      	cmp	r3, #0
1000111a:	db15      	blt.n	10001148 <alarm_pool_alarm_callback+0x1a8>
1000111c:	4659      	mov	r1, fp
1000111e:	9104      	str	r1, [sp, #16]
10001120:	2101      	movs	r1, #1
10001122:	9103      	str	r1, [sp, #12]
10001124:	4649      	mov	r1, r9
10001126:	9102      	str	r1, [sp, #8]
10001128:	4641      	mov	r1, r8
1000112a:	9101      	str	r1, [sp, #4]
1000112c:	4651      	mov	r1, sl
1000112e:	0020      	movs	r0, r4
10001130:	9100      	str	r1, [sp, #0]
10001132:	f7ff feb5 	bl	10000ea0 <add_alarm_under_lock.isra.0>
10001136:	e7b6      	b.n	100010a6 <alarm_pool_alarm_callback+0x106>
10001138:	f000 fa58 	bl	100015ec <time_us_64>
1000113c:	0032      	movs	r2, r6
1000113e:	003b      	movs	r3, r7
10001140:	1812      	adds	r2, r2, r0
10001142:	414b      	adcs	r3, r1
10001144:	2b00      	cmp	r3, #0
10001146:	dae9      	bge.n	1000111c <alarm_pool_alarm_callback+0x17c>
10001148:	2201      	movs	r2, #1
1000114a:	4b03      	ldr	r3, [pc, #12]	; (10001158 <alarm_pool_alarm_callback+0x1b8>)
1000114c:	4252      	negs	r2, r2
1000114e:	e7e5      	b.n	1000111c <alarm_pool_alarm_callback+0x17c>
10001150:	20001d5c 	.word	0x20001d5c
10001154:	0fffffff 	.word	0x0fffffff
10001158:	7fffffff 	.word	0x7fffffff

1000115c <alarm_pool_init_default>:
1000115c:	b510      	push	{r4, lr}
1000115e:	4c14      	ldr	r4, [pc, #80]	; (100011b0 <alarm_pool_init_default+0x54>)
10001160:	6863      	ldr	r3, [r4, #4]
10001162:	2b00      	cmp	r3, #0
10001164:	d004      	beq.n	10001170 <alarm_pool_init_default+0x14>
10001166:	210a      	movs	r1, #10
10001168:	4812      	ldr	r0, [pc, #72]	; (100011b4 <alarm_pool_init_default+0x58>)
1000116a:	f000 fe3f 	bl	10001dec <lock_init>
1000116e:	bd10      	pop	{r4, pc}
10001170:	0023      	movs	r3, r4
10001172:	4a11      	ldr	r2, [pc, #68]	; (100011b8 <alarm_pool_init_default+0x5c>)
10001174:	2110      	movs	r1, #16
10001176:	6820      	ldr	r0, [r4, #0]
10001178:	f000 feaa 	bl	10001ed0 <ph_post_alloc_init>
1000117c:	2003      	movs	r0, #3
1000117e:	f000 fa29 	bl	100015d4 <hardware_alarm_claim>
10001182:	2003      	movs	r0, #3
10001184:	f000 fb5a 	bl	1000183c <hardware_alarm_cancel>
10001188:	2003      	movs	r0, #3
1000118a:	490c      	ldr	r1, [pc, #48]	; (100011bc <alarm_pool_init_default+0x60>)
1000118c:	f000 faa6 	bl	100016dc <hardware_alarm_set_callback>
10001190:	f7ff fe38 	bl	10000e04 <next_striped_spin_lock_num>
10001194:	4b0a      	ldr	r3, [pc, #40]	; (100011c0 <alarm_pool_init_default+0x64>)
10001196:	469c      	mov	ip, r3
10001198:	2303      	movs	r3, #3
1000119a:	7523      	strb	r3, [r4, #20]
1000119c:	23d0      	movs	r3, #208	; 0xd0
1000119e:	061b      	lsls	r3, r3, #24
100011a0:	681b      	ldr	r3, [r3, #0]
100011a2:	4460      	add	r0, ip
100011a4:	7563      	strb	r3, [r4, #21]
100011a6:	4b07      	ldr	r3, [pc, #28]	; (100011c4 <alarm_pool_init_default+0x68>)
100011a8:	0080      	lsls	r0, r0, #2
100011aa:	6060      	str	r0, [r4, #4]
100011ac:	60dc      	str	r4, [r3, #12]
100011ae:	e7da      	b.n	10001166 <alarm_pool_init_default+0xa>
100011b0:	20000ec4 	.word	0x20000ec4
100011b4:	20001dc0 	.word	0x20001dc0
100011b8:	10000e3d 	.word	0x10000e3d
100011bc:	10000fa1 	.word	0x10000fa1
100011c0:	34000040 	.word	0x34000040
100011c4:	20001d5c 	.word	0x20001d5c

100011c8 <alarm_pool_get_default>:
100011c8:	4800      	ldr	r0, [pc, #0]	; (100011cc <alarm_pool_get_default+0x4>)
100011ca:	4770      	bx	lr
100011cc:	20000ec4 	.word	0x20000ec4

100011d0 <alarm_pool_add_alarm_at>:
100011d0:	b5f0      	push	{r4, r5, r6, r7, lr}
100011d2:	464e      	mov	r6, r9
100011d4:	4645      	mov	r5, r8
100011d6:	46de      	mov	lr, fp
100011d8:	4657      	mov	r7, sl
100011da:	b5e0      	push	{r5, r6, r7, lr}
100011dc:	b085      	sub	sp, #20
100011de:	9301      	str	r3, [sp, #4]
100011e0:	ab10      	add	r3, sp, #64	; 0x40
100011e2:	781b      	ldrb	r3, [r3, #0]
100011e4:	0006      	movs	r6, r0
100011e6:	9303      	str	r3, [sp, #12]
100011e8:	2300      	movs	r3, #0
100011ea:	4699      	mov	r9, r3
100011ec:	4698      	mov	r8, r3
100011ee:	9200      	str	r2, [sp, #0]
100011f0:	6872      	ldr	r2, [r6, #4]
100011f2:	f3ef 8b10 	mrs	fp, PRIMASK
100011f6:	b672      	cpsid	i
100011f8:	6813      	ldr	r3, [r2, #0]
100011fa:	2b00      	cmp	r3, #0
100011fc:	d0fc      	beq.n	100011f8 <alarm_pool_add_alarm_at+0x28>
100011fe:	f3bf 8f5f 	dmb	sy
10001202:	6835      	ldr	r5, [r6, #0]
10001204:	7bac      	ldrb	r4, [r5, #14]
10001206:	2c00      	cmp	r4, #0
10001208:	d03d      	beq.n	10001286 <alarm_pool_add_alarm_at+0xb6>
1000120a:	0067      	lsls	r7, r4, #1
1000120c:	682b      	ldr	r3, [r5, #0]
1000120e:	193f      	adds	r7, r7, r4
10001210:	3f03      	subs	r7, #3
10001212:	19db      	adds	r3, r3, r7
10001214:	785a      	ldrb	r2, [r3, #1]
10001216:	73aa      	strb	r2, [r5, #14]
10001218:	2a00      	cmp	r2, #0
1000121a:	d100      	bne.n	1000121e <alarm_pool_add_alarm_at+0x4e>
1000121c:	73ea      	strb	r2, [r5, #15]
1000121e:	68b1      	ldr	r1, [r6, #8]
10001220:	4a47      	ldr	r2, [pc, #284]	; (10001340 <alarm_pool_add_alarm_at+0x170>)
10001222:	468c      	mov	ip, r1
10001224:	9800      	ldr	r0, [sp, #0]
10001226:	9901      	ldr	r1, [sp, #4]
10001228:	18a2      	adds	r2, r4, r2
1000122a:	0112      	lsls	r2, r2, #4
1000122c:	4462      	add	r2, ip
1000122e:	6010      	str	r0, [r2, #0]
10001230:	6051      	str	r1, [r2, #4]
10001232:	990e      	ldr	r1, [sp, #56]	; 0x38
10001234:	6091      	str	r1, [r2, #8]
10001236:	990f      	ldr	r1, [sp, #60]	; 0x3c
10001238:	60d1      	str	r1, [r2, #12]
1000123a:	4642      	mov	r2, r8
1000123c:	709a      	strb	r2, [r3, #2]
1000123e:	705a      	strb	r2, [r3, #1]
10001240:	701a      	strb	r2, [r3, #0]
10001242:	7b6b      	ldrb	r3, [r5, #13]
10001244:	469a      	mov	sl, r3
10001246:	2b00      	cmp	r3, #0
10001248:	d067      	beq.n	1000131a <alarm_pool_add_alarm_at+0x14a>
1000124a:	0022      	movs	r2, r4
1000124c:	0019      	movs	r1, r3
1000124e:	68a8      	ldr	r0, [r5, #8]
10001250:	686b      	ldr	r3, [r5, #4]
10001252:	4798      	blx	r3
10001254:	682a      	ldr	r2, [r5, #0]
10001256:	2800      	cmp	r0, #0
10001258:	d052      	beq.n	10001300 <alarm_pool_add_alarm_at+0x130>
1000125a:	4653      	mov	r3, sl
1000125c:	4650      	mov	r0, sl
1000125e:	005b      	lsls	r3, r3, #1
10001260:	4453      	add	r3, sl
10001262:	19d7      	adds	r7, r2, r7
10001264:	3b03      	subs	r3, #3
10001266:	70b8      	strb	r0, [r7, #2]
10001268:	18d1      	adds	r1, r2, r3
1000126a:	5cd3      	ldrb	r3, [r2, r3]
1000126c:	2b00      	cmp	r3, #0
1000126e:	d000      	beq.n	10001272 <alarm_pool_add_alarm_at+0xa2>
10001270:	707b      	strb	r3, [r7, #1]
10001272:	4653      	mov	r3, sl
10001274:	700c      	strb	r4, [r1, #0]
10001276:	736b      	strb	r3, [r5, #13]
10001278:	4554      	cmp	r4, sl
1000127a:	d04f      	beq.n	1000131c <alarm_pool_add_alarm_at+0x14c>
1000127c:	68f3      	ldr	r3, [r6, #12]
1000127e:	191b      	adds	r3, r3, r4
10001280:	3b01      	subs	r3, #1
10001282:	7818      	ldrb	r0, [r3, #0]
10001284:	e000      	b.n	10001288 <alarm_pool_add_alarm_at+0xb8>
10001286:	2000      	movs	r0, #0
10001288:	6873      	ldr	r3, [r6, #4]
1000128a:	f3bf 8f5f 	dmb	sy
1000128e:	4642      	mov	r2, r8
10001290:	601a      	str	r2, [r3, #0]
10001292:	f38b 8810 	msr	PRIMASK, fp
10001296:	2c00      	cmp	r4, #0
10001298:	d04f      	beq.n	1000133a <alarm_pool_add_alarm_at+0x16a>
1000129a:	464b      	mov	r3, r9
1000129c:	2b00      	cmp	r3, #0
1000129e:	d108      	bne.n	100012b2 <alarm_pool_add_alarm_at+0xe2>
100012a0:	0200      	lsls	r0, r0, #8
100012a2:	4320      	orrs	r0, r4
100012a4:	b005      	add	sp, #20
100012a6:	bcf0      	pop	{r4, r5, r6, r7}
100012a8:	46bb      	mov	fp, r7
100012aa:	46b2      	mov	sl, r6
100012ac:	46a9      	mov	r9, r5
100012ae:	46a0      	mov	r8, r4
100012b0:	bdf0      	pop	{r4, r5, r6, r7, pc}
100012b2:	9b03      	ldr	r3, [sp, #12]
100012b4:	2b00      	cmp	r3, #0
100012b6:	d03e      	beq.n	10001336 <alarm_pool_add_alarm_at+0x166>
100012b8:	9b0e      	ldr	r3, [sp, #56]	; 0x38
100012ba:	2000      	movs	r0, #0
100012bc:	990f      	ldr	r1, [sp, #60]	; 0x3c
100012be:	4798      	blx	r3
100012c0:	0003      	movs	r3, r0
100012c2:	0004      	movs	r4, r0
100012c4:	000d      	movs	r5, r1
100012c6:	430b      	orrs	r3, r1
100012c8:	d035      	beq.n	10001336 <alarm_pool_add_alarm_at+0x166>
100012ca:	2900      	cmp	r1, #0
100012cc:	da0a      	bge.n	100012e4 <alarm_pool_add_alarm_at+0x114>
100012ce:	9a00      	ldr	r2, [sp, #0]
100012d0:	9b01      	ldr	r3, [sp, #4]
100012d2:	1b12      	subs	r2, r2, r4
100012d4:	41ab      	sbcs	r3, r5
100012d6:	9200      	str	r2, [sp, #0]
100012d8:	9301      	str	r3, [sp, #4]
100012da:	2b00      	cmp	r3, #0
100012dc:	db0a      	blt.n	100012f4 <alarm_pool_add_alarm_at+0x124>
100012de:	9b03      	ldr	r3, [sp, #12]
100012e0:	4699      	mov	r9, r3
100012e2:	e785      	b.n	100011f0 <alarm_pool_add_alarm_at+0x20>
100012e4:	f000 f982 	bl	100015ec <time_us_64>
100012e8:	1824      	adds	r4, r4, r0
100012ea:	414d      	adcs	r5, r1
100012ec:	9400      	str	r4, [sp, #0]
100012ee:	9501      	str	r5, [sp, #4]
100012f0:	2d00      	cmp	r5, #0
100012f2:	daf4      	bge.n	100012de <alarm_pool_add_alarm_at+0x10e>
100012f4:	2301      	movs	r3, #1
100012f6:	4c13      	ldr	r4, [pc, #76]	; (10001344 <alarm_pool_add_alarm_at+0x174>)
100012f8:	425b      	negs	r3, r3
100012fa:	9300      	str	r3, [sp, #0]
100012fc:	9401      	str	r4, [sp, #4]
100012fe:	e7ee      	b.n	100012de <alarm_pool_add_alarm_at+0x10e>
10001300:	4653      	mov	r3, sl
10001302:	005b      	lsls	r3, r3, #1
10001304:	4453      	add	r3, sl
10001306:	3b03      	subs	r3, #3
10001308:	18d3      	adds	r3, r2, r3
1000130a:	709c      	strb	r4, [r3, #2]
1000130c:	19d1      	adds	r1, r2, r7
1000130e:	5dd2      	ldrb	r2, [r2, r7]
10001310:	2a00      	cmp	r2, #0
10001312:	d000      	beq.n	10001316 <alarm_pool_add_alarm_at+0x146>
10001314:	705a      	strb	r2, [r3, #1]
10001316:	4653      	mov	r3, sl
10001318:	700b      	strb	r3, [r1, #0]
1000131a:	736c      	strb	r4, [r5, #13]
1000131c:	7d30      	ldrb	r0, [r6, #20]
1000131e:	9a00      	ldr	r2, [sp, #0]
10001320:	9b01      	ldr	r3, [sp, #4]
10001322:	f000 fa21 	bl	10001768 <hardware_alarm_set_target>
10001326:	4681      	mov	r9, r0
10001328:	2800      	cmp	r0, #0
1000132a:	d0a7      	beq.n	1000127c <alarm_pool_add_alarm_at+0xac>
1000132c:	0021      	movs	r1, r4
1000132e:	6830      	ldr	r0, [r6, #0]
10001330:	f000 ff36 	bl	100021a0 <ph_remove_and_free_node>
10001334:	e7a2      	b.n	1000127c <alarm_pool_add_alarm_at+0xac>
10001336:	2000      	movs	r0, #0
10001338:	e7b4      	b.n	100012a4 <alarm_pool_add_alarm_at+0xd4>
1000133a:	2001      	movs	r0, #1
1000133c:	4240      	negs	r0, r0
1000133e:	e7b1      	b.n	100012a4 <alarm_pool_add_alarm_at+0xd4>
10001340:	0fffffff 	.word	0x0fffffff
10001344:	7fffffff 	.word	0x7fffffff

10001348 <alarm_pool_core_num>:
10001348:	7d40      	ldrb	r0, [r0, #21]
1000134a:	4770      	bx	lr

1000134c <sleep_until>:
1000134c:	b5f0      	push	{r4, r5, r6, r7, lr}
1000134e:	0004      	movs	r4, r0
10001350:	000d      	movs	r5, r1
10001352:	2606      	movs	r6, #6
10001354:	4276      	negs	r6, r6
10001356:	17f7      	asrs	r7, r6, #31
10001358:	46c6      	mov	lr, r8
1000135a:	1936      	adds	r6, r6, r4
1000135c:	416f      	adcs	r7, r5
1000135e:	b500      	push	{lr}
10001360:	b084      	sub	sp, #16
10001362:	428f      	cmp	r7, r1
10001364:	d814      	bhi.n	10001390 <sleep_until+0x44>
10001366:	d011      	beq.n	1000138c <sleep_until+0x40>
10001368:	f000 f940 	bl	100015ec <time_us_64>
1000136c:	0032      	movs	r2, r6
1000136e:	003b      	movs	r3, r7
10001370:	1a12      	subs	r2, r2, r0
10001372:	418b      	sbcs	r3, r1
10001374:	2b00      	cmp	r3, #0
10001376:	dc15      	bgt.n	100013a4 <sleep_until+0x58>
10001378:	2b00      	cmp	r3, #0
1000137a:	d03e      	beq.n	100013fa <sleep_until+0xae>
1000137c:	0020      	movs	r0, r4
1000137e:	0029      	movs	r1, r5
10001380:	f000 f99c 	bl	100016bc <busy_wait_until>
10001384:	b004      	add	sp, #16
10001386:	bc80      	pop	{r7}
10001388:	46b8      	mov	r8, r7
1000138a:	bdf0      	pop	{r4, r5, r6, r7, pc}
1000138c:	4286      	cmp	r6, r0
1000138e:	d9eb      	bls.n	10001368 <sleep_until+0x1c>
10001390:	2600      	movs	r6, #0
10001392:	2700      	movs	r7, #0
10001394:	f000 f92a 	bl	100015ec <time_us_64>
10001398:	0032      	movs	r2, r6
1000139a:	003b      	movs	r3, r7
1000139c:	1a12      	subs	r2, r2, r0
1000139e:	418b      	sbcs	r3, r1
100013a0:	2b00      	cmp	r3, #0
100013a2:	dde9      	ble.n	10001378 <sleep_until+0x2c>
100013a4:	2300      	movs	r3, #0
100013a6:	9302      	str	r3, [sp, #8]
100013a8:	9301      	str	r3, [sp, #4]
100013aa:	4b15      	ldr	r3, [pc, #84]	; (10001400 <sleep_until+0xb4>)
100013ac:	0032      	movs	r2, r6
100013ae:	9300      	str	r3, [sp, #0]
100013b0:	4814      	ldr	r0, [pc, #80]	; (10001404 <sleep_until+0xb8>)
100013b2:	003b      	movs	r3, r7
100013b4:	f7ff ff0c 	bl	100011d0 <alarm_pool_add_alarm_at>
100013b8:	2800      	cmp	r0, #0
100013ba:	dbdf      	blt.n	1000137c <sleep_until+0x30>
100013bc:	2300      	movs	r3, #0
100013be:	4698      	mov	r8, r3
100013c0:	46bc      	mov	ip, r7
100013c2:	4a11      	ldr	r2, [pc, #68]	; (10001408 <sleep_until+0xbc>)
100013c4:	4f11      	ldr	r7, [pc, #68]	; (1000140c <sleep_until+0xc0>)
100013c6:	6a7b      	ldr	r3, [r7, #36]	; 0x24
100013c8:	459c      	cmp	ip, r3
100013ca:	d804      	bhi.n	100013d6 <sleep_until+0x8a>
100013cc:	6ab9      	ldr	r1, [r7, #40]	; 0x28
100013ce:	428e      	cmp	r6, r1
100013d0:	d9d4      	bls.n	1000137c <sleep_until+0x30>
100013d2:	459c      	cmp	ip, r3
100013d4:	d1d2      	bne.n	1000137c <sleep_until+0x30>
100013d6:	6811      	ldr	r1, [r2, #0]
100013d8:	f3ef 8010 	mrs	r0, PRIMASK
100013dc:	b672      	cpsid	i
100013de:	680b      	ldr	r3, [r1, #0]
100013e0:	2b00      	cmp	r3, #0
100013e2:	d0fc      	beq.n	100013de <sleep_until+0x92>
100013e4:	f3bf 8f5f 	dmb	sy
100013e8:	6813      	ldr	r3, [r2, #0]
100013ea:	f3bf 8f5f 	dmb	sy
100013ee:	4641      	mov	r1, r8
100013f0:	6019      	str	r1, [r3, #0]
100013f2:	f380 8810 	msr	PRIMASK, r0
100013f6:	bf20      	wfe
100013f8:	e7e5      	b.n	100013c6 <sleep_until+0x7a>
100013fa:	2a00      	cmp	r2, #0
100013fc:	d0be      	beq.n	1000137c <sleep_until+0x30>
100013fe:	e7d1      	b.n	100013a4 <sleep_until+0x58>
10001400:	10000e71 	.word	0x10000e71
10001404:	20000ec4 	.word	0x20000ec4
10001408:	20001dc0 	.word	0x20001dc0
1000140c:	40054000 	.word	0x40054000

10001410 <sleep_ms>:
10001410:	b570      	push	{r4, r5, r6, lr}
10001412:	0006      	movs	r6, r0
10001414:	f000 f8ea 	bl	100015ec <time_us_64>
10001418:	22fa      	movs	r2, #250	; 0xfa
1000141a:	0004      	movs	r4, r0
1000141c:	000d      	movs	r5, r1
1000141e:	2300      	movs	r3, #0
10001420:	0030      	movs	r0, r6
10001422:	2100      	movs	r1, #0
10001424:	0092      	lsls	r2, r2, #2
10001426:	f003 fd33 	bl	10004e90 <__wrap___aeabi_lmul>
1000142a:	1900      	adds	r0, r0, r4
1000142c:	4169      	adcs	r1, r5
1000142e:	2900      	cmp	r1, #0
10001430:	db02      	blt.n	10001438 <sleep_ms+0x28>
10001432:	f7ff ff8b 	bl	1000134c <sleep_until>
10001436:	bd70      	pop	{r4, r5, r6, pc}
10001438:	2001      	movs	r0, #1
1000143a:	4901      	ldr	r1, [pc, #4]	; (10001440 <sleep_ms+0x30>)
1000143c:	4240      	negs	r0, r0
1000143e:	e7f8      	b.n	10001432 <sleep_ms+0x22>
10001440:	7fffffff 	.word	0x7fffffff

10001444 <best_effort_wfe_or_timeout>:
10001444:	b5f0      	push	{r4, r5, r6, r7, lr}
10001446:	f3ef 8305 	mrs	r3, IPSR
1000144a:	46ce      	mov	lr, r9
1000144c:	4647      	mov	r7, r8
1000144e:	b580      	push	{r7, lr}
10001450:	0005      	movs	r5, r0
10001452:	000c      	movs	r4, r1
10001454:	b085      	sub	sp, #20
10001456:	2b00      	cmp	r3, #0
10001458:	d012      	beq.n	10001480 <best_effort_wfe_or_timeout+0x3c>
1000145a:	4a2c      	ldr	r2, [pc, #176]	; (1000150c <best_effort_wfe_or_timeout+0xc8>)
1000145c:	2000      	movs	r0, #0
1000145e:	6a53      	ldr	r3, [r2, #36]	; 0x24
10001460:	429c      	cmp	r4, r3
10001462:	d803      	bhi.n	1000146c <best_effort_wfe_or_timeout+0x28>
10001464:	6a92      	ldr	r2, [r2, #40]	; 0x28
10001466:	3001      	adds	r0, #1
10001468:	42aa      	cmp	r2, r5
1000146a:	d304      	bcc.n	10001476 <best_effort_wfe_or_timeout+0x32>
1000146c:	b005      	add	sp, #20
1000146e:	bcc0      	pop	{r6, r7}
10001470:	46b9      	mov	r9, r7
10001472:	46b0      	mov	r8, r6
10001474:	bdf0      	pop	{r4, r5, r6, r7, pc}
10001476:	1ae0      	subs	r0, r4, r3
10001478:	1e42      	subs	r2, r0, #1
1000147a:	4190      	sbcs	r0, r2
1000147c:	b2c0      	uxtb	r0, r0
1000147e:	e7f5      	b.n	1000146c <best_effort_wfe_or_timeout+0x28>
10001480:	4e23      	ldr	r6, [pc, #140]	; (10001510 <best_effort_wfe_or_timeout+0xcc>)
10001482:	9302      	str	r3, [sp, #8]
10001484:	9301      	str	r3, [sp, #4]
10001486:	4b23      	ldr	r3, [pc, #140]	; (10001514 <best_effort_wfe_or_timeout+0xd0>)
10001488:	0002      	movs	r2, r0
1000148a:	9300      	str	r3, [sp, #0]
1000148c:	0030      	movs	r0, r6
1000148e:	000b      	movs	r3, r1
10001490:	f7ff fe9e 	bl	100011d0 <alarm_pool_add_alarm_at>
10001494:	1e03      	subs	r3, r0, #0
10001496:	dde0      	ble.n	1000145a <best_effort_wfe_or_timeout+0x16>
10001498:	bf20      	wfe
1000149a:	6871      	ldr	r1, [r6, #4]
1000149c:	f3ef 8710 	mrs	r7, PRIMASK
100014a0:	b672      	cpsid	i
100014a2:	680a      	ldr	r2, [r1, #0]
100014a4:	2a00      	cmp	r2, #0
100014a6:	d0fc      	beq.n	100014a2 <best_effort_wfe_or_timeout+0x5e>
100014a8:	f3bf 8f5f 	dmb	sy
100014ac:	b2da      	uxtb	r2, r3
100014ae:	4694      	mov	ip, r2
100014b0:	6830      	ldr	r0, [r6, #0]
100014b2:	7b42      	ldrb	r2, [r0, #13]
100014b4:	4562      	cmp	r2, ip
100014b6:	d01d      	beq.n	100014f4 <best_effort_wfe_or_timeout+0xb0>
100014b8:	22ff      	movs	r2, #255	; 0xff
100014ba:	401a      	ands	r2, r3
100014bc:	0051      	lsls	r1, r2, #1
100014be:	4689      	mov	r9, r1
100014c0:	6801      	ldr	r1, [r0, #0]
100014c2:	4491      	add	r9, r2
100014c4:	4688      	mov	r8, r1
100014c6:	4649      	mov	r1, r9
100014c8:	4441      	add	r1, r8
100014ca:	3903      	subs	r1, #3
100014cc:	7889      	ldrb	r1, [r1, #2]
100014ce:	2900      	cmp	r1, #0
100014d0:	d013      	beq.n	100014fa <best_effort_wfe_or_timeout+0xb6>
100014d2:	68f1      	ldr	r1, [r6, #12]
100014d4:	0a1b      	lsrs	r3, r3, #8
100014d6:	4688      	mov	r8, r1
100014d8:	4442      	add	r2, r8
100014da:	3a01      	subs	r2, #1
100014dc:	7812      	ldrb	r2, [r2, #0]
100014de:	b2db      	uxtb	r3, r3
100014e0:	429a      	cmp	r2, r3
100014e2:	d00f      	beq.n	10001504 <best_effort_wfe_or_timeout+0xc0>
100014e4:	6873      	ldr	r3, [r6, #4]
100014e6:	f3bf 8f5f 	dmb	sy
100014ea:	2200      	movs	r2, #0
100014ec:	601a      	str	r2, [r3, #0]
100014ee:	f387 8810 	msr	PRIMASK, r7
100014f2:	e7b2      	b.n	1000145a <best_effort_wfe_or_timeout+0x16>
100014f4:	22ff      	movs	r2, #255	; 0xff
100014f6:	401a      	ands	r2, r3
100014f8:	e7eb      	b.n	100014d2 <best_effort_wfe_or_timeout+0x8e>
100014fa:	6932      	ldr	r2, [r6, #16]
100014fc:	4293      	cmp	r3, r2
100014fe:	d1f1      	bne.n	100014e4 <best_effort_wfe_or_timeout+0xa0>
10001500:	6131      	str	r1, [r6, #16]
10001502:	e7ef      	b.n	100014e4 <best_effort_wfe_or_timeout+0xa0>
10001504:	4661      	mov	r1, ip
10001506:	f000 fe4b 	bl	100021a0 <ph_remove_and_free_node>
1000150a:	e7eb      	b.n	100014e4 <best_effort_wfe_or_timeout+0xa0>
1000150c:	40054000 	.word	0x40054000
10001510:	20000ec4 	.word	0x20000ec4
10001514:	10000e71 	.word	0x10000e71

10001518 <hardware_alarm_irq_handler>:
10001518:	b5f0      	push	{r4, r5, r6, r7, lr}
1000151a:	f3ef 8205 	mrs	r2, IPSR
1000151e:	46d6      	mov	lr, sl
10001520:	464f      	mov	r7, r9
10001522:	4646      	mov	r6, r8
10001524:	0010      	movs	r0, r2
10001526:	b5c0      	push	{r6, r7, lr}
10001528:	3810      	subs	r0, #16
1000152a:	f3ef 8810 	mrs	r8, PRIMASK
1000152e:	b672      	cpsid	i
10001530:	4c21      	ldr	r4, [pc, #132]	; (100015b8 <hardware_alarm_irq_handler+0xa0>)
10001532:	6823      	ldr	r3, [r4, #0]
10001534:	2b00      	cmp	r3, #0
10001536:	d0fc      	beq.n	10001532 <hardware_alarm_irq_handler+0x1a>
10001538:	f3bf 8f5f 	dmb	sy
1000153c:	2301      	movs	r3, #1
1000153e:	0019      	movs	r1, r3
10001540:	4081      	lsls	r1, r0
10001542:	4d1e      	ldr	r5, [pc, #120]	; (100015bc <hardware_alarm_irq_handler+0xa4>)
10001544:	001f      	movs	r7, r3
10001546:	6369      	str	r1, [r5, #52]	; 0x34
10001548:	46aa      	mov	sl, r5
1000154a:	4d1d      	ldr	r5, [pc, #116]	; (100015c0 <hardware_alarm_irq_handler+0xa8>)
1000154c:	6029      	str	r1, [r5, #0]
1000154e:	4d1d      	ldr	r5, [pc, #116]	; (100015c4 <hardware_alarm_irq_handler+0xac>)
10001550:	782e      	ldrb	r6, [r5, #0]
10001552:	46ac      	mov	ip, r5
10001554:	0035      	movs	r5, r6
10001556:	40c5      	lsrs	r5, r0
10001558:	402f      	ands	r7, r5
1000155a:	422b      	tst	r3, r5
1000155c:	d109      	bne.n	10001572 <hardware_alarm_irq_handler+0x5a>
1000155e:	f3bf 8f5f 	dmb	sy
10001562:	6027      	str	r7, [r4, #0]
10001564:	f388 8810 	msr	PRIMASK, r8
10001568:	bce0      	pop	{r5, r6, r7}
1000156a:	46ba      	mov	sl, r7
1000156c:	46b1      	mov	r9, r6
1000156e:	46a8      	mov	r8, r5
10001570:	bdf0      	pop	{r4, r5, r6, r7, pc}
10001572:	4653      	mov	r3, sl
10001574:	4d14      	ldr	r5, [pc, #80]	; (100015c8 <hardware_alarm_irq_handler+0xb0>)
10001576:	6a5f      	ldr	r7, [r3, #36]	; 0x24
10001578:	0083      	lsls	r3, r0, #2
1000157a:	595d      	ldr	r5, [r3, r5]
1000157c:	42af      	cmp	r7, r5
1000157e:	d30e      	bcc.n	1000159e <hardware_alarm_irq_handler+0x86>
10001580:	4a12      	ldr	r2, [pc, #72]	; (100015cc <hardware_alarm_irq_handler+0xb4>)
10001582:	438e      	bics	r6, r1
10001584:	589b      	ldr	r3, [r3, r2]
10001586:	4662      	mov	r2, ip
10001588:	7016      	strb	r6, [r2, #0]
1000158a:	f3bf 8f5f 	dmb	sy
1000158e:	2200      	movs	r2, #0
10001590:	6022      	str	r2, [r4, #0]
10001592:	f388 8810 	msr	PRIMASK, r8
10001596:	2b00      	cmp	r3, #0
10001598:	d0e6      	beq.n	10001568 <hardware_alarm_irq_handler+0x50>
1000159a:	4798      	blx	r3
1000159c:	e7e4      	b.n	10001568 <hardware_alarm_irq_handler+0x50>
1000159e:	4b0c      	ldr	r3, [pc, #48]	; (100015d0 <hardware_alarm_irq_handler+0xb8>)
100015a0:	0092      	lsls	r2, r2, #2
100015a2:	469c      	mov	ip, r3
100015a4:	4462      	add	r2, ip
100015a6:	6813      	ldr	r3, [r2, #0]
100015a8:	6013      	str	r3, [r2, #0]
100015aa:	f3bf 8f5f 	dmb	sy
100015ae:	2300      	movs	r3, #0
100015b0:	6023      	str	r3, [r4, #0]
100015b2:	f388 8810 	msr	PRIMASK, r8
100015b6:	e7d7      	b.n	10001568 <hardware_alarm_irq_handler+0x50>
100015b8:	d0000128 	.word	0xd0000128
100015bc:	40054000 	.word	0x40054000
100015c0:	4005703c 	.word	0x4005703c
100015c4:	20001e39 	.word	0x20001e39
100015c8:	20001dcc 	.word	0x20001dcc
100015cc:	20001734 	.word	0x20001734
100015d0:	40053fd0 	.word	0x40053fd0

100015d4 <hardware_alarm_claim>:
100015d4:	b510      	push	{r4, lr}
100015d6:	0001      	movs	r1, r0
100015d8:	4a02      	ldr	r2, [pc, #8]	; (100015e4 <hardware_alarm_claim+0x10>)
100015da:	4803      	ldr	r0, [pc, #12]	; (100015e8 <hardware_alarm_claim+0x14>)
100015dc:	f7ff fb94 	bl	10000d08 <hw_claim_or_assert>
100015e0:	bd10      	pop	{r4, pc}
100015e2:	46c0      	nop			; (mov r8, r8)
100015e4:	10007824 	.word	0x10007824
100015e8:	20001e34 	.word	0x20001e34

100015ec <time_us_64>:
100015ec:	4b03      	ldr	r3, [pc, #12]	; (100015fc <time_us_64+0x10>)
100015ee:	6a59      	ldr	r1, [r3, #36]	; 0x24
100015f0:	000a      	movs	r2, r1
100015f2:	6a98      	ldr	r0, [r3, #40]	; 0x28
100015f4:	6a59      	ldr	r1, [r3, #36]	; 0x24
100015f6:	428a      	cmp	r2, r1
100015f8:	d1fa      	bne.n	100015f0 <time_us_64+0x4>
100015fa:	4770      	bx	lr
100015fc:	40054000 	.word	0x40054000

10001600 <busy_wait_us_32>:
10001600:	b570      	push	{r4, r5, r6, lr}
10001602:	2800      	cmp	r0, #0
10001604:	db06      	blt.n	10001614 <busy_wait_us_32+0x14>
10001606:	4a17      	ldr	r2, [pc, #92]	; (10001664 <busy_wait_us_32+0x64>)
10001608:	6a91      	ldr	r1, [r2, #40]	; 0x28
1000160a:	6a93      	ldr	r3, [r2, #40]	; 0x28
1000160c:	1a5b      	subs	r3, r3, r1
1000160e:	4283      	cmp	r3, r0
10001610:	d3fb      	bcc.n	1000160a <busy_wait_us_32+0xa>
10001612:	bd70      	pop	{r4, r5, r6, pc}
10001614:	0004      	movs	r4, r0
10001616:	2500      	movs	r5, #0
10001618:	4a12      	ldr	r2, [pc, #72]	; (10001664 <busy_wait_us_32+0x64>)
1000161a:	6a53      	ldr	r3, [r2, #36]	; 0x24
1000161c:	0019      	movs	r1, r3
1000161e:	6a96      	ldr	r6, [r2, #40]	; 0x28
10001620:	6a53      	ldr	r3, [r2, #36]	; 0x24
10001622:	428b      	cmp	r3, r1
10001624:	d1fa      	bne.n	1000161c <busy_wait_us_32+0x1c>
10001626:	0030      	movs	r0, r6
10001628:	0019      	movs	r1, r3
1000162a:	1824      	adds	r4, r4, r0
1000162c:	414d      	adcs	r5, r1
1000162e:	42ab      	cmp	r3, r5
10001630:	d802      	bhi.n	10001638 <busy_wait_us_32+0x38>
10001632:	d114      	bne.n	1000165e <busy_wait_us_32+0x5e>
10001634:	42a6      	cmp	r6, r4
10001636:	d912      	bls.n	1000165e <busy_wait_us_32+0x5e>
10001638:	2301      	movs	r3, #1
1000163a:	2401      	movs	r4, #1
1000163c:	4264      	negs	r4, r4
1000163e:	17e5      	asrs	r5, r4, #31
10001640:	425b      	negs	r3, r3
10001642:	4908      	ldr	r1, [pc, #32]	; (10001664 <busy_wait_us_32+0x64>)
10001644:	6a4a      	ldr	r2, [r1, #36]	; 0x24
10001646:	429a      	cmp	r2, r3
10001648:	d3fc      	bcc.n	10001644 <busy_wait_us_32+0x44>
1000164a:	d1e2      	bne.n	10001612 <busy_wait_us_32+0x12>
1000164c:	4a05      	ldr	r2, [pc, #20]	; (10001664 <busy_wait_us_32+0x64>)
1000164e:	e002      	b.n	10001656 <busy_wait_us_32+0x56>
10001650:	6a51      	ldr	r1, [r2, #36]	; 0x24
10001652:	4299      	cmp	r1, r3
10001654:	d1dd      	bne.n	10001612 <busy_wait_us_32+0x12>
10001656:	6a91      	ldr	r1, [r2, #40]	; 0x28
10001658:	42a1      	cmp	r1, r4
1000165a:	d3f9      	bcc.n	10001650 <busy_wait_us_32+0x50>
1000165c:	e7d9      	b.n	10001612 <busy_wait_us_32+0x12>
1000165e:	002b      	movs	r3, r5
10001660:	e7ef      	b.n	10001642 <busy_wait_us_32+0x42>
10001662:	46c0      	nop			; (mov r8, r8)
10001664:	40054000 	.word	0x40054000

10001668 <busy_wait_us>:
10001668:	b570      	push	{r4, r5, r6, lr}
1000166a:	0004      	movs	r4, r0
1000166c:	000d      	movs	r5, r1
1000166e:	4a12      	ldr	r2, [pc, #72]	; (100016b8 <busy_wait_us+0x50>)
10001670:	6a53      	ldr	r3, [r2, #36]	; 0x24
10001672:	0019      	movs	r1, r3
10001674:	6a96      	ldr	r6, [r2, #40]	; 0x28
10001676:	6a53      	ldr	r3, [r2, #36]	; 0x24
10001678:	428b      	cmp	r3, r1
1000167a:	d1fa      	bne.n	10001672 <busy_wait_us+0xa>
1000167c:	0030      	movs	r0, r6
1000167e:	0019      	movs	r1, r3
10001680:	1824      	adds	r4, r4, r0
10001682:	414d      	adcs	r5, r1
10001684:	42ab      	cmp	r3, r5
10001686:	d811      	bhi.n	100016ac <busy_wait_us+0x44>
10001688:	d00e      	beq.n	100016a8 <busy_wait_us+0x40>
1000168a:	002b      	movs	r3, r5
1000168c:	490a      	ldr	r1, [pc, #40]	; (100016b8 <busy_wait_us+0x50>)
1000168e:	6a4a      	ldr	r2, [r1, #36]	; 0x24
10001690:	429a      	cmp	r2, r3
10001692:	d3fc      	bcc.n	1000168e <busy_wait_us+0x26>
10001694:	d107      	bne.n	100016a6 <busy_wait_us+0x3e>
10001696:	4a08      	ldr	r2, [pc, #32]	; (100016b8 <busy_wait_us+0x50>)
10001698:	e002      	b.n	100016a0 <busy_wait_us+0x38>
1000169a:	6a51      	ldr	r1, [r2, #36]	; 0x24
1000169c:	4299      	cmp	r1, r3
1000169e:	d102      	bne.n	100016a6 <busy_wait_us+0x3e>
100016a0:	6a91      	ldr	r1, [r2, #40]	; 0x28
100016a2:	42a1      	cmp	r1, r4
100016a4:	d3f9      	bcc.n	1000169a <busy_wait_us+0x32>
100016a6:	bd70      	pop	{r4, r5, r6, pc}
100016a8:	42a6      	cmp	r6, r4
100016aa:	d9ee      	bls.n	1000168a <busy_wait_us+0x22>
100016ac:	2301      	movs	r3, #1
100016ae:	2401      	movs	r4, #1
100016b0:	4264      	negs	r4, r4
100016b2:	17e5      	asrs	r5, r4, #31
100016b4:	425b      	negs	r3, r3
100016b6:	e7e9      	b.n	1000168c <busy_wait_us+0x24>
100016b8:	40054000 	.word	0x40054000

100016bc <busy_wait_until>:
100016bc:	4a06      	ldr	r2, [pc, #24]	; (100016d8 <busy_wait_until+0x1c>)
100016be:	6a53      	ldr	r3, [r2, #36]	; 0x24
100016c0:	4299      	cmp	r1, r3
100016c2:	d8fc      	bhi.n	100016be <busy_wait_until+0x2>
100016c4:	d107      	bne.n	100016d6 <busy_wait_until+0x1a>
100016c6:	4b04      	ldr	r3, [pc, #16]	; (100016d8 <busy_wait_until+0x1c>)
100016c8:	e002      	b.n	100016d0 <busy_wait_until+0x14>
100016ca:	6a5a      	ldr	r2, [r3, #36]	; 0x24
100016cc:	4291      	cmp	r1, r2
100016ce:	d102      	bne.n	100016d6 <busy_wait_until+0x1a>
100016d0:	6a9a      	ldr	r2, [r3, #40]	; 0x28
100016d2:	4282      	cmp	r2, r0
100016d4:	d3f9      	bcc.n	100016ca <busy_wait_until+0xe>
100016d6:	4770      	bx	lr
100016d8:	40054000 	.word	0x40054000

100016dc <hardware_alarm_set_callback>:
100016dc:	b570      	push	{r4, r5, r6, lr}
100016de:	0004      	movs	r4, r0
100016e0:	000d      	movs	r5, r1
100016e2:	f3ef 8610 	mrs	r6, PRIMASK
100016e6:	b672      	cpsid	i
100016e8:	4a1a      	ldr	r2, [pc, #104]	; (10001754 <hardware_alarm_set_callback+0x78>)
100016ea:	6813      	ldr	r3, [r2, #0]
100016ec:	2b00      	cmp	r3, #0
100016ee:	d0fc      	beq.n	100016ea <hardware_alarm_set_callback+0xe>
100016f0:	f3bf 8f5f 	dmb	sy
100016f4:	2d00      	cmp	r5, #0
100016f6:	d01b      	beq.n	10001730 <hardware_alarm_set_callback+0x54>
100016f8:	0020      	movs	r0, r4
100016fa:	f000 f8f9 	bl	100018f0 <irq_get_vtable_handler>
100016fe:	4916      	ldr	r1, [pc, #88]	; (10001758 <hardware_alarm_set_callback+0x7c>)
10001700:	4281      	cmp	r1, r0
10001702:	d00a      	beq.n	1000171a <hardware_alarm_set_callback+0x3e>
10001704:	0020      	movs	r0, r4
10001706:	f000 f8fb 	bl	10001900 <irq_set_exclusive_handler>
1000170a:	2101      	movs	r1, #1
1000170c:	0020      	movs	r0, r4
1000170e:	f000 f8b3 	bl	10001878 <irq_set_enabled>
10001712:	2301      	movs	r3, #1
10001714:	40a3      	lsls	r3, r4
10001716:	4a11      	ldr	r2, [pc, #68]	; (1000175c <hardware_alarm_set_callback+0x80>)
10001718:	6013      	str	r3, [r2, #0]
1000171a:	4b11      	ldr	r3, [pc, #68]	; (10001760 <hardware_alarm_set_callback+0x84>)
1000171c:	00a4      	lsls	r4, r4, #2
1000171e:	50e5      	str	r5, [r4, r3]
10001720:	f3bf 8f5f 	dmb	sy
10001724:	2200      	movs	r2, #0
10001726:	4b0b      	ldr	r3, [pc, #44]	; (10001754 <hardware_alarm_set_callback+0x78>)
10001728:	601a      	str	r2, [r3, #0]
1000172a:	f386 8810 	msr	PRIMASK, r6
1000172e:	bd70      	pop	{r4, r5, r6, pc}
10001730:	4b0b      	ldr	r3, [pc, #44]	; (10001760 <hardware_alarm_set_callback+0x84>)
10001732:	00a2      	lsls	r2, r4, #2
10001734:	50d5      	str	r5, [r2, r3]
10001736:	2201      	movs	r2, #1
10001738:	40a2      	lsls	r2, r4
1000173a:	490a      	ldr	r1, [pc, #40]	; (10001764 <hardware_alarm_set_callback+0x88>)
1000173c:	0020      	movs	r0, r4
1000173e:	780b      	ldrb	r3, [r1, #0]
10001740:	4393      	bics	r3, r2
10001742:	700b      	strb	r3, [r1, #0]
10001744:	4904      	ldr	r1, [pc, #16]	; (10001758 <hardware_alarm_set_callback+0x7c>)
10001746:	f000 f9f9 	bl	10001b3c <irq_remove_handler>
1000174a:	2100      	movs	r1, #0
1000174c:	0020      	movs	r0, r4
1000174e:	f000 f893 	bl	10001878 <irq_set_enabled>
10001752:	e7e5      	b.n	10001720 <hardware_alarm_set_callback+0x44>
10001754:	d0000128 	.word	0xd0000128
10001758:	10001519 	.word	0x10001519
1000175c:	40056038 	.word	0x40056038
10001760:	20001734 	.word	0x20001734
10001764:	20001e39 	.word	0x20001e39

10001768 <hardware_alarm_set_target>:
10001768:	b5f0      	push	{r4, r5, r6, r7, lr}
1000176a:	464f      	mov	r7, r9
1000176c:	46d6      	mov	lr, sl
1000176e:	4646      	mov	r6, r8
10001770:	b5c0      	push	{r6, r7, lr}
10001772:	0007      	movs	r7, r0
10001774:	4c2c      	ldr	r4, [pc, #176]	; (10001828 <hardware_alarm_set_target+0xc0>)
10001776:	6a61      	ldr	r1, [r4, #36]	; 0x24
10001778:	000d      	movs	r5, r1
1000177a:	6aa6      	ldr	r6, [r4, #40]	; 0x28
1000177c:	6a61      	ldr	r1, [r4, #36]	; 0x24
1000177e:	42a9      	cmp	r1, r5
10001780:	d1fa      	bne.n	10001778 <hardware_alarm_set_target+0x10>
10001782:	428b      	cmp	r3, r1
10001784:	d808      	bhi.n	10001798 <hardware_alarm_set_target+0x30>
10001786:	d005      	beq.n	10001794 <hardware_alarm_set_target+0x2c>
10001788:	2001      	movs	r0, #1
1000178a:	bce0      	pop	{r5, r6, r7}
1000178c:	46ba      	mov	sl, r7
1000178e:	46b1      	mov	r9, r6
10001790:	46a8      	mov	r8, r5
10001792:	bdf0      	pop	{r4, r5, r6, r7, pc}
10001794:	42b2      	cmp	r2, r6
10001796:	d9f7      	bls.n	10001788 <hardware_alarm_set_target+0x20>
10001798:	f3ef 8a10 	mrs	sl, PRIMASK
1000179c:	b672      	cpsid	i
1000179e:	4823      	ldr	r0, [pc, #140]	; (1000182c <hardware_alarm_set_target+0xc4>)
100017a0:	6801      	ldr	r1, [r0, #0]
100017a2:	2900      	cmp	r1, #0
100017a4:	d0fc      	beq.n	100017a0 <hardware_alarm_set_target+0x38>
100017a6:	f3bf 8f5f 	dmb	sy
100017aa:	2501      	movs	r5, #1
100017ac:	40bd      	lsls	r5, r7
100017ae:	4920      	ldr	r1, [pc, #128]	; (10001830 <hardware_alarm_set_target+0xc8>)
100017b0:	4c1d      	ldr	r4, [pc, #116]	; (10001828 <hardware_alarm_set_target+0xc0>)
100017b2:	4688      	mov	r8, r1
100017b4:	7809      	ldrb	r1, [r1, #0]
100017b6:	4689      	mov	r9, r1
100017b8:	4329      	orrs	r1, r5
100017ba:	b2c9      	uxtb	r1, r1
100017bc:	468c      	mov	ip, r1
100017be:	4641      	mov	r1, r8
100017c0:	4660      	mov	r0, ip
100017c2:	7008      	strb	r0, [r1, #0]
100017c4:	1d39      	adds	r1, r7, #4
100017c6:	481b      	ldr	r0, [pc, #108]	; (10001834 <hardware_alarm_set_target+0xcc>)
100017c8:	0089      	lsls	r1, r1, #2
100017ca:	6365      	str	r5, [r4, #52]	; 0x34
100017cc:	510a      	str	r2, [r1, r4]
100017ce:	00b9      	lsls	r1, r7, #2
100017d0:	500b      	str	r3, [r1, r0]
100017d2:	6a21      	ldr	r1, [r4, #32]
100017d4:	2000      	movs	r0, #0
100017d6:	4229      	tst	r1, r5
100017d8:	d019      	beq.n	1000180e <hardware_alarm_set_target+0xa6>
100017da:	6a61      	ldr	r1, [r4, #36]	; 0x24
100017dc:	0008      	movs	r0, r1
100017de:	6aa6      	ldr	r6, [r4, #40]	; 0x28
100017e0:	6a61      	ldr	r1, [r4, #36]	; 0x24
100017e2:	4281      	cmp	r1, r0
100017e4:	d1fa      	bne.n	100017dc <hardware_alarm_set_target+0x74>
100017e6:	428b      	cmp	r3, r1
100017e8:	d819      	bhi.n	1000181e <hardware_alarm_set_target+0xb6>
100017ea:	d101      	bne.n	100017f0 <hardware_alarm_set_target+0x88>
100017ec:	42b2      	cmp	r2, r6
100017ee:	d816      	bhi.n	1000181e <hardware_alarm_set_target+0xb6>
100017f0:	45cc      	cmp	ip, r9
100017f2:	d016      	beq.n	10001822 <hardware_alarm_set_target+0xba>
100017f4:	4b0c      	ldr	r3, [pc, #48]	; (10001828 <hardware_alarm_set_target+0xc0>)
100017f6:	201f      	movs	r0, #31
100017f8:	621d      	str	r5, [r3, #32]
100017fa:	635d      	str	r5, [r3, #52]	; 0x34
100017fc:	2301      	movs	r3, #1
100017fe:	4007      	ands	r7, r0
10001800:	40bb      	lsls	r3, r7
10001802:	4a0d      	ldr	r2, [pc, #52]	; (10001838 <hardware_alarm_set_target+0xd0>)
10001804:	381e      	subs	r0, #30
10001806:	6013      	str	r3, [r2, #0]
10001808:	4643      	mov	r3, r8
1000180a:	464a      	mov	r2, r9
1000180c:	701a      	strb	r2, [r3, #0]
1000180e:	f3bf 8f5f 	dmb	sy
10001812:	2200      	movs	r2, #0
10001814:	4b05      	ldr	r3, [pc, #20]	; (1000182c <hardware_alarm_set_target+0xc4>)
10001816:	601a      	str	r2, [r3, #0]
10001818:	f38a 8810 	msr	PRIMASK, sl
1000181c:	e7b5      	b.n	1000178a <hardware_alarm_set_target+0x22>
1000181e:	2000      	movs	r0, #0
10001820:	e7f5      	b.n	1000180e <hardware_alarm_set_target+0xa6>
10001822:	2001      	movs	r0, #1
10001824:	e7f3      	b.n	1000180e <hardware_alarm_set_target+0xa6>
10001826:	46c0      	nop			; (mov r8, r8)
10001828:	40054000 	.word	0x40054000
1000182c:	d0000128 	.word	0xd0000128
10001830:	20001e39 	.word	0x20001e39
10001834:	20001dcc 	.word	0x20001dcc
10001838:	e000e280 	.word	0xe000e280

1000183c <hardware_alarm_cancel>:
1000183c:	f3ef 8c10 	mrs	ip, PRIMASK
10001840:	b672      	cpsid	i
10001842:	490a      	ldr	r1, [pc, #40]	; (1000186c <hardware_alarm_cancel+0x30>)
10001844:	680b      	ldr	r3, [r1, #0]
10001846:	2b00      	cmp	r3, #0
10001848:	d0fc      	beq.n	10001844 <hardware_alarm_cancel+0x8>
1000184a:	f3bf 8f5f 	dmb	sy
1000184e:	2301      	movs	r3, #1
10001850:	4083      	lsls	r3, r0
10001852:	4a07      	ldr	r2, [pc, #28]	; (10001870 <hardware_alarm_cancel+0x34>)
10001854:	4807      	ldr	r0, [pc, #28]	; (10001874 <hardware_alarm_cancel+0x38>)
10001856:	6213      	str	r3, [r2, #32]
10001858:	7802      	ldrb	r2, [r0, #0]
1000185a:	439a      	bics	r2, r3
1000185c:	7002      	strb	r2, [r0, #0]
1000185e:	f3bf 8f5f 	dmb	sy
10001862:	2300      	movs	r3, #0
10001864:	600b      	str	r3, [r1, #0]
10001866:	f38c 8810 	msr	PRIMASK, ip
1000186a:	4770      	bx	lr
1000186c:	d0000128 	.word	0xd0000128
10001870:	40054000 	.word	0x40054000
10001874:	20001e39 	.word	0x20001e39

10001878 <irq_set_enabled>:
10001878:	2301      	movs	r3, #1
1000187a:	4083      	lsls	r3, r0
1000187c:	2900      	cmp	r1, #0
1000187e:	d004      	beq.n	1000188a <irq_set_enabled+0x12>
10001880:	4a03      	ldr	r2, [pc, #12]	; (10001890 <irq_set_enabled+0x18>)
10001882:	6013      	str	r3, [r2, #0]
10001884:	4a03      	ldr	r2, [pc, #12]	; (10001894 <irq_set_enabled+0x1c>)
10001886:	6013      	str	r3, [r2, #0]
10001888:	4770      	bx	lr
1000188a:	4a03      	ldr	r2, [pc, #12]	; (10001898 <irq_set_enabled+0x20>)
1000188c:	6013      	str	r3, [r2, #0]
1000188e:	e7fb      	b.n	10001888 <irq_set_enabled+0x10>
10001890:	e000e280 	.word	0xe000e280
10001894:	e000e100 	.word	0xe000e100
10001898:	e000e180 	.word	0xe000e180

1000189c <irq_is_enabled>:
1000189c:	2201      	movs	r2, #1
1000189e:	4082      	lsls	r2, r0
100018a0:	4b03      	ldr	r3, [pc, #12]	; (100018b0 <irq_is_enabled+0x14>)
100018a2:	681b      	ldr	r3, [r3, #0]
100018a4:	4013      	ands	r3, r2
100018a6:	1e5a      	subs	r2, r3, #1
100018a8:	4193      	sbcs	r3, r2
100018aa:	b2d8      	uxtb	r0, r3
100018ac:	4770      	bx	lr
100018ae:	46c0      	nop			; (mov r8, r8)
100018b0:	e000e100 	.word	0xe000e100

100018b4 <irq_set_pending>:
100018b4:	2301      	movs	r3, #1
100018b6:	4083      	lsls	r3, r0
100018b8:	4a01      	ldr	r2, [pc, #4]	; (100018c0 <irq_set_pending+0xc>)
100018ba:	6013      	str	r3, [r2, #0]
100018bc:	4770      	bx	lr
100018be:	46c0      	nop			; (mov r8, r8)
100018c0:	e000e200 	.word	0xe000e200

100018c4 <irq_has_shared_handler>:
100018c4:	4b08      	ldr	r3, [pc, #32]	; (100018e8 <irq_has_shared_handler+0x24>)
100018c6:	3010      	adds	r0, #16
100018c8:	689b      	ldr	r3, [r3, #8]
100018ca:	0080      	lsls	r0, r0, #2
100018cc:	58c3      	ldr	r3, [r0, r3]
100018ce:	2b00      	cmp	r3, #0
100018d0:	d007      	beq.n	100018e2 <irq_has_shared_handler+0x1e>
100018d2:	4a06      	ldr	r2, [pc, #24]	; (100018ec <irq_has_shared_handler+0x28>)
100018d4:	2000      	movs	r0, #0
100018d6:	1a9b      	subs	r3, r3, r2
100018d8:	222f      	movs	r2, #47	; 0x2f
100018da:	429a      	cmp	r2, r3
100018dc:	4140      	adcs	r0, r0
100018de:	b2c0      	uxtb	r0, r0
100018e0:	4770      	bx	lr
100018e2:	2000      	movs	r0, #0
100018e4:	e7fc      	b.n	100018e0 <irq_has_shared_handler+0x1c>
100018e6:	46c0      	nop			; (mov r8, r8)
100018e8:	e000ed00 	.word	0xe000ed00
100018ec:	20000eec 	.word	0x20000eec

100018f0 <irq_get_vtable_handler>:
100018f0:	4b02      	ldr	r3, [pc, #8]	; (100018fc <irq_get_vtable_handler+0xc>)
100018f2:	3010      	adds	r0, #16
100018f4:	689b      	ldr	r3, [r3, #8]
100018f6:	0080      	lsls	r0, r0, #2
100018f8:	58c0      	ldr	r0, [r0, r3]
100018fa:	4770      	bx	lr
100018fc:	e000ed00 	.word	0xe000ed00

10001900 <irq_set_exclusive_handler>:
10001900:	b570      	push	{r4, r5, r6, lr}
10001902:	000d      	movs	r5, r1
10001904:	f3ef 8610 	mrs	r6, PRIMASK
10001908:	b672      	cpsid	i
1000190a:	4a0f      	ldr	r2, [pc, #60]	; (10001948 <irq_set_exclusive_handler+0x48>)
1000190c:	6813      	ldr	r3, [r2, #0]
1000190e:	2b00      	cmp	r3, #0
10001910:	d0fc      	beq.n	1000190c <irq_set_exclusive_handler+0xc>
10001912:	f3bf 8f5f 	dmb	sy
10001916:	4b0d      	ldr	r3, [pc, #52]	; (1000194c <irq_set_exclusive_handler+0x4c>)
10001918:	3010      	adds	r0, #16
1000191a:	689b      	ldr	r3, [r3, #8]
1000191c:	0084      	lsls	r4, r0, #2
1000191e:	591b      	ldr	r3, [r3, r4]
10001920:	4a0b      	ldr	r2, [pc, #44]	; (10001950 <irq_set_exclusive_handler+0x50>)
10001922:	4293      	cmp	r3, r2
10001924:	d003      	beq.n	1000192e <irq_set_exclusive_handler+0x2e>
10001926:	429d      	cmp	r5, r3
10001928:	d001      	beq.n	1000192e <irq_set_exclusive_handler+0x2e>
1000192a:	f001 f949 	bl	10002bc0 <hard_assertion_failure>
1000192e:	4b07      	ldr	r3, [pc, #28]	; (1000194c <irq_set_exclusive_handler+0x4c>)
10001930:	689b      	ldr	r3, [r3, #8]
10001932:	511d      	str	r5, [r3, r4]
10001934:	f3bf 8f5f 	dmb	sy
10001938:	f3bf 8f5f 	dmb	sy
1000193c:	2200      	movs	r2, #0
1000193e:	4b02      	ldr	r3, [pc, #8]	; (10001948 <irq_set_exclusive_handler+0x48>)
10001940:	601a      	str	r2, [r3, #0]
10001942:	f386 8810 	msr	PRIMASK, r6
10001946:	bd70      	pop	{r4, r5, r6, pc}
10001948:	d0000124 	.word	0xd0000124
1000194c:	e000ed00 	.word	0xe000ed00
10001950:	100001cd 	.word	0x100001cd

10001954 <irq_add_shared_handler>:
10001954:	b5f0      	push	{r4, r5, r6, r7, lr}
10001956:	4657      	mov	r7, sl
10001958:	464e      	mov	r6, r9
1000195a:	46de      	mov	lr, fp
1000195c:	4645      	mov	r5, r8
1000195e:	b5e0      	push	{r5, r6, r7, lr}
10001960:	b085      	sub	sp, #20
10001962:	0006      	movs	r6, r0
10001964:	9102      	str	r1, [sp, #8]
10001966:	0017      	movs	r7, r2
10001968:	f3ef 8b10 	mrs	fp, PRIMASK
1000196c:	b672      	cpsid	i
1000196e:	4a67      	ldr	r2, [pc, #412]	; (10001b0c <irq_add_shared_handler+0x1b8>)
10001970:	6813      	ldr	r3, [r2, #0]
10001972:	2b00      	cmp	r3, #0
10001974:	d0fc      	beq.n	10001970 <irq_add_shared_handler+0x1c>
10001976:	f3bf 8f5f 	dmb	sy
1000197a:	2500      	movs	r5, #0
1000197c:	4b64      	ldr	r3, [pc, #400]	; (10001b10 <irq_add_shared_handler+0x1bc>)
1000197e:	575d      	ldrsb	r5, [r3, r5]
10001980:	469a      	mov	sl, r3
10001982:	2d00      	cmp	r5, #0
10001984:	da00      	bge.n	10001988 <irq_add_shared_handler+0x34>
10001986:	e0a4      	b.n	10001ad2 <irq_add_shared_handler+0x17e>
10001988:	006b      	lsls	r3, r5, #1
1000198a:	4c62      	ldr	r4, [pc, #392]	; (10001b14 <irq_add_shared_handler+0x1c0>)
1000198c:	9303      	str	r3, [sp, #12]
1000198e:	195b      	adds	r3, r3, r5
10001990:	009b      	lsls	r3, r3, #2
10001992:	4698      	mov	r8, r3
10001994:	46a1      	mov	r9, r4
10001996:	44c1      	add	r9, r8
10001998:	464b      	mov	r3, r9
1000199a:	4652      	mov	r2, sl
1000199c:	799b      	ldrb	r3, [r3, #6]
1000199e:	3610      	adds	r6, #16
100019a0:	7013      	strb	r3, [r2, #0]
100019a2:	4b5d      	ldr	r3, [pc, #372]	; (10001b18 <irq_add_shared_handler+0x1c4>)
100019a4:	00b2      	lsls	r2, r6, #2
100019a6:	689b      	ldr	r3, [r3, #8]
100019a8:	9201      	str	r2, [sp, #4]
100019aa:	5899      	ldr	r1, [r3, r2]
100019ac:	1b0b      	subs	r3, r1, r4
100019ae:	2b2f      	cmp	r3, #47	; 0x2f
100019b0:	d934      	bls.n	10001a1c <irq_add_shared_handler+0xc8>
100019b2:	4b5a      	ldr	r3, [pc, #360]	; (10001b1c <irq_add_shared_handler+0x1c8>)
100019b4:	4299      	cmp	r1, r3
100019b6:	d000      	beq.n	100019ba <irq_add_shared_handler+0x66>
100019b8:	e0a4      	b.n	10001b04 <irq_add_shared_handler+0x1b0>
100019ba:	9b03      	ldr	r3, [sp, #12]
100019bc:	4a58      	ldr	r2, [pc, #352]	; (10001b20 <irq_add_shared_handler+0x1cc>)
100019be:	469c      	mov	ip, r3
100019c0:	4b58      	ldr	r3, [pc, #352]	; (10001b24 <irq_add_shared_handler+0x1d0>)
100019c2:	4465      	add	r5, ip
100019c4:	00ad      	lsls	r5, r5, #2
100019c6:	5363      	strh	r3, [r4, r5]
100019c8:	4643      	mov	r3, r8
100019ca:	3302      	adds	r3, #2
100019cc:	1965      	adds	r5, r4, r5
100019ce:	18e4      	adds	r4, r4, r3
100019d0:	4b55      	ldr	r3, [pc, #340]	; (10001b28 <irq_add_shared_handler+0x1d4>)
100019d2:	2101      	movs	r1, #1
100019d4:	3b04      	subs	r3, #4
100019d6:	1b1b      	subs	r3, r3, r4
100019d8:	051b      	lsls	r3, r3, #20
100019da:	0d5b      	lsrs	r3, r3, #21
100019dc:	4313      	orrs	r3, r2
100019de:	806b      	strh	r3, [r5, #2]
100019e0:	4b52      	ldr	r3, [pc, #328]	; (10001b2c <irq_add_shared_handler+0x1d8>)
100019e2:	71ef      	strb	r7, [r5, #7]
100019e4:	80ab      	strh	r3, [r5, #4]
100019e6:	23ff      	movs	r3, #255	; 0xff
100019e8:	71ab      	strb	r3, [r5, #6]
100019ea:	9b02      	ldr	r3, [sp, #8]
100019ec:	60ab      	str	r3, [r5, #8]
100019ee:	464b      	mov	r3, r9
100019f0:	430b      	orrs	r3, r1
100019f2:	0019      	movs	r1, r3
100019f4:	4b48      	ldr	r3, [pc, #288]	; (10001b18 <irq_add_shared_handler+0x1c4>)
100019f6:	9a01      	ldr	r2, [sp, #4]
100019f8:	689b      	ldr	r3, [r3, #8]
100019fa:	5099      	str	r1, [r3, r2]
100019fc:	f3bf 8f5f 	dmb	sy
10001a00:	f3bf 8f5f 	dmb	sy
10001a04:	2200      	movs	r2, #0
10001a06:	4b41      	ldr	r3, [pc, #260]	; (10001b0c <irq_add_shared_handler+0x1b8>)
10001a08:	601a      	str	r2, [r3, #0]
10001a0a:	f38b 8810 	msr	PRIMASK, fp
10001a0e:	b005      	add	sp, #20
10001a10:	bcf0      	pop	{r4, r5, r6, r7}
10001a12:	46bb      	mov	fp, r7
10001a14:	46b2      	mov	sl, r6
10001a16:	46a9      	mov	r9, r5
10001a18:	46a0      	mov	r8, r4
10001a1a:	bdf0      	pop	{r4, r5, r6, r7, pc}
10001a1c:	2001      	movs	r0, #1
10001a1e:	000a      	movs	r2, r1
10001a20:	4382      	bics	r2, r0
10001a22:	79d3      	ldrb	r3, [r2, #7]
10001a24:	42bb      	cmp	r3, r7
10001a26:	d82f      	bhi.n	10001a88 <irq_add_shared_handler+0x134>
10001a28:	4645      	mov	r5, r8
10001a2a:	464e      	mov	r6, r9
10001a2c:	0013      	movs	r3, r2
10001a2e:	4940      	ldr	r1, [pc, #256]	; (10001b30 <irq_add_shared_handler+0x1dc>)
10001a30:	1b1b      	subs	r3, r3, r4
10001a32:	415b      	adcs	r3, r3
10001a34:	4359      	muls	r1, r3
10001a36:	0d09      	lsrs	r1, r1, #20
10001a38:	4b3a      	ldr	r3, [pc, #232]	; (10001b24 <irq_add_shared_handler+0x1d0>)
10001a3a:	5363      	strh	r3, [r4, r5]
10001a3c:	4b3a      	ldr	r3, [pc, #232]	; (10001b28 <irq_add_shared_handler+0x1d4>)
10001a3e:	3502      	adds	r5, #2
10001a40:	1965      	adds	r5, r4, r5
10001a42:	3b04      	subs	r3, #4
10001a44:	1b5b      	subs	r3, r3, r5
10001a46:	051b      	lsls	r3, r3, #20
10001a48:	4d35      	ldr	r5, [pc, #212]	; (10001b20 <irq_add_shared_handler+0x1cc>)
10001a4a:	0d5b      	lsrs	r3, r3, #21
10001a4c:	432b      	orrs	r3, r5
10001a4e:	8073      	strh	r3, [r6, #2]
10001a50:	2604      	movs	r6, #4
10001a52:	46b4      	mov	ip, r6
10001a54:	44e0      	add	r8, ip
10001a56:	4444      	add	r4, r8
10001a58:	1f13      	subs	r3, r2, #4
10001a5a:	1b1b      	subs	r3, r3, r4
10001a5c:	464c      	mov	r4, r9
10001a5e:	71a1      	strb	r1, [r4, #6]
10001a60:	9902      	ldr	r1, [sp, #8]
10001a62:	051b      	lsls	r3, r3, #20
10001a64:	60a1      	str	r1, [r4, #8]
10001a66:	4649      	mov	r1, r9
10001a68:	0d5b      	lsrs	r3, r3, #21
10001a6a:	432b      	orrs	r3, r5
10001a6c:	80a3      	strh	r3, [r4, #4]
10001a6e:	4b31      	ldr	r3, [pc, #196]	; (10001b34 <irq_add_shared_handler+0x1e0>)
10001a70:	71e7      	strb	r7, [r4, #7]
10001a72:	4301      	orrs	r1, r0
10001a74:	6013      	str	r3, [r2, #0]
10001a76:	e7bd      	b.n	100019f4 <irq_add_shared_handler+0xa0>
10001a78:	0058      	lsls	r0, r3, #1
10001a7a:	18c0      	adds	r0, r0, r3
10001a7c:	0080      	lsls	r0, r0, #2
10001a7e:	1820      	adds	r0, r4, r0
10001a80:	79c6      	ldrb	r6, [r0, #7]
10001a82:	42be      	cmp	r6, r7
10001a84:	d92b      	bls.n	10001ade <irq_add_shared_handler+0x18a>
10001a86:	0002      	movs	r2, r0
10001a88:	2306      	movs	r3, #6
10001a8a:	56d3      	ldrsb	r3, [r2, r3]
10001a8c:	2b00      	cmp	r3, #0
10001a8e:	daf3      	bge.n	10001a78 <irq_add_shared_handler+0x124>
10001a90:	1d10      	adds	r0, r2, #4
10001a92:	4682      	mov	sl, r0
10001a94:	4828      	ldr	r0, [pc, #160]	; (10001b38 <irq_add_shared_handler+0x1e4>)
10001a96:	4680      	mov	r8, r0
10001a98:	2604      	movs	r6, #4
10001a9a:	4276      	negs	r6, r6
10001a9c:	46b4      	mov	ip, r6
10001a9e:	44e1      	add	r9, ip
10001aa0:	4650      	mov	r0, sl
10001aa2:	464e      	mov	r6, r9
10001aa4:	1a36      	subs	r6, r6, r0
10001aa6:	0530      	lsls	r0, r6, #20
10001aa8:	0d40      	lsrs	r0, r0, #21
10001aaa:	4682      	mov	sl, r0
10001aac:	4656      	mov	r6, sl
10001aae:	481c      	ldr	r0, [pc, #112]	; (10001b20 <irq_add_shared_handler+0x1cc>)
10001ab0:	7195      	strb	r5, [r2, #6]
10001ab2:	4306      	orrs	r6, r0
10001ab4:	8096      	strh	r6, [r2, #4]
10001ab6:	9a03      	ldr	r2, [sp, #12]
10001ab8:	4694      	mov	ip, r2
10001aba:	4465      	add	r5, ip
10001abc:	4a1d      	ldr	r2, [pc, #116]	; (10001b34 <irq_add_shared_handler+0x1e0>)
10001abe:	00ad      	lsls	r5, r5, #2
10001ac0:	1964      	adds	r4, r4, r5
10001ac2:	6022      	str	r2, [r4, #0]
10001ac4:	4642      	mov	r2, r8
10001ac6:	71a3      	strb	r3, [r4, #6]
10001ac8:	9b02      	ldr	r3, [sp, #8]
10001aca:	80a2      	strh	r2, [r4, #4]
10001acc:	71e7      	strb	r7, [r4, #7]
10001ace:	60a3      	str	r3, [r4, #8]
10001ad0:	e790      	b.n	100019f4 <irq_add_shared_handler+0xa0>
10001ad2:	f001 f875 	bl	10002bc0 <hard_assertion_failure>
10001ad6:	2500      	movs	r5, #0
10001ad8:	4653      	mov	r3, sl
10001ada:	575d      	ldrsb	r5, [r3, r5]
10001adc:	e754      	b.n	10001988 <irq_add_shared_handler+0x34>
10001ade:	1d10      	adds	r0, r2, #4
10001ae0:	4682      	mov	sl, r0
10001ae2:	8890      	ldrh	r0, [r2, #4]
10001ae4:	0540      	lsls	r0, r0, #21
10001ae6:	1500      	asrs	r0, r0, #20
10001ae8:	4684      	mov	ip, r0
10001aea:	4640      	mov	r0, r8
10001aec:	44d4      	add	ip, sl
10001aee:	4666      	mov	r6, ip
10001af0:	3004      	adds	r0, #4
10001af2:	1820      	adds	r0, r4, r0
10001af4:	1a30      	subs	r0, r6, r0
10001af6:	26e0      	movs	r6, #224	; 0xe0
10001af8:	0500      	lsls	r0, r0, #20
10001afa:	0d40      	lsrs	r0, r0, #21
10001afc:	0236      	lsls	r6, r6, #8
10001afe:	4330      	orrs	r0, r6
10001b00:	4680      	mov	r8, r0
10001b02:	e7c9      	b.n	10001a98 <irq_add_shared_handler+0x144>
10001b04:	f001 f85c 	bl	10002bc0 <hard_assertion_failure>
10001b08:	e757      	b.n	100019ba <irq_add_shared_handler+0x66>
10001b0a:	46c0      	nop			; (mov r8, r8)
10001b0c:	d0000124 	.word	0xd0000124
10001b10:	20001e35 	.word	0x20001e35
10001b14:	20000eec 	.word	0x20000eec
10001b18:	e000ed00 	.word	0xe000ed00
10001b1c:	100001cd 	.word	0x100001cd
10001b20:	ffffe000 	.word	0xffffe000
10001b24:	ffffa100 	.word	0xffffa100
10001b28:	20000f1c 	.word	0x20000f1c
10001b2c:	ffffbd01 	.word	0xffffbd01
10001b30:	0000aaaa 	.word	0x0000aaaa
10001b34:	47804801 	.word	0x47804801
10001b38:	0000bd01 	.word	0x0000bd01

10001b3c <irq_remove_handler>:
10001b3c:	b5f0      	push	{r4, r5, r6, r7, lr}
10001b3e:	46de      	mov	lr, fp
10001b40:	4657      	mov	r7, sl
10001b42:	464e      	mov	r6, r9
10001b44:	4645      	mov	r5, r8
10001b46:	b5e0      	push	{r5, r6, r7, lr}
10001b48:	000c      	movs	r4, r1
10001b4a:	b083      	sub	sp, #12
10001b4c:	f3ef 8910 	mrs	r9, PRIMASK
10001b50:	b672      	cpsid	i
10001b52:	4a58      	ldr	r2, [pc, #352]	; (10001cb4 <irq_remove_handler+0x178>)
10001b54:	6813      	ldr	r3, [r2, #0]
10001b56:	2b00      	cmp	r3, #0
10001b58:	d0fc      	beq.n	10001b54 <irq_remove_handler+0x18>
10001b5a:	f3bf 8f5f 	dmb	sy
10001b5e:	4b56      	ldr	r3, [pc, #344]	; (10001cb8 <irq_remove_handler+0x17c>)
10001b60:	689a      	ldr	r2, [r3, #8]
10001b62:	0003      	movs	r3, r0
10001b64:	3310      	adds	r3, #16
10001b66:	009f      	lsls	r7, r3, #2
10001b68:	59d5      	ldr	r5, [r2, r7]
10001b6a:	4a54      	ldr	r2, [pc, #336]	; (10001cbc <irq_remove_handler+0x180>)
10001b6c:	4690      	mov	r8, r2
10001b6e:	4295      	cmp	r5, r2
10001b70:	d032      	beq.n	10001bd8 <irq_remove_handler+0x9c>
10001b72:	42a5      	cmp	r5, r4
10001b74:	d043      	beq.n	10001bfe <irq_remove_handler+0xc2>
10001b76:	4e52      	ldr	r6, [pc, #328]	; (10001cc0 <irq_remove_handler+0x184>)
10001b78:	1baa      	subs	r2, r5, r6
10001b7a:	2a2f      	cmp	r2, #47	; 0x2f
10001b7c:	d82c      	bhi.n	10001bd8 <irq_remove_handler+0x9c>
10001b7e:	2201      	movs	r2, #1
10001b80:	4082      	lsls	r2, r0
10001b82:	4692      	mov	sl, r2
10001b84:	4651      	mov	r1, sl
10001b86:	4a4f      	ldr	r2, [pc, #316]	; (10001cc4 <irq_remove_handler+0x188>)
10001b88:	6812      	ldr	r2, [r2, #0]
10001b8a:	4011      	ands	r1, r2
10001b8c:	9101      	str	r1, [sp, #4]
10001b8e:	4651      	mov	r1, sl
10001b90:	4a4d      	ldr	r2, [pc, #308]	; (10001cc8 <irq_remove_handler+0x18c>)
10001b92:	6011      	str	r1, [r2, #0]
10001b94:	f3bf 8f5f 	dmb	sy
10001b98:	f3ef 8205 	mrs	r2, IPSR
10001b9c:	4693      	mov	fp, r2
10001b9e:	2a00      	cmp	r2, #0
10001ba0:	d133      	bne.n	10001c0a <irq_remove_handler+0xce>
10001ba2:	2301      	movs	r3, #1
10001ba4:	002a      	movs	r2, r5
10001ba6:	439a      	bics	r2, r3
10001ba8:	6893      	ldr	r3, [r2, #8]
10001baa:	429c      	cmp	r4, r3
10001bac:	d108      	bne.n	10001bc0 <irq_remove_handler+0x84>
10001bae:	e077      	b.n	10001ca0 <irq_remove_handler+0x164>
10001bb0:	004b      	lsls	r3, r1, #1
10001bb2:	185b      	adds	r3, r3, r1
10001bb4:	009b      	lsls	r3, r3, #2
10001bb6:	18f3      	adds	r3, r6, r3
10001bb8:	6899      	ldr	r1, [r3, #8]
10001bba:	42a1      	cmp	r1, r4
10001bbc:	d02a      	beq.n	10001c14 <irq_remove_handler+0xd8>
10001bbe:	001a      	movs	r2, r3
10001bc0:	2106      	movs	r1, #6
10001bc2:	5651      	ldrsb	r1, [r2, r1]
10001bc4:	2900      	cmp	r1, #0
10001bc6:	daf3      	bge.n	10001bb0 <irq_remove_handler+0x74>
10001bc8:	9b01      	ldr	r3, [sp, #4]
10001bca:	2b00      	cmp	r3, #0
10001bcc:	d019      	beq.n	10001c02 <irq_remove_handler+0xc6>
10001bce:	4652      	mov	r2, sl
10001bd0:	4b3e      	ldr	r3, [pc, #248]	; (10001ccc <irq_remove_handler+0x190>)
10001bd2:	601a      	str	r2, [r3, #0]
10001bd4:	4b3b      	ldr	r3, [pc, #236]	; (10001cc4 <irq_remove_handler+0x188>)
10001bd6:	601a      	str	r2, [r3, #0]
10001bd8:	4b37      	ldr	r3, [pc, #220]	; (10001cb8 <irq_remove_handler+0x17c>)
10001bda:	689b      	ldr	r3, [r3, #8]
10001bdc:	51dd      	str	r5, [r3, r7]
10001bde:	f3bf 8f5f 	dmb	sy
10001be2:	f3bf 8f5f 	dmb	sy
10001be6:	2200      	movs	r2, #0
10001be8:	4b32      	ldr	r3, [pc, #200]	; (10001cb4 <irq_remove_handler+0x178>)
10001bea:	601a      	str	r2, [r3, #0]
10001bec:	f389 8810 	msr	PRIMASK, r9
10001bf0:	b003      	add	sp, #12
10001bf2:	bcf0      	pop	{r4, r5, r6, r7}
10001bf4:	46bb      	mov	fp, r7
10001bf6:	46b2      	mov	sl, r6
10001bf8:	46a9      	mov	r9, r5
10001bfa:	46a0      	mov	r8, r4
10001bfc:	bdf0      	pop	{r4, r5, r6, r7, pc}
10001bfe:	0015      	movs	r5, r2
10001c00:	e7ea      	b.n	10001bd8 <irq_remove_handler+0x9c>
10001c02:	4652      	mov	r2, sl
10001c04:	4b30      	ldr	r3, [pc, #192]	; (10001cc8 <irq_remove_handler+0x18c>)
10001c06:	601a      	str	r2, [r3, #0]
10001c08:	e7e6      	b.n	10001bd8 <irq_remove_handler+0x9c>
10001c0a:	4293      	cmp	r3, r2
10001c0c:	d0c9      	beq.n	10001ba2 <irq_remove_handler+0x66>
10001c0e:	f000 ffd7 	bl	10002bc0 <hard_assertion_failure>
10001c12:	e7c6      	b.n	10001ba2 <irq_remove_handler+0x66>
10001c14:	2106      	movs	r1, #6
10001c16:	5659      	ldrsb	r1, [r3, r1]
10001c18:	2900      	cmp	r1, #0
10001c1a:	db21      	blt.n	10001c60 <irq_remove_handler+0x124>
10001c1c:	004a      	lsls	r2, r1, #1
10001c1e:	1850      	adds	r0, r2, r1
10001c20:	0080      	lsls	r0, r0, #2
10001c22:	1834      	adds	r4, r6, r0
10001c24:	4680      	mov	r8, r0
10001c26:	68a0      	ldr	r0, [r4, #8]
10001c28:	6098      	str	r0, [r3, #8]
10001c2a:	79e0      	ldrb	r0, [r4, #7]
10001c2c:	71d8      	strb	r0, [r3, #7]
10001c2e:	2006      	movs	r0, #6
10001c30:	5620      	ldrsb	r0, [r4, r0]
10001c32:	7198      	strb	r0, [r3, #6]
10001c34:	2800      	cmp	r0, #0
10001c36:	db24      	blt.n	10001c82 <irq_remove_handler+0x146>
10001c38:	88a4      	ldrh	r4, [r4, #4]
10001c3a:	1af0      	subs	r0, r6, r3
10001c3c:	0564      	lsls	r4, r4, #21
10001c3e:	1524      	asrs	r4, r4, #20
10001c40:	4444      	add	r4, r8
10001c42:	1900      	adds	r0, r0, r4
10001c44:	24e0      	movs	r4, #224	; 0xe0
10001c46:	0500      	lsls	r0, r0, #20
10001c48:	0d40      	lsrs	r0, r0, #21
10001c4a:	0224      	lsls	r4, r4, #8
10001c4c:	4320      	orrs	r0, r4
10001c4e:	8098      	strh	r0, [r3, #4]
10001c50:	1852      	adds	r2, r2, r1
10001c52:	4b1f      	ldr	r3, [pc, #124]	; (10001cd0 <irq_remove_handler+0x194>)
10001c54:	0092      	lsls	r2, r2, #2
10001c56:	18b6      	adds	r6, r6, r2
10001c58:	781a      	ldrb	r2, [r3, #0]
10001c5a:	7019      	strb	r1, [r3, #0]
10001c5c:	71b2      	strb	r2, [r6, #6]
10001c5e:	e7b3      	b.n	10001bc8 <irq_remove_handler+0x8c>
10001c60:	4659      	mov	r1, fp
10001c62:	2900      	cmp	r1, #0
10001c64:	d10f      	bne.n	10001c86 <irq_remove_handler+0x14a>
10001c66:	31ff      	adds	r1, #255	; 0xff
10001c68:	7191      	strb	r1, [r2, #6]
10001c6a:	491a      	ldr	r1, [pc, #104]	; (10001cd4 <irq_remove_handler+0x198>)
10001c6c:	8091      	strh	r1, [r2, #4]
10001c6e:	4918      	ldr	r1, [pc, #96]	; (10001cd0 <irq_remove_handler+0x194>)
10001c70:	780a      	ldrb	r2, [r1, #0]
10001c72:	719a      	strb	r2, [r3, #6]
10001c74:	4a18      	ldr	r2, [pc, #96]	; (10001cd8 <irq_remove_handler+0x19c>)
10001c76:	1b9b      	subs	r3, r3, r6
10001c78:	415b      	adcs	r3, r3
10001c7a:	435a      	muls	r2, r3
10001c7c:	0d12      	lsrs	r2, r2, #20
10001c7e:	700a      	strb	r2, [r1, #0]
10001c80:	e7a2      	b.n	10001bc8 <irq_remove_handler+0x8c>
10001c82:	4816      	ldr	r0, [pc, #88]	; (10001cdc <irq_remove_handler+0x1a0>)
10001c84:	e7e3      	b.n	10001c4e <irq_remove_handler+0x112>
10001c86:	4a16      	ldr	r2, [pc, #88]	; (10001ce0 <irq_remove_handler+0x1a4>)
10001c88:	4916      	ldr	r1, [pc, #88]	; (10001ce4 <irq_remove_handler+0x1a8>)
10001c8a:	1ad2      	subs	r2, r2, r3
10001c8c:	3a08      	subs	r2, #8
10001c8e:	0250      	lsls	r0, r2, #9
10001c90:	0d40      	lsrs	r0, r0, #21
10001c92:	4301      	orrs	r1, r0
10001c94:	8099      	strh	r1, [r3, #4]
10001c96:	4914      	ldr	r1, [pc, #80]	; (10001ce8 <irq_remove_handler+0x1ac>)
10001c98:	0852      	lsrs	r2, r2, #1
10001c9a:	430a      	orrs	r2, r1
10001c9c:	80da      	strh	r2, [r3, #6]
10001c9e:	e793      	b.n	10001bc8 <irq_remove_handler+0x8c>
10001ca0:	2106      	movs	r1, #6
10001ca2:	5651      	ldrsb	r1, [r2, r1]
10001ca4:	0013      	movs	r3, r2
10001ca6:	2900      	cmp	r1, #0
10001ca8:	dab8      	bge.n	10001c1c <irq_remove_handler+0xe0>
10001caa:	465a      	mov	r2, fp
10001cac:	2a00      	cmp	r2, #0
10001cae:	d1ea      	bne.n	10001c86 <irq_remove_handler+0x14a>
10001cb0:	4645      	mov	r5, r8
10001cb2:	e7dc      	b.n	10001c6e <irq_remove_handler+0x132>
10001cb4:	d0000124 	.word	0xd0000124
10001cb8:	e000ed00 	.word	0xe000ed00
10001cbc:	100001cd 	.word	0x100001cd
10001cc0:	20000eec 	.word	0x20000eec
10001cc4:	e000e100 	.word	0xe000e100
10001cc8:	e000e180 	.word	0xe000e180
10001ccc:	e000e280 	.word	0xe000e280
10001cd0:	20001e35 	.word	0x20001e35
10001cd4:	ffffbd01 	.word	0xffffbd01
10001cd8:	0000aaaa 	.word	0x0000aaaa
10001cdc:	0000bd01 	.word	0x0000bd01
10001ce0:	20000f26 	.word	0x20000f26
10001ce4:	fffff000 	.word	0xfffff000
10001ce8:	fffff800 	.word	0xfffff800

10001cec <irq_add_tail_to_free_list>:
10001cec:	b570      	push	{r4, r5, r6, lr}
10001cee:	f3ef 8105 	mrs	r1, IPSR
10001cf2:	2401      	movs	r4, #1
10001cf4:	4304      	orrs	r4, r0
10001cf6:	f3ef 8c10 	mrs	ip, PRIMASK
10001cfa:	b672      	cpsid	i
10001cfc:	4a21      	ldr	r2, [pc, #132]	; (10001d84 <irq_add_tail_to_free_list+0x98>)
10001cfe:	6813      	ldr	r3, [r2, #0]
10001d00:	2b00      	cmp	r3, #0
10001d02:	d0fc      	beq.n	10001cfe <irq_add_tail_to_free_list+0x12>
10001d04:	f3bf 8f5f 	dmb	sy
10001d08:	4b1f      	ldr	r3, [pc, #124]	; (10001d88 <irq_add_tail_to_free_list+0x9c>)
10001d0a:	0005      	movs	r5, r0
10001d0c:	4a1f      	ldr	r2, [pc, #124]	; (10001d8c <irq_add_tail_to_free_list+0xa0>)
10001d0e:	1aed      	subs	r5, r5, r3
10001d10:	416d      	adcs	r5, r5
10001d12:	436a      	muls	r2, r5
10001d14:	0d12      	lsrs	r2, r2, #20
10001d16:	4d1e      	ldr	r5, [pc, #120]	; (10001d90 <irq_add_tail_to_free_list+0xa4>)
10001d18:	0089      	lsls	r1, r1, #2
10001d1a:	68ae      	ldr	r6, [r5, #8]
10001d1c:	b252      	sxtb	r2, r2
10001d1e:	5876      	ldr	r6, [r6, r1]
10001d20:	42a6      	cmp	r6, r4
10001d22:	d01c      	beq.n	10001d5e <irq_add_tail_to_free_list+0x72>
10001d24:	2106      	movs	r1, #6
10001d26:	5659      	ldrsb	r1, [r3, r1]
10001d28:	4291      	cmp	r1, r2
10001d2a:	d01c      	beq.n	10001d66 <irq_add_tail_to_free_list+0x7a>
10001d2c:	2112      	movs	r1, #18
10001d2e:	5659      	ldrsb	r1, [r3, r1]
10001d30:	4291      	cmp	r1, r2
10001d32:	d022      	beq.n	10001d7a <irq_add_tail_to_free_list+0x8e>
10001d34:	211e      	movs	r1, #30
10001d36:	5659      	ldrsb	r1, [r3, r1]
10001d38:	4291      	cmp	r1, r2
10001d3a:	d020      	beq.n	10001d7e <irq_add_tail_to_free_list+0x92>
10001d3c:	212a      	movs	r1, #42	; 0x2a
10001d3e:	5659      	ldrsb	r1, [r3, r1]
10001d40:	2403      	movs	r4, #3
10001d42:	4291      	cmp	r1, r2
10001d44:	d010      	beq.n	10001d68 <irq_add_tail_to_free_list+0x7c>
10001d46:	4b13      	ldr	r3, [pc, #76]	; (10001d94 <irq_add_tail_to_free_list+0xa8>)
10001d48:	7819      	ldrb	r1, [r3, #0]
10001d4a:	701a      	strb	r2, [r3, #0]
10001d4c:	7181      	strb	r1, [r0, #6]
10001d4e:	f3bf 8f5f 	dmb	sy
10001d52:	2200      	movs	r2, #0
10001d54:	4b0b      	ldr	r3, [pc, #44]	; (10001d84 <irq_add_tail_to_free_list+0x98>)
10001d56:	601a      	str	r2, [r3, #0]
10001d58:	f38c 8810 	msr	PRIMASK, ip
10001d5c:	bd70      	pop	{r4, r5, r6, pc}
10001d5e:	68ab      	ldr	r3, [r5, #8]
10001d60:	4c0d      	ldr	r4, [pc, #52]	; (10001d98 <irq_add_tail_to_free_list+0xac>)
10001d62:	505c      	str	r4, [r3, r1]
10001d64:	e7ef      	b.n	10001d46 <irq_add_tail_to_free_list+0x5a>
10001d66:	2400      	movs	r4, #0
10001d68:	0061      	lsls	r1, r4, #1
10001d6a:	1909      	adds	r1, r1, r4
10001d6c:	0089      	lsls	r1, r1, #2
10001d6e:	185b      	adds	r3, r3, r1
10001d70:	21ff      	movs	r1, #255	; 0xff
10001d72:	7199      	strb	r1, [r3, #6]
10001d74:	4909      	ldr	r1, [pc, #36]	; (10001d9c <irq_add_tail_to_free_list+0xb0>)
10001d76:	8099      	strh	r1, [r3, #4]
10001d78:	e7e5      	b.n	10001d46 <irq_add_tail_to_free_list+0x5a>
10001d7a:	2401      	movs	r4, #1
10001d7c:	e7f4      	b.n	10001d68 <irq_add_tail_to_free_list+0x7c>
10001d7e:	2402      	movs	r4, #2
10001d80:	e7f2      	b.n	10001d68 <irq_add_tail_to_free_list+0x7c>
10001d82:	46c0      	nop			; (mov r8, r8)
10001d84:	d0000124 	.word	0xd0000124
10001d88:	20000eec 	.word	0x20000eec
10001d8c:	0000aaaa 	.word	0x0000aaaa
10001d90:	e000ed00 	.word	0xe000ed00
10001d94:	20001e35 	.word	0x20001e35
10001d98:	100001cd 	.word	0x100001cd
10001d9c:	ffffbd01 	.word	0xffffbd01

10001da0 <irq_init_priorities>:
10001da0:	4b05      	ldr	r3, [pc, #20]	; (10001db8 <irq_init_priorities+0x18>)
10001da2:	4a06      	ldr	r2, [pc, #24]	; (10001dbc <irq_init_priorities+0x1c>)
10001da4:	6013      	str	r3, [r2, #0]
10001da6:	4a06      	ldr	r2, [pc, #24]	; (10001dc0 <irq_init_priorities+0x20>)
10001da8:	6013      	str	r3, [r2, #0]
10001daa:	6053      	str	r3, [r2, #4]
10001dac:	6093      	str	r3, [r2, #8]
10001dae:	60d3      	str	r3, [r2, #12]
10001db0:	6113      	str	r3, [r2, #16]
10001db2:	6153      	str	r3, [r2, #20]
10001db4:	6193      	str	r3, [r2, #24]
10001db6:	4770      	bx	lr
10001db8:	80808080 	.word	0x80808080
10001dbc:	e000e400 	.word	0xe000e400
10001dc0:	e000e404 	.word	0xe000e404

10001dc4 <user_irq_claim_unused>:
10001dc4:	b500      	push	{lr}
10001dc6:	4b07      	ldr	r3, [pc, #28]	; (10001de4 <user_irq_claim_unused+0x20>)
10001dc8:	b083      	sub	sp, #12
10001dca:	0001      	movs	r1, r0
10001dcc:	9300      	str	r3, [sp, #0]
10001dce:	2200      	movs	r2, #0
10001dd0:	2305      	movs	r3, #5
10001dd2:	4805      	ldr	r0, [pc, #20]	; (10001de8 <user_irq_claim_unused+0x24>)
10001dd4:	f7fe ffba 	bl	10000d4c <hw_claim_unused_from_range>
10001dd8:	2800      	cmp	r0, #0
10001dda:	db01      	blt.n	10001de0 <user_irq_claim_unused+0x1c>
10001ddc:	231f      	movs	r3, #31
10001dde:	1a18      	subs	r0, r3, r0
10001de0:	b003      	add	sp, #12
10001de2:	bd00      	pop	{pc}
10001de4:	10007848 	.word	0x10007848
10001de8:	20001e3a 	.word	0x20001e3a

10001dec <lock_init>:
10001dec:	4b02      	ldr	r3, [pc, #8]	; (10001df8 <lock_init+0xc>)
10001dee:	469c      	mov	ip, r3
10001df0:	4461      	add	r1, ip
10001df2:	0089      	lsls	r1, r1, #2
10001df4:	6001      	str	r1, [r0, #0]
10001df6:	4770      	bx	lr
10001df8:	34000040 	.word	0x34000040

10001dfc <mutex_init>:
10001dfc:	b510      	push	{r4, lr}
10001dfe:	0004      	movs	r4, r0
10001e00:	f7ff f800 	bl	10000e04 <next_striped_spin_lock_num>
10001e04:	0001      	movs	r1, r0
10001e06:	0020      	movs	r0, r4
10001e08:	f7ff fff0 	bl	10001dec <lock_init>
10001e0c:	23ff      	movs	r3, #255	; 0xff
10001e0e:	7123      	strb	r3, [r4, #4]
10001e10:	f3bf 8f5f 	dmb	sy
10001e14:	bd10      	pop	{r4, pc}
10001e16:	46c0      	nop			; (mov r8, r8)

10001e18 <recursive_mutex_init>:
10001e18:	b510      	push	{r4, lr}
10001e1a:	0004      	movs	r4, r0
10001e1c:	f7fe fff2 	bl	10000e04 <next_striped_spin_lock_num>
10001e20:	0001      	movs	r1, r0
10001e22:	0020      	movs	r0, r4
10001e24:	f7ff ffe2 	bl	10001dec <lock_init>
10001e28:	23ff      	movs	r3, #255	; 0xff
10001e2a:	80a3      	strh	r3, [r4, #4]
10001e2c:	f3bf 8f5f 	dmb	sy
10001e30:	bd10      	pop	{r4, pc}
10001e32:	46c0      	nop			; (mov r8, r8)

10001e34 <critical_section_init>:
10001e34:	b510      	push	{r4, lr}
10001e36:	0004      	movs	r4, r0
10001e38:	2001      	movs	r0, #1
10001e3a:	f7fe ffef 	bl	10000e1c <spin_lock_claim_unused>
10001e3e:	4b04      	ldr	r3, [pc, #16]	; (10001e50 <critical_section_init+0x1c>)
10001e40:	469c      	mov	ip, r3
10001e42:	4460      	add	r0, ip
10001e44:	0080      	lsls	r0, r0, #2
10001e46:	6020      	str	r0, [r4, #0]
10001e48:	f3bf 8f5f 	dmb	sy
10001e4c:	bd10      	pop	{r4, pc}
10001e4e:	46c0      	nop			; (mov r8, r8)
10001e50:	34000040 	.word	0x34000040

10001e54 <critical_section_init_with_lock_num>:
10001e54:	4b03      	ldr	r3, [pc, #12]	; (10001e64 <critical_section_init_with_lock_num+0x10>)
10001e56:	469c      	mov	ip, r3
10001e58:	4461      	add	r1, ip
10001e5a:	0089      	lsls	r1, r1, #2
10001e5c:	6001      	str	r1, [r0, #0]
10001e5e:	f3bf 8f5f 	dmb	sy
10001e62:	4770      	bx	lr
10001e64:	34000040 	.word	0x34000040

10001e68 <ph_merge_nodes>:
10001e68:	b570      	push	{r4, r5, r6, lr}
10001e6a:	0005      	movs	r5, r0
10001e6c:	0014      	movs	r4, r2
10001e6e:	0016      	movs	r6, r2
10001e70:	2900      	cmp	r1, #0
10001e72:	d015      	beq.n	10001ea0 <ph_merge_nodes+0x38>
10001e74:	000c      	movs	r4, r1
10001e76:	2a00      	cmp	r2, #0
10001e78:	d012      	beq.n	10001ea0 <ph_merge_nodes+0x38>
10001e7a:	6880      	ldr	r0, [r0, #8]
10001e7c:	686b      	ldr	r3, [r5, #4]
10001e7e:	4798      	blx	r3
10001e80:	6829      	ldr	r1, [r5, #0]
10001e82:	2800      	cmp	r0, #0
10001e84:	d00e      	beq.n	10001ea4 <ph_merge_nodes+0x3c>
10001e86:	0073      	lsls	r3, r6, #1
10001e88:	199b      	adds	r3, r3, r6
10001e8a:	0062      	lsls	r2, r4, #1
10001e8c:	3b03      	subs	r3, #3
10001e8e:	1912      	adds	r2, r2, r4
10001e90:	18cb      	adds	r3, r1, r3
10001e92:	3a03      	subs	r2, #3
10001e94:	709c      	strb	r4, [r3, #2]
10001e96:	1888      	adds	r0, r1, r2
10001e98:	5c8a      	ldrb	r2, [r1, r2]
10001e9a:	2a00      	cmp	r2, #0
10001e9c:	d115      	bne.n	10001eca <ph_merge_nodes+0x62>
10001e9e:	7006      	strb	r6, [r0, #0]
10001ea0:	0020      	movs	r0, r4
10001ea2:	bd70      	pop	{r4, r5, r6, pc}
10001ea4:	0063      	lsls	r3, r4, #1
10001ea6:	191b      	adds	r3, r3, r4
10001ea8:	0072      	lsls	r2, r6, #1
10001eaa:	3b03      	subs	r3, #3
10001eac:	1992      	adds	r2, r2, r6
10001eae:	18cb      	adds	r3, r1, r3
10001eb0:	3a03      	subs	r2, #3
10001eb2:	709e      	strb	r6, [r3, #2]
10001eb4:	1888      	adds	r0, r1, r2
10001eb6:	5c8a      	ldrb	r2, [r1, r2]
10001eb8:	2a00      	cmp	r2, #0
10001eba:	d102      	bne.n	10001ec2 <ph_merge_nodes+0x5a>
10001ebc:	7004      	strb	r4, [r0, #0]
10001ebe:	0034      	movs	r4, r6
10001ec0:	e7ee      	b.n	10001ea0 <ph_merge_nodes+0x38>
10001ec2:	705a      	strb	r2, [r3, #1]
10001ec4:	7004      	strb	r4, [r0, #0]
10001ec6:	0034      	movs	r4, r6
10001ec8:	e7ea      	b.n	10001ea0 <ph_merge_nodes+0x38>
10001eca:	705a      	strb	r2, [r3, #1]
10001ecc:	7006      	strb	r6, [r0, #0]
10001ece:	e7e7      	b.n	10001ea0 <ph_merge_nodes+0x38>

10001ed0 <ph_post_alloc_init>:
10001ed0:	b530      	push	{r4, r5, lr}
10001ed2:	6083      	str	r3, [r0, #8]
10001ed4:	2300      	movs	r3, #0
10001ed6:	b2cc      	uxtb	r4, r1
10001ed8:	7343      	strb	r3, [r0, #13]
10001eda:	3301      	adds	r3, #1
10001edc:	7304      	strb	r4, [r0, #12]
10001ede:	6042      	str	r2, [r0, #4]
10001ee0:	7383      	strb	r3, [r0, #14]
10001ee2:	73c4      	strb	r4, [r0, #15]
10001ee4:	000d      	movs	r5, r1
10001ee6:	6800      	ldr	r0, [r0, #0]
10001ee8:	2c01      	cmp	r4, #1
10001eea:	d906      	bls.n	10001efa <ph_post_alloc_init+0x2a>
10001eec:	1c42      	adds	r2, r0, #1
10001eee:	3301      	adds	r3, #1
10001ef0:	b2db      	uxtb	r3, r3
10001ef2:	7013      	strb	r3, [r2, #0]
10001ef4:	3203      	adds	r2, #3
10001ef6:	429c      	cmp	r4, r3
10001ef8:	d1f9      	bne.n	10001eee <ph_post_alloc_init+0x1e>
10001efa:	21ff      	movs	r1, #255	; 0xff
10001efc:	4029      	ands	r1, r5
10001efe:	004b      	lsls	r3, r1, #1
10001f00:	1859      	adds	r1, r3, r1
10001f02:	2300      	movs	r3, #0
10001f04:	1840      	adds	r0, r0, r1
10001f06:	3803      	subs	r0, #3
10001f08:	7043      	strb	r3, [r0, #1]
10001f0a:	bd30      	pop	{r4, r5, pc}

10001f0c <ph_merge_two_pass>:
10001f0c:	b5f8      	push	{r3, r4, r5, r6, r7, lr}
10001f0e:	46ce      	mov	lr, r9
10001f10:	4647      	mov	r7, r8
10001f12:	0006      	movs	r6, r0
10001f14:	000c      	movs	r4, r1
10001f16:	b580      	push	{r7, lr}
10001f18:	2900      	cmp	r1, #0
10001f1a:	d007      	beq.n	10001f2c <ph_merge_two_pass+0x20>
10001f1c:	004d      	lsls	r5, r1, #1
10001f1e:	6803      	ldr	r3, [r0, #0]
10001f20:	186d      	adds	r5, r5, r1
10001f22:	3d03      	subs	r5, #3
10001f24:	195a      	adds	r2, r3, r5
10001f26:	7857      	ldrb	r7, [r2, #1]
10001f28:	2f00      	cmp	r7, #0
10001f2a:	d104      	bne.n	10001f36 <ph_merge_two_pass+0x2a>
10001f2c:	0020      	movs	r0, r4
10001f2e:	bcc0      	pop	{r6, r7}
10001f30:	46b9      	mov	r9, r7
10001f32:	46b0      	mov	r8, r6
10001f34:	bdf8      	pop	{r3, r4, r5, r6, r7, pc}
10001f36:	0079      	lsls	r1, r7, #1
10001f38:	19c9      	adds	r1, r1, r7
10001f3a:	3903      	subs	r1, #3
10001f3c:	4688      	mov	r8, r1
10001f3e:	4443      	add	r3, r8
10001f40:	7859      	ldrb	r1, [r3, #1]
10001f42:	4689      	mov	r9, r1
10001f44:	2100      	movs	r1, #0
10001f46:	7059      	strb	r1, [r3, #1]
10001f48:	7051      	strb	r1, [r2, #1]
10001f4a:	6873      	ldr	r3, [r6, #4]
10001f4c:	003a      	movs	r2, r7
10001f4e:	0021      	movs	r1, r4
10001f50:	6880      	ldr	r0, [r0, #8]
10001f52:	4798      	blx	r3
10001f54:	6833      	ldr	r3, [r6, #0]
10001f56:	2800      	cmp	r0, #0
10001f58:	d014      	beq.n	10001f84 <ph_merge_two_pass+0x78>
10001f5a:	4642      	mov	r2, r8
10001f5c:	189a      	adds	r2, r3, r2
10001f5e:	7094      	strb	r4, [r2, #2]
10001f60:	1959      	adds	r1, r3, r5
10001f62:	5d5b      	ldrb	r3, [r3, r5]
10001f64:	2b00      	cmp	r3, #0
10001f66:	d000      	beq.n	10001f6a <ph_merge_two_pass+0x5e>
10001f68:	7053      	strb	r3, [r2, #1]
10001f6a:	700f      	strb	r7, [r1, #0]
10001f6c:	0027      	movs	r7, r4
10001f6e:	4649      	mov	r1, r9
10001f70:	0030      	movs	r0, r6
10001f72:	f7ff ffcb 	bl	10001f0c <ph_merge_two_pass>
10001f76:	0039      	movs	r1, r7
10001f78:	0002      	movs	r2, r0
10001f7a:	0030      	movs	r0, r6
10001f7c:	f7ff ff74 	bl	10001e68 <ph_merge_nodes>
10001f80:	0004      	movs	r4, r0
10001f82:	e7d3      	b.n	10001f2c <ph_merge_two_pass+0x20>
10001f84:	4642      	mov	r2, r8
10001f86:	4641      	mov	r1, r8
10001f88:	195d      	adds	r5, r3, r5
10001f8a:	70af      	strb	r7, [r5, #2]
10001f8c:	189a      	adds	r2, r3, r2
10001f8e:	5c5b      	ldrb	r3, [r3, r1]
10001f90:	2b00      	cmp	r3, #0
10001f92:	d000      	beq.n	10001f96 <ph_merge_two_pass+0x8a>
10001f94:	706b      	strb	r3, [r5, #1]
10001f96:	7014      	strb	r4, [r2, #0]
10001f98:	e7e9      	b.n	10001f6e <ph_merge_two_pass+0x62>
10001f9a:	46c0      	nop			; (mov r8, r8)

10001f9c <ph_remove_any_head>:
10001f9c:	b5f0      	push	{r4, r5, r6, r7, lr}
10001f9e:	4657      	mov	r7, sl
10001fa0:	4645      	mov	r5, r8
10001fa2:	46de      	mov	lr, fp
10001fa4:	464e      	mov	r6, r9
10001fa6:	b5e0      	push	{r5, r6, r7, lr}
10001fa8:	000d      	movs	r5, r1
10001faa:	006b      	lsls	r3, r5, #1
10001fac:	6801      	ldr	r1, [r0, #0]
10001fae:	195b      	adds	r3, r3, r5
10001fb0:	1edf      	subs	r7, r3, #3
10001fb2:	0004      	movs	r4, r0
10001fb4:	5dc8      	ldrb	r0, [r1, r7]
10001fb6:	b083      	sub	sp, #12
10001fb8:	9201      	str	r2, [sp, #4]
10001fba:	19ca      	adds	r2, r1, r7
10001fbc:	2800      	cmp	r0, #0
10001fbe:	d050      	beq.n	10002062 <ph_remove_any_head+0xc6>
10001fc0:	0043      	lsls	r3, r0, #1
10001fc2:	181b      	adds	r3, r3, r0
10001fc4:	3b03      	subs	r3, #3
10001fc6:	18cb      	adds	r3, r1, r3
10001fc8:	785e      	ldrb	r6, [r3, #1]
10001fca:	46b4      	mov	ip, r6
10001fcc:	2e00      	cmp	r6, #0
10001fce:	d11a      	bne.n	10002006 <ph_remove_any_head+0x6a>
10001fd0:	9e01      	ldr	r6, [sp, #4]
10001fd2:	2e00      	cmp	r6, #0
10001fd4:	d042      	beq.n	1000205c <ph_remove_any_head+0xc0>
10001fd6:	7be6      	ldrb	r6, [r4, #15]
10001fd8:	2e00      	cmp	r6, #0
10001fda:	d004      	beq.n	10001fe6 <ph_remove_any_head+0x4a>
10001fdc:	0073      	lsls	r3, r6, #1
10001fde:	199b      	adds	r3, r3, r6
10001fe0:	18cb      	adds	r3, r1, r3
10001fe2:	3b03      	subs	r3, #3
10001fe4:	705d      	strb	r5, [r3, #1]
10001fe6:	7ba3      	ldrb	r3, [r4, #14]
10001fe8:	2b00      	cmp	r3, #0
10001fea:	d100      	bne.n	10001fee <ph_remove_any_head+0x52>
10001fec:	73a5      	strb	r5, [r4, #14]
10001fee:	73e5      	strb	r5, [r4, #15]
10001ff0:	2800      	cmp	r0, #0
10001ff2:	d12f      	bne.n	10002054 <ph_remove_any_head+0xb8>
10001ff4:	2300      	movs	r3, #0
10001ff6:	7053      	strb	r3, [r2, #1]
10001ff8:	b003      	add	sp, #12
10001ffa:	bcf0      	pop	{r4, r5, r6, r7}
10001ffc:	46bb      	mov	fp, r7
10001ffe:	46b2      	mov	sl, r6
10002000:	46a9      	mov	r9, r5
10002002:	46a0      	mov	r8, r4
10002004:	bdf0      	pop	{r4, r5, r6, r7, pc}
10002006:	0072      	lsls	r2, r6, #1
10002008:	4462      	add	r2, ip
1000200a:	3a03      	subs	r2, #3
1000200c:	1889      	adds	r1, r1, r2
1000200e:	784a      	ldrb	r2, [r1, #1]
10002010:	4690      	mov	r8, r2
10002012:	2200      	movs	r2, #0
10002014:	704a      	strb	r2, [r1, #1]
10002016:	4691      	mov	r9, r2
10002018:	705a      	strb	r2, [r3, #1]
1000201a:	0001      	movs	r1, r0
1000201c:	0032      	movs	r2, r6
1000201e:	0020      	movs	r0, r4
10002020:	f7ff ff22 	bl	10001e68 <ph_merge_nodes>
10002024:	4643      	mov	r3, r8
10002026:	4682      	mov	sl, r0
10002028:	2b00      	cmp	r3, #0
1000202a:	d007      	beq.n	1000203c <ph_remove_any_head+0xa0>
1000202c:	005b      	lsls	r3, r3, #1
1000202e:	6821      	ldr	r1, [r4, #0]
10002030:	4443      	add	r3, r8
10002032:	3b03      	subs	r3, #3
10002034:	18cb      	adds	r3, r1, r3
10002036:	785a      	ldrb	r2, [r3, #1]
10002038:	2a00      	cmp	r2, #0
1000203a:	d116      	bne.n	1000206a <ph_remove_any_head+0xce>
1000203c:	4642      	mov	r2, r8
1000203e:	4651      	mov	r1, sl
10002040:	0020      	movs	r0, r4
10002042:	f7ff ff11 	bl	10001e68 <ph_merge_nodes>
10002046:	6821      	ldr	r1, [r4, #0]
10002048:	9b01      	ldr	r3, [sp, #4]
1000204a:	19ca      	adds	r2, r1, r7
1000204c:	2b00      	cmp	r3, #0
1000204e:	d1c2      	bne.n	10001fd6 <ph_remove_any_head+0x3a>
10002050:	2800      	cmp	r0, #0
10002052:	d0cf      	beq.n	10001ff4 <ph_remove_any_head+0x58>
10002054:	0043      	lsls	r3, r0, #1
10002056:	181b      	adds	r3, r3, r0
10002058:	3b03      	subs	r3, #3
1000205a:	18cb      	adds	r3, r1, r3
1000205c:	2100      	movs	r1, #0
1000205e:	7099      	strb	r1, [r3, #2]
10002060:	e7c8      	b.n	10001ff4 <ph_remove_any_head+0x58>
10002062:	9b01      	ldr	r3, [sp, #4]
10002064:	2b00      	cmp	r3, #0
10002066:	d1b6      	bne.n	10001fd6 <ph_remove_any_head+0x3a>
10002068:	e7c4      	b.n	10001ff4 <ph_remove_any_head+0x58>
1000206a:	0050      	lsls	r0, r2, #1
1000206c:	1880      	adds	r0, r0, r2
1000206e:	3803      	subs	r0, #3
10002070:	1809      	adds	r1, r1, r0
10002072:	7848      	ldrb	r0, [r1, #1]
10002074:	4683      	mov	fp, r0
10002076:	4648      	mov	r0, r9
10002078:	7048      	strb	r0, [r1, #1]
1000207a:	7058      	strb	r0, [r3, #1]
1000207c:	4641      	mov	r1, r8
1000207e:	0020      	movs	r0, r4
10002080:	f7ff fef2 	bl	10001e68 <ph_merge_nodes>
10002084:	4659      	mov	r1, fp
10002086:	4680      	mov	r8, r0
10002088:	0020      	movs	r0, r4
1000208a:	f7ff ff3f 	bl	10001f0c <ph_merge_two_pass>
1000208e:	4641      	mov	r1, r8
10002090:	0002      	movs	r2, r0
10002092:	0020      	movs	r0, r4
10002094:	f7ff fee8 	bl	10001e68 <ph_merge_nodes>
10002098:	4680      	mov	r8, r0
1000209a:	e7cf      	b.n	1000203c <ph_remove_any_head+0xa0>

1000209c <ph_remove_head>:
1000209c:	b5f0      	push	{r4, r5, r6, r7, lr}
1000209e:	4657      	mov	r7, sl
100020a0:	4645      	mov	r5, r8
100020a2:	46de      	mov	lr, fp
100020a4:	464e      	mov	r6, r9
100020a6:	b5e0      	push	{r5, r6, r7, lr}
100020a8:	b083      	sub	sp, #12
100020aa:	9101      	str	r1, [sp, #4]
100020ac:	7b45      	ldrb	r5, [r0, #13]
100020ae:	0004      	movs	r4, r0
100020b0:	006b      	lsls	r3, r5, #1
100020b2:	6800      	ldr	r0, [r0, #0]
100020b4:	195b      	adds	r3, r3, r5
100020b6:	1edf      	subs	r7, r3, #3
100020b8:	5dc1      	ldrb	r1, [r0, r7]
100020ba:	19c2      	adds	r2, r0, r7
100020bc:	2900      	cmp	r1, #0
100020be:	d052      	beq.n	10002166 <ph_remove_head+0xca>
100020c0:	004b      	lsls	r3, r1, #1
100020c2:	185b      	adds	r3, r3, r1
100020c4:	3b03      	subs	r3, #3
100020c6:	18c3      	adds	r3, r0, r3
100020c8:	785e      	ldrb	r6, [r3, #1]
100020ca:	46b4      	mov	ip, r6
100020cc:	2e00      	cmp	r6, #0
100020ce:	d11c      	bne.n	1000210a <ph_remove_head+0x6e>
100020d0:	9e01      	ldr	r6, [sp, #4]
100020d2:	2e00      	cmp	r6, #0
100020d4:	d044      	beq.n	10002160 <ph_remove_head+0xc4>
100020d6:	7be6      	ldrb	r6, [r4, #15]
100020d8:	2e00      	cmp	r6, #0
100020da:	d004      	beq.n	100020e6 <ph_remove_head+0x4a>
100020dc:	0073      	lsls	r3, r6, #1
100020de:	199b      	adds	r3, r3, r6
100020e0:	18c3      	adds	r3, r0, r3
100020e2:	3b03      	subs	r3, #3
100020e4:	705d      	strb	r5, [r3, #1]
100020e6:	7ba3      	ldrb	r3, [r4, #14]
100020e8:	2b00      	cmp	r3, #0
100020ea:	d100      	bne.n	100020ee <ph_remove_head+0x52>
100020ec:	73a5      	strb	r5, [r4, #14]
100020ee:	73e5      	strb	r5, [r4, #15]
100020f0:	2900      	cmp	r1, #0
100020f2:	d131      	bne.n	10002158 <ph_remove_head+0xbc>
100020f4:	2300      	movs	r3, #0
100020f6:	0028      	movs	r0, r5
100020f8:	7053      	strb	r3, [r2, #1]
100020fa:	7361      	strb	r1, [r4, #13]
100020fc:	b003      	add	sp, #12
100020fe:	bcf0      	pop	{r4, r5, r6, r7}
10002100:	46bb      	mov	fp, r7
10002102:	46b2      	mov	sl, r6
10002104:	46a9      	mov	r9, r5
10002106:	46a0      	mov	r8, r4
10002108:	bdf0      	pop	{r4, r5, r6, r7, pc}
1000210a:	0072      	lsls	r2, r6, #1
1000210c:	4462      	add	r2, ip
1000210e:	3a03      	subs	r2, #3
10002110:	1880      	adds	r0, r0, r2
10002112:	7842      	ldrb	r2, [r0, #1]
10002114:	4690      	mov	r8, r2
10002116:	2200      	movs	r2, #0
10002118:	7042      	strb	r2, [r0, #1]
1000211a:	4691      	mov	r9, r2
1000211c:	705a      	strb	r2, [r3, #1]
1000211e:	0020      	movs	r0, r4
10002120:	0032      	movs	r2, r6
10002122:	f7ff fea1 	bl	10001e68 <ph_merge_nodes>
10002126:	4643      	mov	r3, r8
10002128:	4682      	mov	sl, r0
1000212a:	2b00      	cmp	r3, #0
1000212c:	d007      	beq.n	1000213e <ph_remove_head+0xa2>
1000212e:	005b      	lsls	r3, r3, #1
10002130:	6821      	ldr	r1, [r4, #0]
10002132:	4443      	add	r3, r8
10002134:	3b03      	subs	r3, #3
10002136:	18cb      	adds	r3, r1, r3
10002138:	785a      	ldrb	r2, [r3, #1]
1000213a:	2a00      	cmp	r2, #0
1000213c:	d117      	bne.n	1000216e <ph_remove_head+0xd2>
1000213e:	4642      	mov	r2, r8
10002140:	4651      	mov	r1, sl
10002142:	0020      	movs	r0, r4
10002144:	f7ff fe90 	bl	10001e68 <ph_merge_nodes>
10002148:	9b01      	ldr	r3, [sp, #4]
1000214a:	0001      	movs	r1, r0
1000214c:	6820      	ldr	r0, [r4, #0]
1000214e:	19c2      	adds	r2, r0, r7
10002150:	2b00      	cmp	r3, #0
10002152:	d1c0      	bne.n	100020d6 <ph_remove_head+0x3a>
10002154:	2900      	cmp	r1, #0
10002156:	d0cd      	beq.n	100020f4 <ph_remove_head+0x58>
10002158:	004b      	lsls	r3, r1, #1
1000215a:	185b      	adds	r3, r3, r1
1000215c:	3b03      	subs	r3, #3
1000215e:	18c3      	adds	r3, r0, r3
10002160:	2000      	movs	r0, #0
10002162:	7098      	strb	r0, [r3, #2]
10002164:	e7c6      	b.n	100020f4 <ph_remove_head+0x58>
10002166:	9b01      	ldr	r3, [sp, #4]
10002168:	2b00      	cmp	r3, #0
1000216a:	d1b4      	bne.n	100020d6 <ph_remove_head+0x3a>
1000216c:	e7c2      	b.n	100020f4 <ph_remove_head+0x58>
1000216e:	0050      	lsls	r0, r2, #1
10002170:	1880      	adds	r0, r0, r2
10002172:	3803      	subs	r0, #3
10002174:	1809      	adds	r1, r1, r0
10002176:	7848      	ldrb	r0, [r1, #1]
10002178:	4683      	mov	fp, r0
1000217a:	4648      	mov	r0, r9
1000217c:	7048      	strb	r0, [r1, #1]
1000217e:	7058      	strb	r0, [r3, #1]
10002180:	4641      	mov	r1, r8
10002182:	0020      	movs	r0, r4
10002184:	f7ff fe70 	bl	10001e68 <ph_merge_nodes>
10002188:	4659      	mov	r1, fp
1000218a:	4680      	mov	r8, r0
1000218c:	0020      	movs	r0, r4
1000218e:	f7ff febd 	bl	10001f0c <ph_merge_two_pass>
10002192:	4641      	mov	r1, r8
10002194:	0002      	movs	r2, r0
10002196:	0020      	movs	r0, r4
10002198:	f7ff fe66 	bl	10001e68 <ph_merge_nodes>
1000219c:	4680      	mov	r8, r0
1000219e:	e7ce      	b.n	1000213e <ph_remove_head+0xa2>

100021a0 <ph_remove_and_free_node>:
100021a0:	b570      	push	{r4, r5, r6, lr}
100021a2:	0004      	movs	r4, r0
100021a4:	2900      	cmp	r1, #0
100021a6:	d02c      	beq.n	10002202 <ph_remove_and_free_node+0x62>
100021a8:	7b43      	ldrb	r3, [r0, #13]
100021aa:	428b      	cmp	r3, r1
100021ac:	d02e      	beq.n	1000220c <ph_remove_and_free_node+0x6c>
100021ae:	6805      	ldr	r5, [r0, #0]
100021b0:	0048      	lsls	r0, r1, #1
100021b2:	1840      	adds	r0, r0, r1
100021b4:	3803      	subs	r0, #3
100021b6:	1828      	adds	r0, r5, r0
100021b8:	7882      	ldrb	r2, [r0, #2]
100021ba:	2a00      	cmp	r2, #0
100021bc:	d021      	beq.n	10002202 <ph_remove_and_free_node+0x62>
100021be:	0053      	lsls	r3, r2, #1
100021c0:	189b      	adds	r3, r3, r2
100021c2:	3b03      	subs	r3, #3
100021c4:	5cea      	ldrb	r2, [r5, r3]
100021c6:	18ee      	adds	r6, r5, r3
100021c8:	428a      	cmp	r2, r1
100021ca:	d102      	bne.n	100021d2 <ph_remove_and_free_node+0x32>
100021cc:	e01b      	b.n	10002206 <ph_remove_and_free_node+0x66>
100021ce:	2a00      	cmp	r2, #0
100021d0:	d008      	beq.n	100021e4 <ph_remove_and_free_node+0x44>
100021d2:	0053      	lsls	r3, r2, #1
100021d4:	189b      	adds	r3, r3, r2
100021d6:	3b03      	subs	r3, #3
100021d8:	18eb      	adds	r3, r5, r3
100021da:	785a      	ldrb	r2, [r3, #1]
100021dc:	428a      	cmp	r2, r1
100021de:	d1f6      	bne.n	100021ce <ph_remove_and_free_node+0x2e>
100021e0:	7842      	ldrb	r2, [r0, #1]
100021e2:	705a      	strb	r2, [r3, #1]
100021e4:	2300      	movs	r3, #0
100021e6:	2201      	movs	r2, #1
100021e8:	7083      	strb	r3, [r0, #2]
100021ea:	7043      	strb	r3, [r0, #1]
100021ec:	0020      	movs	r0, r4
100021ee:	f7ff fed5 	bl	10001f9c <ph_remove_any_head>
100021f2:	7b61      	ldrb	r1, [r4, #13]
100021f4:	0002      	movs	r2, r0
100021f6:	0020      	movs	r0, r4
100021f8:	f7ff fe36 	bl	10001e68 <ph_merge_nodes>
100021fc:	7360      	strb	r0, [r4, #13]
100021fe:	2001      	movs	r0, #1
10002200:	e000      	b.n	10002204 <ph_remove_and_free_node+0x64>
10002202:	2000      	movs	r0, #0
10002204:	bd70      	pop	{r4, r5, r6, pc}
10002206:	7843      	ldrb	r3, [r0, #1]
10002208:	7033      	strb	r3, [r6, #0]
1000220a:	e7eb      	b.n	100021e4 <ph_remove_and_free_node+0x44>
1000220c:	2201      	movs	r2, #1
1000220e:	0019      	movs	r1, r3
10002210:	f7ff fec4 	bl	10001f9c <ph_remove_any_head>
10002214:	7360      	strb	r0, [r4, #13]
10002216:	2001      	movs	r0, #1
10002218:	e7f4      	b.n	10002204 <ph_remove_and_free_node+0x64>
1000221a:	46c0      	nop			; (mov r8, r8)

1000221c <clocks_init>:
1000221c:	b530      	push	{r4, r5, lr}
1000221e:	200c      	movs	r0, #12
10002220:	b083      	sub	sp, #12
10002222:	f000 fa07 	bl	10002634 <watchdog_start_tick>
10002226:	f7fe fd67 	bl	10000cf8 <running_on_fpga>
1000222a:	2800      	cmp	r0, #0
1000222c:	d00e      	beq.n	1000224c <clocks_init+0x30>
1000222e:	4b99      	ldr	r3, [pc, #612]	; (10002494 <clocks_init+0x278>)
10002230:	4a99      	ldr	r2, [pc, #612]	; (10002498 <clocks_init+0x27c>)
10002232:	601a      	str	r2, [r3, #0]
10002234:	605a      	str	r2, [r3, #4]
10002236:	609a      	str	r2, [r3, #8]
10002238:	60da      	str	r2, [r3, #12]
1000223a:	611a      	str	r2, [r3, #16]
1000223c:	615a      	str	r2, [r3, #20]
1000223e:	619a      	str	r2, [r3, #24]
10002240:	61da      	str	r2, [r3, #28]
10002242:	621a      	str	r2, [r3, #32]
10002244:	4a95      	ldr	r2, [pc, #596]	; (1000249c <clocks_init+0x280>)
10002246:	625a      	str	r2, [r3, #36]	; 0x24
10002248:	b003      	add	sp, #12
1000224a:	bd30      	pop	{r4, r5, pc}
1000224c:	4c94      	ldr	r4, [pc, #592]	; (100024a0 <clocks_init+0x284>)
1000224e:	67a0      	str	r0, [r4, #120]	; 0x78
10002250:	f000 fa44 	bl	100026dc <xosc_init>
10002254:	2201      	movs	r2, #1
10002256:	4b93      	ldr	r3, [pc, #588]	; (100024a4 <clocks_init+0x288>)
10002258:	601a      	str	r2, [r3, #0]
1000225a:	6c63      	ldr	r3, [r4, #68]	; 0x44
1000225c:	2b01      	cmp	r3, #1
1000225e:	d1fc      	bne.n	1000225a <clocks_init+0x3e>
10002260:	2203      	movs	r2, #3
10002262:	4b91      	ldr	r3, [pc, #580]	; (100024a8 <clocks_init+0x28c>)
10002264:	601a      	str	r2, [r3, #0]
10002266:	4a8e      	ldr	r2, [pc, #568]	; (100024a0 <clocks_init+0x284>)
10002268:	6b93      	ldr	r3, [r2, #56]	; 0x38
1000226a:	2b01      	cmp	r3, #1
1000226c:	d1fc      	bne.n	10002268 <clocks_init+0x4c>
1000226e:	3301      	adds	r3, #1
10002270:	2101      	movs	r1, #1
10002272:	4a8e      	ldr	r2, [pc, #568]	; (100024ac <clocks_init+0x290>)
10002274:	488e      	ldr	r0, [pc, #568]	; (100024b0 <clocks_init+0x294>)
10002276:	9300      	str	r3, [sp, #0]
10002278:	3304      	adds	r3, #4
1000227a:	f000 f98b 	bl	10002594 <pll_init>
1000227e:	2305      	movs	r3, #5
10002280:	4a8c      	ldr	r2, [pc, #560]	; (100024b4 <clocks_init+0x298>)
10002282:	9300      	str	r3, [sp, #0]
10002284:	2101      	movs	r1, #1
10002286:	488c      	ldr	r0, [pc, #560]	; (100024b8 <clocks_init+0x29c>)
10002288:	f000 f984 	bl	10002594 <pll_init>
1000228c:	4b8b      	ldr	r3, [pc, #556]	; (100024bc <clocks_init+0x2a0>)
1000228e:	685a      	ldr	r2, [r3, #4]
10002290:	2aff      	cmp	r2, #255	; 0xff
10002292:	d802      	bhi.n	1000229a <clocks_init+0x7e>
10002294:	2280      	movs	r2, #128	; 0x80
10002296:	0052      	lsls	r2, r2, #1
10002298:	605a      	str	r2, [r3, #4]
1000229a:	2280      	movs	r2, #128	; 0x80
1000229c:	4c7d      	ldr	r4, [pc, #500]	; (10002494 <clocks_init+0x278>)
1000229e:	4b82      	ldr	r3, [pc, #520]	; (100024a8 <clocks_init+0x28c>)
100022a0:	6921      	ldr	r1, [r4, #16]
100022a2:	0112      	lsls	r2, r2, #4
100022a4:	4d85      	ldr	r5, [pc, #532]	; (100024bc <clocks_init+0x2a0>)
100022a6:	601a      	str	r2, [r3, #0]
100022a8:	2900      	cmp	r1, #0
100022aa:	d007      	beq.n	100022bc <clocks_init+0xa0>
100022ac:	6960      	ldr	r0, [r4, #20]
100022ae:	f001 ffd1 	bl	10004254 <__wrap___aeabi_uidiv>
100022b2:	1c43      	adds	r3, r0, #1
100022b4:	0058      	lsls	r0, r3, #1
100022b6:	18c0      	adds	r0, r0, r3
100022b8:	3803      	subs	r0, #3
100022ba:	d2fd      	bcs.n	100022b8 <clocks_init+0x9c>
100022bc:	21e0      	movs	r1, #224	; 0xe0
100022be:	4b7f      	ldr	r3, [pc, #508]	; (100024bc <clocks_init+0x2a0>)
100022c0:	2002      	movs	r0, #2
100022c2:	681a      	ldr	r2, [r3, #0]
100022c4:	4011      	ands	r1, r2
100022c6:	2280      	movs	r2, #128	; 0x80
100022c8:	0152      	lsls	r2, r2, #5
100022ca:	432a      	orrs	r2, r5
100022cc:	6011      	str	r1, [r2, #0]
100022ce:	6819      	ldr	r1, [r3, #0]
100022d0:	4048      	eors	r0, r1
100022d2:	2103      	movs	r1, #3
100022d4:	4001      	ands	r1, r0
100022d6:	6011      	str	r1, [r2, #0]
100022d8:	2104      	movs	r1, #4
100022da:	689a      	ldr	r2, [r3, #8]
100022dc:	4211      	tst	r1, r2
100022de:	d0fc      	beq.n	100022da <clocks_init+0xbe>
100022e0:	2280      	movs	r2, #128	; 0x80
100022e2:	2180      	movs	r1, #128	; 0x80
100022e4:	0192      	lsls	r2, r2, #6
100022e6:	432a      	orrs	r2, r5
100022e8:	0109      	lsls	r1, r1, #4
100022ea:	6011      	str	r1, [r2, #0]
100022ec:	2280      	movs	r2, #128	; 0x80
100022ee:	0052      	lsls	r2, r2, #1
100022f0:	605a      	str	r2, [r3, #4]
100022f2:	4b73      	ldr	r3, [pc, #460]	; (100024c0 <clocks_init+0x2a4>)
100022f4:	6123      	str	r3, [r4, #16]
100022f6:	4b73      	ldr	r3, [pc, #460]	; (100024c4 <clocks_init+0x2a8>)
100022f8:	6859      	ldr	r1, [r3, #4]
100022fa:	29ff      	cmp	r1, #255	; 0xff
100022fc:	d800      	bhi.n	10002300 <clocks_init+0xe4>
100022fe:	605a      	str	r2, [r3, #4]
10002300:	2103      	movs	r1, #3
10002302:	4a68      	ldr	r2, [pc, #416]	; (100024a4 <clocks_init+0x288>)
10002304:	4b6f      	ldr	r3, [pc, #444]	; (100024c4 <clocks_init+0x2a8>)
10002306:	6011      	str	r1, [r2, #0]
10002308:	3902      	subs	r1, #2
1000230a:	689a      	ldr	r2, [r3, #8]
1000230c:	4211      	tst	r1, r2
1000230e:	d0fc      	beq.n	1000230a <clocks_init+0xee>
10002310:	20e0      	movs	r0, #224	; 0xe0
10002312:	681a      	ldr	r2, [r3, #0]
10002314:	4010      	ands	r0, r2
10002316:	2280      	movs	r2, #128	; 0x80
10002318:	0152      	lsls	r2, r2, #5
1000231a:	431a      	orrs	r2, r3
1000231c:	6010      	str	r0, [r2, #0]
1000231e:	6818      	ldr	r0, [r3, #0]
10002320:	4048      	eors	r0, r1
10002322:	2103      	movs	r1, #3
10002324:	4001      	ands	r1, r0
10002326:	2002      	movs	r0, #2
10002328:	6011      	str	r1, [r2, #0]
1000232a:	4966      	ldr	r1, [pc, #408]	; (100024c4 <clocks_init+0x2a8>)
1000232c:	688a      	ldr	r2, [r1, #8]
1000232e:	4210      	tst	r0, r2
10002330:	d0fc      	beq.n	1000232c <clocks_init+0x110>
10002332:	2280      	movs	r2, #128	; 0x80
10002334:	0192      	lsls	r2, r2, #6
10002336:	4313      	orrs	r3, r2
10002338:	2280      	movs	r2, #128	; 0x80
1000233a:	0112      	lsls	r2, r2, #4
1000233c:	601a      	str	r2, [r3, #0]
1000233e:	2280      	movs	r2, #128	; 0x80
10002340:	4b61      	ldr	r3, [pc, #388]	; (100024c8 <clocks_init+0x2ac>)
10002342:	0052      	lsls	r2, r2, #1
10002344:	604a      	str	r2, [r1, #4]
10002346:	6163      	str	r3, [r4, #20]
10002348:	4b60      	ldr	r3, [pc, #384]	; (100024cc <clocks_init+0x2b0>)
1000234a:	6859      	ldr	r1, [r3, #4]
1000234c:	29ff      	cmp	r1, #255	; 0xff
1000234e:	d800      	bhi.n	10002352 <clocks_init+0x136>
10002350:	605a      	str	r2, [r3, #4]
10002352:	2280      	movs	r2, #128	; 0x80
10002354:	4b5e      	ldr	r3, [pc, #376]	; (100024d0 <clocks_init+0x2b4>)
10002356:	69e1      	ldr	r1, [r4, #28]
10002358:	0112      	lsls	r2, r2, #4
1000235a:	4d5c      	ldr	r5, [pc, #368]	; (100024cc <clocks_init+0x2b0>)
1000235c:	601a      	str	r2, [r3, #0]
1000235e:	2900      	cmp	r1, #0
10002360:	d007      	beq.n	10002372 <clocks_init+0x156>
10002362:	6960      	ldr	r0, [r4, #20]
10002364:	f001 ff76 	bl	10004254 <__wrap___aeabi_uidiv>
10002368:	1c43      	adds	r3, r0, #1
1000236a:	0058      	lsls	r0, r3, #1
1000236c:	18c0      	adds	r0, r0, r3
1000236e:	3803      	subs	r0, #3
10002370:	d2fd      	bcs.n	1000236e <clocks_init+0x152>
10002372:	22e0      	movs	r2, #224	; 0xe0
10002374:	4955      	ldr	r1, [pc, #340]	; (100024cc <clocks_init+0x2b0>)
10002376:	680b      	ldr	r3, [r1, #0]
10002378:	401a      	ands	r2, r3
1000237a:	2380      	movs	r3, #128	; 0x80
1000237c:	015b      	lsls	r3, r3, #5
1000237e:	432b      	orrs	r3, r5
10002380:	601a      	str	r2, [r3, #0]
10002382:	2380      	movs	r3, #128	; 0x80
10002384:	2280      	movs	r2, #128	; 0x80
10002386:	019b      	lsls	r3, r3, #6
10002388:	432b      	orrs	r3, r5
1000238a:	0112      	lsls	r2, r2, #4
1000238c:	601a      	str	r2, [r3, #0]
1000238e:	2280      	movs	r2, #128	; 0x80
10002390:	4b41      	ldr	r3, [pc, #260]	; (10002498 <clocks_init+0x27c>)
10002392:	0052      	lsls	r2, r2, #1
10002394:	604a      	str	r2, [r1, #4]
10002396:	61e3      	str	r3, [r4, #28]
10002398:	4b4e      	ldr	r3, [pc, #312]	; (100024d4 <clocks_init+0x2b8>)
1000239a:	6859      	ldr	r1, [r3, #4]
1000239c:	29ff      	cmp	r1, #255	; 0xff
1000239e:	d800      	bhi.n	100023a2 <clocks_init+0x186>
100023a0:	605a      	str	r2, [r3, #4]
100023a2:	2280      	movs	r2, #128	; 0x80
100023a4:	4b4c      	ldr	r3, [pc, #304]	; (100024d8 <clocks_init+0x2bc>)
100023a6:	6a21      	ldr	r1, [r4, #32]
100023a8:	0112      	lsls	r2, r2, #4
100023aa:	4d4a      	ldr	r5, [pc, #296]	; (100024d4 <clocks_init+0x2b8>)
100023ac:	601a      	str	r2, [r3, #0]
100023ae:	2900      	cmp	r1, #0
100023b0:	d007      	beq.n	100023c2 <clocks_init+0x1a6>
100023b2:	6960      	ldr	r0, [r4, #20]
100023b4:	f001 ff4e 	bl	10004254 <__wrap___aeabi_uidiv>
100023b8:	1c43      	adds	r3, r0, #1
100023ba:	0058      	lsls	r0, r3, #1
100023bc:	18c0      	adds	r0, r0, r3
100023be:	3803      	subs	r0, #3
100023c0:	d2fd      	bcs.n	100023be <clocks_init+0x1a2>
100023c2:	22e0      	movs	r2, #224	; 0xe0
100023c4:	4943      	ldr	r1, [pc, #268]	; (100024d4 <clocks_init+0x2b8>)
100023c6:	680b      	ldr	r3, [r1, #0]
100023c8:	401a      	ands	r2, r3
100023ca:	2380      	movs	r3, #128	; 0x80
100023cc:	015b      	lsls	r3, r3, #5
100023ce:	432b      	orrs	r3, r5
100023d0:	601a      	str	r2, [r3, #0]
100023d2:	2380      	movs	r3, #128	; 0x80
100023d4:	2280      	movs	r2, #128	; 0x80
100023d6:	019b      	lsls	r3, r3, #6
100023d8:	432b      	orrs	r3, r5
100023da:	0112      	lsls	r2, r2, #4
100023dc:	601a      	str	r2, [r3, #0]
100023de:	2380      	movs	r3, #128	; 0x80
100023e0:	2280      	movs	r2, #128	; 0x80
100023e2:	005b      	lsls	r3, r3, #1
100023e4:	604b      	str	r3, [r1, #4]
100023e6:	4b2c      	ldr	r3, [pc, #176]	; (10002498 <clocks_init+0x27c>)
100023e8:	02d2      	lsls	r2, r2, #11
100023ea:	6223      	str	r3, [r4, #32]
100023ec:	4b3b      	ldr	r3, [pc, #236]	; (100024dc <clocks_init+0x2c0>)
100023ee:	6859      	ldr	r1, [r3, #4]
100023f0:	4291      	cmp	r1, r2
100023f2:	d200      	bcs.n	100023f6 <clocks_init+0x1da>
100023f4:	605a      	str	r2, [r3, #4]
100023f6:	2280      	movs	r2, #128	; 0x80
100023f8:	4b39      	ldr	r3, [pc, #228]	; (100024e0 <clocks_init+0x2c4>)
100023fa:	6a61      	ldr	r1, [r4, #36]	; 0x24
100023fc:	0112      	lsls	r2, r2, #4
100023fe:	4d37      	ldr	r5, [pc, #220]	; (100024dc <clocks_init+0x2c0>)
10002400:	601a      	str	r2, [r3, #0]
10002402:	2900      	cmp	r1, #0
10002404:	d007      	beq.n	10002416 <clocks_init+0x1fa>
10002406:	6960      	ldr	r0, [r4, #20]
10002408:	f001 ff24 	bl	10004254 <__wrap___aeabi_uidiv>
1000240c:	1c43      	adds	r3, r0, #1
1000240e:	0058      	lsls	r0, r3, #1
10002410:	18c0      	adds	r0, r0, r3
10002412:	3803      	subs	r0, #3
10002414:	d2fd      	bcs.n	10002412 <clocks_init+0x1f6>
10002416:	22e0      	movs	r2, #224	; 0xe0
10002418:	4930      	ldr	r1, [pc, #192]	; (100024dc <clocks_init+0x2c0>)
1000241a:	680b      	ldr	r3, [r1, #0]
1000241c:	401a      	ands	r2, r3
1000241e:	2380      	movs	r3, #128	; 0x80
10002420:	015b      	lsls	r3, r3, #5
10002422:	432b      	orrs	r3, r5
10002424:	601a      	str	r2, [r3, #0]
10002426:	2380      	movs	r3, #128	; 0x80
10002428:	2280      	movs	r2, #128	; 0x80
1000242a:	019b      	lsls	r3, r3, #6
1000242c:	432b      	orrs	r3, r5
1000242e:	0112      	lsls	r2, r2, #4
10002430:	601a      	str	r2, [r3, #0]
10002432:	2380      	movs	r3, #128	; 0x80
10002434:	02db      	lsls	r3, r3, #11
10002436:	604b      	str	r3, [r1, #4]
10002438:	4b18      	ldr	r3, [pc, #96]	; (1000249c <clocks_init+0x280>)
1000243a:	6263      	str	r3, [r4, #36]	; 0x24
1000243c:	4b29      	ldr	r3, [pc, #164]	; (100024e4 <clocks_init+0x2c8>)
1000243e:	685a      	ldr	r2, [r3, #4]
10002440:	2aff      	cmp	r2, #255	; 0xff
10002442:	d802      	bhi.n	1000244a <clocks_init+0x22e>
10002444:	2280      	movs	r2, #128	; 0x80
10002446:	0052      	lsls	r2, r2, #1
10002448:	605a      	str	r2, [r3, #4]
1000244a:	2280      	movs	r2, #128	; 0x80
1000244c:	4b26      	ldr	r3, [pc, #152]	; (100024e8 <clocks_init+0x2cc>)
1000244e:	69a1      	ldr	r1, [r4, #24]
10002450:	0112      	lsls	r2, r2, #4
10002452:	4d24      	ldr	r5, [pc, #144]	; (100024e4 <clocks_init+0x2c8>)
10002454:	601a      	str	r2, [r3, #0]
10002456:	2900      	cmp	r1, #0
10002458:	d007      	beq.n	1000246a <clocks_init+0x24e>
1000245a:	6960      	ldr	r0, [r4, #20]
1000245c:	f001 fefa 	bl	10004254 <__wrap___aeabi_uidiv>
10002460:	1c43      	adds	r3, r0, #1
10002462:	0058      	lsls	r0, r3, #1
10002464:	18c0      	adds	r0, r0, r3
10002466:	3803      	subs	r0, #3
10002468:	d2fd      	bcs.n	10002466 <clocks_init+0x24a>
1000246a:	22e0      	movs	r2, #224	; 0xe0
1000246c:	491d      	ldr	r1, [pc, #116]	; (100024e4 <clocks_init+0x2c8>)
1000246e:	680b      	ldr	r3, [r1, #0]
10002470:	401a      	ands	r2, r3
10002472:	2380      	movs	r3, #128	; 0x80
10002474:	015b      	lsls	r3, r3, #5
10002476:	432b      	orrs	r3, r5
10002478:	601a      	str	r2, [r3, #0]
1000247a:	2380      	movs	r3, #128	; 0x80
1000247c:	2280      	movs	r2, #128	; 0x80
1000247e:	019b      	lsls	r3, r3, #6
10002480:	432b      	orrs	r3, r5
10002482:	0112      	lsls	r2, r2, #4
10002484:	601a      	str	r2, [r3, #0]
10002486:	2380      	movs	r3, #128	; 0x80
10002488:	005b      	lsls	r3, r3, #1
1000248a:	604b      	str	r3, [r1, #4]
1000248c:	4b0e      	ldr	r3, [pc, #56]	; (100024c8 <clocks_init+0x2ac>)
1000248e:	61a3      	str	r3, [r4, #24]
10002490:	e6da      	b.n	10002248 <clocks_init+0x2c>
10002492:	46c0      	nop			; (mov r8, r8)
10002494:	20001850 	.word	0x20001850
10002498:	02dc6c00 	.word	0x02dc6c00
1000249c:	0000b71b 	.word	0x0000b71b
100024a0:	40008000 	.word	0x40008000
100024a4:	4000b03c 	.word	0x4000b03c
100024a8:	4000b030 	.word	0x4000b030
100024ac:	59682f00 	.word	0x59682f00
100024b0:	40028000 	.word	0x40028000
100024b4:	47868c00 	.word	0x47868c00
100024b8:	4002c000 	.word	0x4002c000
100024bc:	40008030 	.word	0x40008030
100024c0:	00b71b00 	.word	0x00b71b00
100024c4:	4000803c 	.word	0x4000803c
100024c8:	07735940 	.word	0x07735940
100024cc:	40008054 	.word	0x40008054
100024d0:	4000b054 	.word	0x4000b054
100024d4:	40008060 	.word	0x40008060
100024d8:	4000b060 	.word	0x4000b060
100024dc:	4000806c 	.word	0x4000806c
100024e0:	4000b06c 	.word	0x4000b06c
100024e4:	40008048 	.word	0x40008048
100024e8:	4000b048 	.word	0x4000b048

100024ec <clock_get_hz>:
100024ec:	4b01      	ldr	r3, [pc, #4]	; (100024f4 <clock_get_hz+0x8>)
100024ee:	0080      	lsls	r0, r0, #2
100024f0:	58c0      	ldr	r0, [r0, r3]
100024f2:	4770      	bx	lr
100024f4:	20001850 	.word	0x20001850

100024f8 <gpio_set_function>:
100024f8:	4a09      	ldr	r2, [pc, #36]	; (10002520 <gpio_set_function+0x28>)
100024fa:	0083      	lsls	r3, r0, #2
100024fc:	4694      	mov	ip, r2
100024fe:	2240      	movs	r2, #64	; 0x40
10002500:	4463      	add	r3, ip
10002502:	b510      	push	{r4, lr}
10002504:	681c      	ldr	r4, [r3, #0]
10002506:	00c0      	lsls	r0, r0, #3
10002508:	4062      	eors	r2, r4
1000250a:	24c0      	movs	r4, #192	; 0xc0
1000250c:	4014      	ands	r4, r2
1000250e:	2280      	movs	r2, #128	; 0x80
10002510:	0152      	lsls	r2, r2, #5
10002512:	4313      	orrs	r3, r2
10002514:	601c      	str	r4, [r3, #0]
10002516:	4b03      	ldr	r3, [pc, #12]	; (10002524 <gpio_set_function+0x2c>)
10002518:	469c      	mov	ip, r3
1000251a:	4460      	add	r0, ip
1000251c:	6041      	str	r1, [r0, #4]
1000251e:	bd10      	pop	{r4, pc}
10002520:	4001c004 	.word	0x4001c004
10002524:	40014000 	.word	0x40014000

10002528 <gpio_set_pulls>:
10002528:	4b0a      	ldr	r3, [pc, #40]	; (10002554 <gpio_set_pulls+0x2c>)
1000252a:	0080      	lsls	r0, r0, #2
1000252c:	469c      	mov	ip, r3
1000252e:	2304      	movs	r3, #4
10002530:	4460      	add	r0, ip
10002532:	2900      	cmp	r1, #0
10002534:	d001      	beq.n	1000253a <gpio_set_pulls+0x12>
10002536:	230c      	movs	r3, #12
10002538:	2108      	movs	r1, #8
1000253a:	2a00      	cmp	r2, #0
1000253c:	d100      	bne.n	10002540 <gpio_set_pulls+0x18>
1000253e:	000b      	movs	r3, r1
10002540:	6802      	ldr	r2, [r0, #0]
10002542:	4053      	eors	r3, r2
10002544:	220c      	movs	r2, #12
10002546:	401a      	ands	r2, r3
10002548:	2380      	movs	r3, #128	; 0x80
1000254a:	015b      	lsls	r3, r3, #5
1000254c:	4318      	orrs	r0, r3
1000254e:	6002      	str	r2, [r0, #0]
10002550:	4770      	bx	lr
10002552:	46c0      	nop			; (mov r8, r8)
10002554:	4001c004 	.word	0x4001c004

10002558 <gpio_init>:
10002558:	2301      	movs	r3, #1
1000255a:	22d0      	movs	r2, #208	; 0xd0
1000255c:	4083      	lsls	r3, r0
1000255e:	0612      	lsls	r2, r2, #24
10002560:	6293      	str	r3, [r2, #40]	; 0x28
10002562:	6193      	str	r3, [r2, #24]
10002564:	4a09      	ldr	r2, [pc, #36]	; (1000258c <gpio_init+0x34>)
10002566:	0083      	lsls	r3, r0, #2
10002568:	4694      	mov	ip, r2
1000256a:	2240      	movs	r2, #64	; 0x40
1000256c:	4463      	add	r3, ip
1000256e:	6819      	ldr	r1, [r3, #0]
10002570:	00c0      	lsls	r0, r0, #3
10002572:	404a      	eors	r2, r1
10002574:	21c0      	movs	r1, #192	; 0xc0
10002576:	4011      	ands	r1, r2
10002578:	2280      	movs	r2, #128	; 0x80
1000257a:	0152      	lsls	r2, r2, #5
1000257c:	4313      	orrs	r3, r2
1000257e:	6019      	str	r1, [r3, #0]
10002580:	4b03      	ldr	r3, [pc, #12]	; (10002590 <gpio_init+0x38>)
10002582:	469c      	mov	ip, r3
10002584:	2305      	movs	r3, #5
10002586:	4460      	add	r0, ip
10002588:	6043      	str	r3, [r0, #4]
1000258a:	4770      	bx	lr
1000258c:	4001c004 	.word	0x4001c004
10002590:	40014000 	.word	0x40014000

10002594 <pll_init>:
10002594:	b5f8      	push	{r3, r4, r5, r6, r7, lr}
10002596:	0004      	movs	r4, r0
10002598:	4821      	ldr	r0, [pc, #132]	; (10002620 <pll_init+0x8c>)
1000259a:	001d      	movs	r5, r3
1000259c:	0017      	movs	r7, r2
1000259e:	000e      	movs	r6, r1
100025a0:	f001 fe58 	bl	10004254 <__wrap___aeabi_uidiv>
100025a4:	0001      	movs	r1, r0
100025a6:	0038      	movs	r0, r7
100025a8:	f001 fe54 	bl	10004254 <__wrap___aeabi_uidiv>
100025ac:	9b06      	ldr	r3, [sp, #24]
100025ae:	0429      	lsls	r1, r5, #16
100025b0:	031b      	lsls	r3, r3, #12
100025b2:	4319      	orrs	r1, r3
100025b4:	6823      	ldr	r3, [r4, #0]
100025b6:	2b00      	cmp	r3, #0
100025b8:	db20      	blt.n	100025fc <pll_init+0x68>
100025ba:	4b1a      	ldr	r3, [pc, #104]	; (10002624 <pll_init+0x90>)
100025bc:	4d1a      	ldr	r5, [pc, #104]	; (10002628 <pll_init+0x94>)
100025be:	18e2      	adds	r2, r4, r3
100025c0:	4253      	negs	r3, r2
100025c2:	415a      	adcs	r2, r3
100025c4:	2380      	movs	r3, #128	; 0x80
100025c6:	015b      	lsls	r3, r3, #5
100025c8:	469c      	mov	ip, r3
100025ca:	0312      	lsls	r2, r2, #12
100025cc:	4b17      	ldr	r3, [pc, #92]	; (1000262c <pll_init+0x98>)
100025ce:	4462      	add	r2, ip
100025d0:	601a      	str	r2, [r3, #0]
100025d2:	4b17      	ldr	r3, [pc, #92]	; (10002630 <pll_init+0x9c>)
100025d4:	601a      	str	r2, [r3, #0]
100025d6:	0017      	movs	r7, r2
100025d8:	68ab      	ldr	r3, [r5, #8]
100025da:	439f      	bics	r7, r3
100025dc:	d1fb      	bne.n	100025d6 <pll_init+0x42>
100025de:	22c0      	movs	r2, #192	; 0xc0
100025e0:	1d23      	adds	r3, r4, #4
100025e2:	0192      	lsls	r2, r2, #6
100025e4:	431a      	orrs	r2, r3
100025e6:	2321      	movs	r3, #33	; 0x21
100025e8:	6026      	str	r6, [r4, #0]
100025ea:	60a0      	str	r0, [r4, #8]
100025ec:	6013      	str	r3, [r2, #0]
100025ee:	6823      	ldr	r3, [r4, #0]
100025f0:	2b00      	cmp	r3, #0
100025f2:	dafc      	bge.n	100025ee <pll_init+0x5a>
100025f4:	2308      	movs	r3, #8
100025f6:	60e1      	str	r1, [r4, #12]
100025f8:	6013      	str	r3, [r2, #0]
100025fa:	bdf8      	pop	{r3, r4, r5, r6, r7, pc}
100025fc:	233f      	movs	r3, #63	; 0x3f
100025fe:	6822      	ldr	r2, [r4, #0]
10002600:	4013      	ands	r3, r2
10002602:	42b3      	cmp	r3, r6
10002604:	d1d9      	bne.n	100025ba <pll_init+0x26>
10002606:	68a3      	ldr	r3, [r4, #8]
10002608:	051b      	lsls	r3, r3, #20
1000260a:	0d1b      	lsrs	r3, r3, #20
1000260c:	4283      	cmp	r3, r0
1000260e:	d1d4      	bne.n	100025ba <pll_init+0x26>
10002610:	22ee      	movs	r2, #238	; 0xee
10002612:	68e3      	ldr	r3, [r4, #12]
10002614:	02d2      	lsls	r2, r2, #11
10002616:	4013      	ands	r3, r2
10002618:	428b      	cmp	r3, r1
1000261a:	d1ce      	bne.n	100025ba <pll_init+0x26>
1000261c:	e7ed      	b.n	100025fa <pll_init+0x66>
1000261e:	46c0      	nop			; (mov r8, r8)
10002620:	00b71b00 	.word	0x00b71b00
10002624:	bffd4000 	.word	0xbffd4000
10002628:	4000c000 	.word	0x4000c000
1000262c:	4000e000 	.word	0x4000e000
10002630:	4000f000 	.word	0x4000f000

10002634 <watchdog_start_tick>:
10002634:	2380      	movs	r3, #128	; 0x80
10002636:	4a02      	ldr	r2, [pc, #8]	; (10002640 <watchdog_start_tick+0xc>)
10002638:	009b      	lsls	r3, r3, #2
1000263a:	4303      	orrs	r3, r0
1000263c:	62d3      	str	r3, [r2, #44]	; 0x2c
1000263e:	4770      	bx	lr
10002640:	40058000 	.word	0x40058000

10002644 <watchdog_reboot>:
10002644:	b510      	push	{r4, lr}
10002646:	0014      	movs	r4, r2
10002648:	2280      	movs	r2, #128	; 0x80
1000264a:	4b1b      	ldr	r3, [pc, #108]	; (100026b8 <watchdog_reboot+0x74>)
1000264c:	05d2      	lsls	r2, r2, #23
1000264e:	601a      	str	r2, [r3, #0]
10002650:	2800      	cmp	r0, #0
10002652:	d01a      	beq.n	1000268a <watchdog_reboot+0x46>
10002654:	2301      	movs	r3, #1
10002656:	4a19      	ldr	r2, [pc, #100]	; (100026bc <watchdog_reboot+0x78>)
10002658:	4318      	orrs	r0, r3
1000265a:	4b19      	ldr	r3, [pc, #100]	; (100026c0 <watchdog_reboot+0x7c>)
1000265c:	61da      	str	r2, [r3, #28]
1000265e:	4a19      	ldr	r2, [pc, #100]	; (100026c4 <watchdog_reboot+0x80>)
10002660:	4042      	eors	r2, r0
10002662:	621a      	str	r2, [r3, #32]
10002664:	6259      	str	r1, [r3, #36]	; 0x24
10002666:	6298      	str	r0, [r3, #40]	; 0x28
10002668:	2280      	movs	r2, #128	; 0x80
1000266a:	4b13      	ldr	r3, [pc, #76]	; (100026b8 <watchdog_reboot+0x74>)
1000266c:	05d2      	lsls	r2, r2, #23
1000266e:	601a      	str	r2, [r3, #0]
10002670:	4915      	ldr	r1, [pc, #84]	; (100026c8 <watchdog_reboot+0x84>)
10002672:	4a16      	ldr	r2, [pc, #88]	; (100026cc <watchdog_reboot+0x88>)
10002674:	6011      	str	r1, [r2, #0]
10002676:	22e0      	movs	r2, #224	; 0xe0
10002678:	04d2      	lsls	r2, r2, #19
1000267a:	601a      	str	r2, [r3, #0]
1000267c:	2c00      	cmp	r4, #0
1000267e:	d107      	bne.n	10002690 <watchdog_reboot+0x4c>
10002680:	2280      	movs	r2, #128	; 0x80
10002682:	4b13      	ldr	r3, [pc, #76]	; (100026d0 <watchdog_reboot+0x8c>)
10002684:	0612      	lsls	r2, r2, #24
10002686:	601a      	str	r2, [r3, #0]
10002688:	bd10      	pop	{r4, pc}
1000268a:	4b0d      	ldr	r3, [pc, #52]	; (100026c0 <watchdog_reboot+0x7c>)
1000268c:	61d8      	str	r0, [r3, #28]
1000268e:	e7eb      	b.n	10002668 <watchdog_reboot+0x24>
10002690:	0163      	lsls	r3, r4, #5
10002692:	1b1b      	subs	r3, r3, r4
10002694:	009a      	lsls	r2, r3, #2
10002696:	2380      	movs	r3, #128	; 0x80
10002698:	1912      	adds	r2, r2, r4
1000269a:	0112      	lsls	r2, r2, #4
1000269c:	045b      	lsls	r3, r3, #17
1000269e:	429a      	cmp	r2, r3
100026a0:	d300      	bcc.n	100026a4 <watchdog_reboot+0x60>
100026a2:	4a0c      	ldr	r2, [pc, #48]	; (100026d4 <watchdog_reboot+0x90>)
100026a4:	4b0c      	ldr	r3, [pc, #48]	; (100026d8 <watchdog_reboot+0x94>)
100026a6:	601a      	str	r2, [r3, #0]
100026a8:	4b05      	ldr	r3, [pc, #20]	; (100026c0 <watchdog_reboot+0x7c>)
100026aa:	605a      	str	r2, [r3, #4]
100026ac:	2280      	movs	r2, #128	; 0x80
100026ae:	4b08      	ldr	r3, [pc, #32]	; (100026d0 <watchdog_reboot+0x8c>)
100026b0:	05d2      	lsls	r2, r2, #23
100026b2:	601a      	str	r2, [r3, #0]
100026b4:	e7e8      	b.n	10002688 <watchdog_reboot+0x44>
100026b6:	46c0      	nop			; (mov r8, r8)
100026b8:	4005b000 	.word	0x4005b000
100026bc:	b007c0d3 	.word	0xb007c0d3
100026c0:	40058000 	.word	0x40058000
100026c4:	4ff83f2d 	.word	0x4ff83f2d
100026c8:	0001fffc 	.word	0x0001fffc
100026cc:	40012008 	.word	0x40012008
100026d0:	4005a000 	.word	0x4005a000
100026d4:	00ffffff 	.word	0x00ffffff
100026d8:	20001d4c 	.word	0x20001d4c

100026dc <xosc_init>:
100026dc:	23aa      	movs	r3, #170	; 0xaa
100026de:	4a06      	ldr	r2, [pc, #24]	; (100026f8 <xosc_init+0x1c>)
100026e0:	011b      	lsls	r3, r3, #4
100026e2:	6013      	str	r3, [r2, #0]
100026e4:	232f      	movs	r3, #47	; 0x2f
100026e6:	4905      	ldr	r1, [pc, #20]	; (100026fc <xosc_init+0x20>)
100026e8:	60d3      	str	r3, [r2, #12]
100026ea:	4b05      	ldr	r3, [pc, #20]	; (10002700 <xosc_init+0x24>)
100026ec:	6019      	str	r1, [r3, #0]
100026ee:	6853      	ldr	r3, [r2, #4]
100026f0:	2b00      	cmp	r3, #0
100026f2:	dafc      	bge.n	100026ee <xosc_init+0x12>
100026f4:	4770      	bx	lr
100026f6:	46c0      	nop			; (mov r8, r8)
100026f8:	40024000 	.word	0x40024000
100026fc:	00fab000 	.word	0x00fab000
10002700:	40026000 	.word	0x40026000

10002704 <uart_init>:
10002704:	b5f8      	push	{r3, r4, r5, r6, r7, lr}
10002706:	46ce      	mov	lr, r9
10002708:	4647      	mov	r7, r8
1000270a:	0004      	movs	r4, r0
1000270c:	b580      	push	{r7, lr}
1000270e:	2006      	movs	r0, #6
10002710:	000e      	movs	r6, r1
10002712:	f7ff feeb 	bl	100024ec <clock_get_hz>
10002716:	1e05      	subs	r5, r0, #0
10002718:	d051      	beq.n	100027be <uart_init+0xba>
1000271a:	4b52      	ldr	r3, [pc, #328]	; (10002864 <uart_init+0x160>)
1000271c:	4952      	ldr	r1, [pc, #328]	; (10002868 <uart_init+0x164>)
1000271e:	18e2      	adds	r2, r4, r3
10002720:	4253      	negs	r3, r2
10002722:	415a      	adcs	r2, r3
10002724:	2380      	movs	r3, #128	; 0x80
10002726:	03db      	lsls	r3, r3, #15
10002728:	469c      	mov	ip, r3
1000272a:	0592      	lsls	r2, r2, #22
1000272c:	4b4f      	ldr	r3, [pc, #316]	; (1000286c <uart_init+0x168>)
1000272e:	4462      	add	r2, ip
10002730:	601a      	str	r2, [r3, #0]
10002732:	4b4f      	ldr	r3, [pc, #316]	; (10002870 <uart_init+0x16c>)
10002734:	601a      	str	r2, [r3, #0]
10002736:	0010      	movs	r0, r2
10002738:	688b      	ldr	r3, [r1, #8]
1000273a:	4398      	bics	r0, r3
1000273c:	d1fb      	bne.n	10002736 <uart_init+0x32>
1000273e:	4b49      	ldr	r3, [pc, #292]	; (10002864 <uart_init+0x160>)
10002740:	2180      	movs	r1, #128	; 0x80
10002742:	18e3      	adds	r3, r4, r3
10002744:	425a      	negs	r2, r3
10002746:	4153      	adcs	r3, r2
10002748:	4a4a      	ldr	r2, [pc, #296]	; (10002874 <uart_init+0x170>)
1000274a:	005b      	lsls	r3, r3, #1
1000274c:	0049      	lsls	r1, r1, #1
1000274e:	5299      	strh	r1, [r3, r2]
10002750:	2006      	movs	r0, #6
10002752:	f7ff fecb 	bl	100024ec <clock_get_hz>
10002756:	0031      	movs	r1, r6
10002758:	00c0      	lsls	r0, r0, #3
1000275a:	f001 fd7b 	bl	10004254 <__wrap___aeabi_uidiv>
1000275e:	09c3      	lsrs	r3, r0, #7
10002760:	d132      	bne.n	100027c8 <uart_init+0xc4>
10002762:	2240      	movs	r2, #64	; 0x40
10002764:	2101      	movs	r1, #1
10002766:	4690      	mov	r8, r2
10002768:	6261      	str	r1, [r4, #36]	; 0x24
1000276a:	62a3      	str	r3, [r4, #40]	; 0x28
1000276c:	6b25      	ldr	r5, [r4, #48]	; 0x30
1000276e:	07eb      	lsls	r3, r5, #31
10002770:	d436      	bmi.n	100027e0 <uart_init+0xdc>
10002772:	0027      	movs	r7, r4
10002774:	2680      	movs	r6, #128	; 0x80
10002776:	6ae3      	ldr	r3, [r4, #44]	; 0x2c
10002778:	2300      	movs	r3, #0
1000277a:	372c      	adds	r7, #44	; 0x2c
1000277c:	0176      	lsls	r6, r6, #5
1000277e:	433e      	orrs	r6, r7
10002780:	6033      	str	r3, [r6, #0]
10002782:	2006      	movs	r0, #6
10002784:	6325      	str	r5, [r4, #48]	; 0x30
10002786:	f7ff feb1 	bl	100024ec <clock_get_hz>
1000278a:	4641      	mov	r1, r8
1000278c:	0080      	lsls	r0, r0, #2
1000278e:	f001 fd61 	bl	10004254 <__wrap___aeabi_uidiv>
10002792:	6b23      	ldr	r3, [r4, #48]	; 0x30
10002794:	0005      	movs	r5, r0
10002796:	4698      	mov	r8, r3
10002798:	07db      	lsls	r3, r3, #31
1000279a:	d43b      	bmi.n	10002814 <uart_init+0x110>
1000279c:	2260      	movs	r2, #96	; 0x60
1000279e:	6ae3      	ldr	r3, [r4, #44]	; 0x2c
100027a0:	405a      	eors	r2, r3
100027a2:	236e      	movs	r3, #110	; 0x6e
100027a4:	4013      	ands	r3, r2
100027a6:	6033      	str	r3, [r6, #0]
100027a8:	4643      	mov	r3, r8
100027aa:	6323      	str	r3, [r4, #48]	; 0x30
100027ac:	2380      	movs	r3, #128	; 0x80
100027ae:	2210      	movs	r2, #16
100027b0:	019b      	lsls	r3, r3, #6
100027b2:	433b      	orrs	r3, r7
100027b4:	601a      	str	r2, [r3, #0]
100027b6:	4b30      	ldr	r3, [pc, #192]	; (10002878 <uart_init+0x174>)
100027b8:	6323      	str	r3, [r4, #48]	; 0x30
100027ba:	2303      	movs	r3, #3
100027bc:	64a3      	str	r3, [r4, #72]	; 0x48
100027be:	0028      	movs	r0, r5
100027c0:	bcc0      	pop	{r6, r7}
100027c2:	46b9      	mov	r9, r7
100027c4:	46b0      	mov	r8, r6
100027c6:	bdf8      	pop	{r3, r4, r5, r6, r7, pc}
100027c8:	4a2c      	ldr	r2, [pc, #176]	; (1000287c <uart_init+0x178>)
100027ca:	4293      	cmp	r3, r2
100027cc:	d93f      	bls.n	1000284e <uart_init+0x14a>
100027ce:	2300      	movs	r3, #0
100027d0:	492b      	ldr	r1, [pc, #172]	; (10002880 <uart_init+0x17c>)
100027d2:	4a2c      	ldr	r2, [pc, #176]	; (10002884 <uart_init+0x180>)
100027d4:	6261      	str	r1, [r4, #36]	; 0x24
100027d6:	62a3      	str	r3, [r4, #40]	; 0x28
100027d8:	6b25      	ldr	r5, [r4, #48]	; 0x30
100027da:	4690      	mov	r8, r2
100027dc:	07eb      	lsls	r3, r5, #31
100027de:	d5c8      	bpl.n	10002772 <uart_init+0x6e>
100027e0:	0022      	movs	r2, r4
100027e2:	23c0      	movs	r3, #192	; 0xc0
100027e4:	3230      	adds	r2, #48	; 0x30
100027e6:	019b      	lsls	r3, r3, #6
100027e8:	4313      	orrs	r3, r2
100027ea:	4a23      	ldr	r2, [pc, #140]	; (10002878 <uart_init+0x174>)
100027ec:	2006      	movs	r0, #6
100027ee:	601a      	str	r2, [r3, #0]
100027f0:	6a66      	ldr	r6, [r4, #36]	; 0x24
100027f2:	6aa2      	ldr	r2, [r4, #40]	; 0x28
100027f4:	01b6      	lsls	r6, r6, #6
100027f6:	18b6      	adds	r6, r6, r2
100027f8:	f7ff fe78 	bl	100024ec <clock_get_hz>
100027fc:	4922      	ldr	r1, [pc, #136]	; (10002888 <uart_init+0x184>)
100027fe:	f001 fd29 	bl	10004254 <__wrap___aeabi_uidiv>
10002802:	02b6      	lsls	r6, r6, #10
10002804:	0001      	movs	r1, r0
10002806:	0030      	movs	r0, r6
10002808:	f001 fd24 	bl	10004254 <__wrap___aeabi_uidiv>
1000280c:	2100      	movs	r1, #0
1000280e:	f7fe ff2b 	bl	10001668 <busy_wait_us>
10002812:	e7ae      	b.n	10002772 <uart_init+0x6e>
10002814:	0022      	movs	r2, r4
10002816:	23c0      	movs	r3, #192	; 0xc0
10002818:	3230      	adds	r2, #48	; 0x30
1000281a:	019b      	lsls	r3, r3, #6
1000281c:	4313      	orrs	r3, r2
1000281e:	4a16      	ldr	r2, [pc, #88]	; (10002878 <uart_init+0x174>)
10002820:	2006      	movs	r0, #6
10002822:	601a      	str	r2, [r3, #0]
10002824:	6a63      	ldr	r3, [r4, #36]	; 0x24
10002826:	6aa2      	ldr	r2, [r4, #40]	; 0x28
10002828:	019b      	lsls	r3, r3, #6
1000282a:	4699      	mov	r9, r3
1000282c:	4491      	add	r9, r2
1000282e:	f7ff fe5d 	bl	100024ec <clock_get_hz>
10002832:	464b      	mov	r3, r9
10002834:	4914      	ldr	r1, [pc, #80]	; (10002888 <uart_init+0x184>)
10002836:	029b      	lsls	r3, r3, #10
10002838:	4699      	mov	r9, r3
1000283a:	f001 fd0b 	bl	10004254 <__wrap___aeabi_uidiv>
1000283e:	0001      	movs	r1, r0
10002840:	4648      	mov	r0, r9
10002842:	f001 fd07 	bl	10004254 <__wrap___aeabi_uidiv>
10002846:	2100      	movs	r1, #0
10002848:	f7fe ff0e 	bl	10001668 <busy_wait_us>
1000284c:	e7a6      	b.n	1000279c <uart_init+0x98>
1000284e:	227f      	movs	r2, #127	; 0x7f
10002850:	0199      	lsls	r1, r3, #6
10002852:	4688      	mov	r8, r1
10002854:	4010      	ands	r0, r2
10002856:	3001      	adds	r0, #1
10002858:	0840      	lsrs	r0, r0, #1
1000285a:	0019      	movs	r1, r3
1000285c:	4480      	add	r8, r0
1000285e:	0003      	movs	r3, r0
10002860:	e782      	b.n	10002768 <uart_init+0x64>
10002862:	46c0      	nop			; (mov r8, r8)
10002864:	bffc8000 	.word	0xbffc8000
10002868:	4000c000 	.word	0x4000c000
1000286c:	4000e000 	.word	0x4000e000
10002870:	4000f000 	.word	0x4000f000
10002874:	20001ddc 	.word	0x20001ddc
10002878:	00000301 	.word	0x00000301
1000287c:	0000fffe 	.word	0x0000fffe
10002880:	0000ffff 	.word	0x0000ffff
10002884:	003fffc0 	.word	0x003fffc0
10002888:	00000e4e 	.word	0x00000e4e

1000288c <uart_set_format>:
1000288c:	3905      	subs	r1, #5
1000288e:	3a01      	subs	r2, #1
10002890:	b5f8      	push	{r3, r4, r5, r6, r7, lr}
10002892:	00d2      	lsls	r2, r2, #3
10002894:	014c      	lsls	r4, r1, #5
10002896:	0005      	movs	r5, r0
10002898:	4314      	orrs	r4, r2
1000289a:	2b00      	cmp	r3, #0
1000289c:	d005      	beq.n	100028aa <uart_set_format+0x1e>
1000289e:	2202      	movs	r2, #2
100028a0:	4322      	orrs	r2, r4
100028a2:	2b01      	cmp	r3, #1
100028a4:	d12a      	bne.n	100028fc <uart_set_format+0x70>
100028a6:	3305      	adds	r3, #5
100028a8:	431c      	orrs	r4, r3
100028aa:	6b2e      	ldr	r6, [r5, #48]	; 0x30
100028ac:	07f3      	lsls	r3, r6, #31
100028ae:	d40b      	bmi.n	100028c8 <uart_set_format+0x3c>
100028b0:	6aea      	ldr	r2, [r5, #44]	; 0x2c
100028b2:	2380      	movs	r3, #128	; 0x80
100028b4:	4062      	eors	r2, r4
100028b6:	246e      	movs	r4, #110	; 0x6e
100028b8:	4014      	ands	r4, r2
100028ba:	002a      	movs	r2, r5
100028bc:	015b      	lsls	r3, r3, #5
100028be:	322c      	adds	r2, #44	; 0x2c
100028c0:	4313      	orrs	r3, r2
100028c2:	601c      	str	r4, [r3, #0]
100028c4:	632e      	str	r6, [r5, #48]	; 0x30
100028c6:	bdf8      	pop	{r3, r4, r5, r6, r7, pc}
100028c8:	002a      	movs	r2, r5
100028ca:	23c0      	movs	r3, #192	; 0xc0
100028cc:	3230      	adds	r2, #48	; 0x30
100028ce:	019b      	lsls	r3, r3, #6
100028d0:	4313      	orrs	r3, r2
100028d2:	4a0b      	ldr	r2, [pc, #44]	; (10002900 <uart_set_format+0x74>)
100028d4:	2006      	movs	r0, #6
100028d6:	601a      	str	r2, [r3, #0]
100028d8:	6a6f      	ldr	r7, [r5, #36]	; 0x24
100028da:	6aaa      	ldr	r2, [r5, #40]	; 0x28
100028dc:	01bf      	lsls	r7, r7, #6
100028de:	18bf      	adds	r7, r7, r2
100028e0:	f7ff fe04 	bl	100024ec <clock_get_hz>
100028e4:	4907      	ldr	r1, [pc, #28]	; (10002904 <uart_set_format+0x78>)
100028e6:	f001 fcb5 	bl	10004254 <__wrap___aeabi_uidiv>
100028ea:	02bf      	lsls	r7, r7, #10
100028ec:	0001      	movs	r1, r0
100028ee:	0038      	movs	r0, r7
100028f0:	f001 fcb0 	bl	10004254 <__wrap___aeabi_uidiv>
100028f4:	2100      	movs	r1, #0
100028f6:	f7fe feb7 	bl	10001668 <busy_wait_us>
100028fa:	e7d9      	b.n	100028b0 <uart_set_format+0x24>
100028fc:	0014      	movs	r4, r2
100028fe:	e7d4      	b.n	100028aa <uart_set_format+0x1e>
10002900:	00000301 	.word	0x00000301
10002904:	00000e4e 	.word	0x00000e4e

10002908 <uart_set_fifo_enabled>:
10002908:	b5f8      	push	{r3, r4, r5, r6, r7, lr}
1000290a:	1e4b      	subs	r3, r1, #1
1000290c:	4199      	sbcs	r1, r3
1000290e:	6b06      	ldr	r6, [r0, #48]	; 0x30
10002910:	0005      	movs	r5, r0
10002912:	010c      	lsls	r4, r1, #4
10002914:	07f3      	lsls	r3, r6, #31
10002916:	d40b      	bmi.n	10002930 <uart_set_fifo_enabled+0x28>
10002918:	2310      	movs	r3, #16
1000291a:	6ae9      	ldr	r1, [r5, #44]	; 0x2c
1000291c:	002a      	movs	r2, r5
1000291e:	404c      	eors	r4, r1
10002920:	401c      	ands	r4, r3
10002922:	2380      	movs	r3, #128	; 0x80
10002924:	322c      	adds	r2, #44	; 0x2c
10002926:	015b      	lsls	r3, r3, #5
10002928:	4313      	orrs	r3, r2
1000292a:	601c      	str	r4, [r3, #0]
1000292c:	632e      	str	r6, [r5, #48]	; 0x30
1000292e:	bdf8      	pop	{r3, r4, r5, r6, r7, pc}
10002930:	0002      	movs	r2, r0
10002932:	23c0      	movs	r3, #192	; 0xc0
10002934:	3230      	adds	r2, #48	; 0x30
10002936:	019b      	lsls	r3, r3, #6
10002938:	4313      	orrs	r3, r2
1000293a:	4a0a      	ldr	r2, [pc, #40]	; (10002964 <uart_set_fifo_enabled+0x5c>)
1000293c:	601a      	str	r2, [r3, #0]
1000293e:	6a47      	ldr	r7, [r0, #36]	; 0x24
10002940:	6a82      	ldr	r2, [r0, #40]	; 0x28
10002942:	01bf      	lsls	r7, r7, #6
10002944:	2006      	movs	r0, #6
10002946:	18bf      	adds	r7, r7, r2
10002948:	f7ff fdd0 	bl	100024ec <clock_get_hz>
1000294c:	4906      	ldr	r1, [pc, #24]	; (10002968 <uart_set_fifo_enabled+0x60>)
1000294e:	f001 fc81 	bl	10004254 <__wrap___aeabi_uidiv>
10002952:	02bf      	lsls	r7, r7, #10
10002954:	0001      	movs	r1, r0
10002956:	0038      	movs	r0, r7
10002958:	f001 fc7c 	bl	10004254 <__wrap___aeabi_uidiv>
1000295c:	2100      	movs	r1, #0
1000295e:	f7fe fe83 	bl	10001668 <busy_wait_us>
10002962:	e7d9      	b.n	10002918 <uart_set_fifo_enabled+0x10>
10002964:	00000301 	.word	0x00000301
10002968:	00000e4e 	.word	0x00000e4e

1000296c <i2c_slave_init>:
1000296c:	b570      	push	{r4, r5, r6, lr}
1000296e:	4c0d      	ldr	r4, [pc, #52]	; (100029a4 <i2c_slave_init+0x38>)
10002970:	0005      	movs	r5, r0
10002972:	1b04      	subs	r4, r0, r4
10002974:	4263      	negs	r3, r4
10002976:	415c      	adcs	r4, r3
10002978:	480b      	ldr	r0, [pc, #44]	; (100029a8 <i2c_slave_init+0x3c>)
1000297a:	00e3      	lsls	r3, r4, #3
1000297c:	50c2      	str	r2, [r0, r3]
1000297e:	0028      	movs	r0, r5
10002980:	000a      	movs	r2, r1
10002982:	2101      	movs	r1, #1
10002984:	f7fe f998 	bl	10000cb8 <i2c_set_slave_mode>
10002988:	682b      	ldr	r3, [r5, #0]
1000298a:	4a08      	ldr	r2, [pc, #32]	; (100029ac <i2c_slave_init+0x40>)
1000298c:	3417      	adds	r4, #23
1000298e:	0020      	movs	r0, r4
10002990:	631a      	str	r2, [r3, #48]	; 0x30
10002992:	4907      	ldr	r1, [pc, #28]	; (100029b0 <i2c_slave_init+0x44>)
10002994:	f7fe ffb4 	bl	10001900 <irq_set_exclusive_handler>
10002998:	2101      	movs	r1, #1
1000299a:	0020      	movs	r0, r4
1000299c:	f7fe ff6c 	bl	10001878 <irq_set_enabled>
100029a0:	bd70      	pop	{r4, r5, r6, pc}
100029a2:	46c0      	nop			; (mov r8, r8)
100029a4:	20000eb8 	.word	0x20000eb8
100029a8:	20001cf0 	.word	0x20001cf0
100029ac:	00000664 	.word	0x00000664
100029b0:	20000259 	.word	0x20000259

100029b4 <core1_trampoline>:
100029b4:	bd03      	pop	{r0, r1, pc}
100029b6:	46c0      	nop			; (mov r8, r8)

100029b8 <core1_wrapper>:
100029b8:	b510      	push	{r4, lr}
100029ba:	0004      	movs	r4, r0
100029bc:	f7ff f9f0 	bl	10001da0 <irq_init_priorities>
100029c0:	47a0      	blx	r4
100029c2:	bd10      	pop	{r4, pc}

100029c4 <multicore_launch_core1_raw>:
100029c4:	b5f0      	push	{r4, r5, r6, r7, lr}
100029c6:	0004      	movs	r4, r0
100029c8:	b087      	sub	sp, #28
100029ca:	200f      	movs	r0, #15
100029cc:	000e      	movs	r6, r1
100029ce:	0017      	movs	r7, r2
100029d0:	f7fe ff64 	bl	1000189c <irq_is_enabled>
100029d4:	2100      	movs	r1, #0
100029d6:	0005      	movs	r5, r0
100029d8:	200f      	movs	r0, #15
100029da:	f7fe ff4d 	bl	10001878 <irq_set_enabled>
100029de:	2300      	movs	r3, #0
100029e0:	2200      	movs	r2, #0
100029e2:	9200      	str	r2, [sp, #0]
100029e4:	9301      	str	r3, [sp, #4]
100029e6:	2301      	movs	r3, #1
100029e8:	9302      	str	r3, [sp, #8]
100029ea:	23d0      	movs	r3, #208	; 0xd0
100029ec:	9604      	str	r6, [sp, #16]
100029ee:	9405      	str	r4, [sp, #20]
100029f0:	2600      	movs	r6, #0
100029f2:	2400      	movs	r4, #0
100029f4:	2101      	movs	r1, #1
100029f6:	2002      	movs	r0, #2
100029f8:	9703      	str	r7, [sp, #12]
100029fa:	061b      	lsls	r3, r3, #24
100029fc:	2c00      	cmp	r4, #0
100029fe:	d014      	beq.n	10002a2a <multicore_launch_core1_raw+0x66>
10002a00:	6d1a      	ldr	r2, [r3, #80]	; 0x50
10002a02:	4210      	tst	r0, r2
10002a04:	d0fc      	beq.n	10002a00 <multicore_launch_core1_raw+0x3c>
10002a06:	655c      	str	r4, [r3, #84]	; 0x54
10002a08:	bf40      	sev
10002a0a:	6d1a      	ldr	r2, [r3, #80]	; 0x50
10002a0c:	4211      	tst	r1, r2
10002a0e:	d103      	bne.n	10002a18 <multicore_launch_core1_raw+0x54>
10002a10:	bf20      	wfe
10002a12:	6d1a      	ldr	r2, [r3, #80]	; 0x50
10002a14:	4211      	tst	r1, r2
10002a16:	d0fb      	beq.n	10002a10 <multicore_launch_core1_raw+0x4c>
10002a18:	6d9a      	ldr	r2, [r3, #88]	; 0x58
10002a1a:	42a2      	cmp	r2, r4
10002a1c:	d00a      	beq.n	10002a34 <multicore_launch_core1_raw+0x70>
10002a1e:	2600      	movs	r6, #0
10002a20:	466c      	mov	r4, sp
10002a22:	00b2      	lsls	r2, r6, #2
10002a24:	58a4      	ldr	r4, [r4, r2]
10002a26:	e7e9      	b.n	100029fc <multicore_launch_core1_raw+0x38>
10002a28:	6d9a      	ldr	r2, [r3, #88]	; 0x58
10002a2a:	6d1a      	ldr	r2, [r3, #80]	; 0x50
10002a2c:	4211      	tst	r1, r2
10002a2e:	d1fb      	bne.n	10002a28 <multicore_launch_core1_raw+0x64>
10002a30:	bf40      	sev
10002a32:	e7e5      	b.n	10002a00 <multicore_launch_core1_raw+0x3c>
10002a34:	3601      	adds	r6, #1
10002a36:	2e05      	cmp	r6, #5
10002a38:	d9f2      	bls.n	10002a20 <multicore_launch_core1_raw+0x5c>
10002a3a:	0029      	movs	r1, r5
10002a3c:	200f      	movs	r0, #15
10002a3e:	f7fe ff1b 	bl	10001878 <irq_set_enabled>
10002a42:	b007      	add	sp, #28
10002a44:	bdf0      	pop	{r4, r5, r6, r7, pc}
10002a46:	46c0      	nop			; (mov r8, r8)

10002a48 <multicore_launch_core1>:
10002a48:	4b0b      	ldr	r3, [pc, #44]	; (10002a78 <multicore_launch_core1+0x30>)
10002a4a:	4a0c      	ldr	r2, [pc, #48]	; (10002a7c <multicore_launch_core1+0x34>)
10002a4c:	b510      	push	{r4, lr}
10002a4e:	4293      	cmp	r3, r2
10002a50:	d201      	bcs.n	10002a56 <multicore_launch_core1+0xe>
10002a52:	2301      	movs	r3, #1
10002a54:	425b      	negs	r3, r3
10002a56:	0019      	movs	r1, r3
10002a58:	4a09      	ldr	r2, [pc, #36]	; (10002a80 <multicore_launch_core1+0x38>)
10002a5a:	5098      	str	r0, [r3, r2]
10002a5c:	3204      	adds	r2, #4
10002a5e:	509b      	str	r3, [r3, r2]
10002a60:	4a08      	ldr	r2, [pc, #32]	; (10002a84 <multicore_launch_core1+0x3c>)
10002a62:	4b09      	ldr	r3, [pc, #36]	; (10002a88 <multicore_launch_core1+0x40>)
10002a64:	4809      	ldr	r0, [pc, #36]	; (10002a8c <multicore_launch_core1+0x44>)
10002a66:	50ca      	str	r2, [r1, r3]
10002a68:	4b09      	ldr	r3, [pc, #36]	; (10002a90 <multicore_launch_core1+0x48>)
10002a6a:	689a      	ldr	r2, [r3, #8]
10002a6c:	4b04      	ldr	r3, [pc, #16]	; (10002a80 <multicore_launch_core1+0x38>)
10002a6e:	469c      	mov	ip, r3
10002a70:	4461      	add	r1, ip
10002a72:	f7ff ffa7 	bl	100029c4 <multicore_launch_core1_raw>
10002a76:	bd10      	pop	{r4, pc}
10002a78:	20040800 	.word	0x20040800
10002a7c:	20040000 	.word	0x20040000
10002a80:	000007f4 	.word	0x000007f4
10002a84:	100029b9 	.word	0x100029b9
10002a88:	000007fc 	.word	0x000007fc
10002a8c:	100029b5 	.word	0x100029b5
10002a90:	e000ed00 	.word	0xe000ed00

10002a94 <runtime_init>:
10002a94:	4b2c      	ldr	r3, [pc, #176]	; (10002b48 <runtime_init+0xb4>)
10002a96:	4a2d      	ldr	r2, [pc, #180]	; (10002b4c <runtime_init+0xb8>)
10002a98:	b570      	push	{r4, r5, r6, lr}
10002a9a:	601a      	str	r2, [r3, #0]
10002a9c:	4a2c      	ldr	r2, [pc, #176]	; (10002b50 <runtime_init+0xbc>)
10002a9e:	4b2d      	ldr	r3, [pc, #180]	; (10002b54 <runtime_init+0xc0>)
10002aa0:	492d      	ldr	r1, [pc, #180]	; (10002b58 <runtime_init+0xc4>)
10002aa2:	601a      	str	r2, [r3, #0]
10002aa4:	0014      	movs	r4, r2
10002aa6:	688b      	ldr	r3, [r1, #8]
10002aa8:	439c      	bics	r4, r3
10002aaa:	d1fb      	bne.n	10002aa4 <runtime_init+0x10>
10002aac:	4d2b      	ldr	r5, [pc, #172]	; (10002b5c <runtime_init+0xc8>)
10002aae:	4e2c      	ldr	r6, [pc, #176]	; (10002b60 <runtime_init+0xcc>)
10002ab0:	42b5      	cmp	r5, r6
10002ab2:	d208      	bcs.n	10002ac6 <runtime_init+0x32>
10002ab4:	3e01      	subs	r6, #1
10002ab6:	1b76      	subs	r6, r6, r5
10002ab8:	08b6      	lsrs	r6, r6, #2
10002aba:	cd08      	ldmia	r5!, {r3}
10002abc:	4798      	blx	r3
10002abe:	0023      	movs	r3, r4
10002ac0:	3401      	adds	r4, #1
10002ac2:	42b3      	cmp	r3, r6
10002ac4:	d1f9      	bne.n	10002aba <runtime_init+0x26>
10002ac6:	f7ff fba9 	bl	1000221c <clocks_init>
10002aca:	4a26      	ldr	r2, [pc, #152]	; (10002b64 <runtime_init+0xd0>)
10002acc:	4b21      	ldr	r3, [pc, #132]	; (10002b54 <runtime_init+0xc0>)
10002ace:	601a      	str	r2, [r3, #0]
10002ad0:	4a21      	ldr	r2, [pc, #132]	; (10002b58 <runtime_init+0xc4>)
10002ad2:	6893      	ldr	r3, [r2, #8]
10002ad4:	43db      	mvns	r3, r3
10002ad6:	01db      	lsls	r3, r3, #7
10002ad8:	09dd      	lsrs	r5, r3, #7
10002ada:	2b00      	cmp	r3, #0
10002adc:	d1f9      	bne.n	10002ad2 <runtime_init+0x3e>
10002ade:	2240      	movs	r2, #64	; 0x40
10002ae0:	4b21      	ldr	r3, [pc, #132]	; (10002b68 <runtime_init+0xd4>)
10002ae2:	4c22      	ldr	r4, [pc, #136]	; (10002b6c <runtime_init+0xd8>)
10002ae4:	4e22      	ldr	r6, [pc, #136]	; (10002b70 <runtime_init+0xdc>)
10002ae6:	679a      	str	r2, [r3, #120]	; 0x78
10002ae8:	675a      	str	r2, [r3, #116]	; 0x74
10002aea:	671a      	str	r2, [r3, #112]	; 0x70
10002aec:	66da      	str	r2, [r3, #108]	; 0x6c
10002aee:	42b4      	cmp	r4, r6
10002af0:	d208      	bcs.n	10002b04 <runtime_init+0x70>
10002af2:	6823      	ldr	r3, [r4, #0]
10002af4:	0020      	movs	r0, r4
10002af6:	2b00      	cmp	r3, #0
10002af8:	d020      	beq.n	10002b3c <runtime_init+0xa8>
10002afa:	3408      	adds	r4, #8
10002afc:	f7ff f98c 	bl	10001e18 <recursive_mutex_init>
10002b00:	42b4      	cmp	r4, r6
10002b02:	d3f6      	bcc.n	10002af2 <runtime_init+0x5e>
10002b04:	4e1b      	ldr	r6, [pc, #108]	; (10002b74 <runtime_init+0xe0>)
10002b06:	4c1c      	ldr	r4, [pc, #112]	; (10002b78 <runtime_init+0xe4>)
10002b08:	22c0      	movs	r2, #192	; 0xc0
10002b0a:	68a1      	ldr	r1, [r4, #8]
10002b0c:	0030      	movs	r0, r6
10002b0e:	f002 fa2f 	bl	10004f70 <__wrap___aeabi_memcpy>
10002b12:	60a6      	str	r6, [r4, #8]
10002b14:	f7fe f968 	bl	10000de8 <spin_locks_reset>
10002b18:	f7ff f942 	bl	10001da0 <irq_init_priorities>
10002b1c:	f7fe fb1e 	bl	1000115c <alarm_pool_init_default>
10002b20:	4c16      	ldr	r4, [pc, #88]	; (10002b7c <runtime_init+0xe8>)
10002b22:	4e17      	ldr	r6, [pc, #92]	; (10002b80 <runtime_init+0xec>)
10002b24:	42b4      	cmp	r4, r6
10002b26:	d208      	bcs.n	10002b3a <runtime_init+0xa6>
10002b28:	3e01      	subs	r6, #1
10002b2a:	1b36      	subs	r6, r6, r4
10002b2c:	08b6      	lsrs	r6, r6, #2
10002b2e:	cc08      	ldmia	r4!, {r3}
10002b30:	4798      	blx	r3
10002b32:	002b      	movs	r3, r5
10002b34:	3501      	adds	r5, #1
10002b36:	429e      	cmp	r6, r3
10002b38:	d1f9      	bne.n	10002b2e <runtime_init+0x9a>
10002b3a:	bd70      	pop	{r4, r5, r6, pc}
10002b3c:	3408      	adds	r4, #8
10002b3e:	f7ff f95d 	bl	10001dfc <mutex_init>
10002b42:	42b4      	cmp	r4, r6
10002b44:	d3d5      	bcc.n	10002af2 <runtime_init+0x5e>
10002b46:	e7dd      	b.n	10002b04 <runtime_init+0x70>
10002b48:	4000e000 	.word	0x4000e000
10002b4c:	fefbcdbf 	.word	0xfefbcdbf
10002b50:	003c7ffe 	.word	0x003c7ffe
10002b54:	4000f000 	.word	0x4000f000
10002b58:	4000c000 	.word	0x4000c000
10002b5c:	20000fb0 	.word	0x20000fb0
10002b60:	20000fc0 	.word	0x20000fc0
10002b64:	01ffffff 	.word	0x01ffffff
10002b68:	4001f000 	.word	0x4001f000
10002b6c:	20000fa0 	.word	0x20000fa0
10002b70:	20000fb0 	.word	0x20000fb0
10002b74:	20000000 	.word	0x20000000
10002b78:	e000ed00 	.word	0xe000ed00
10002b7c:	20000fc0 	.word	0x20000fc0
10002b80:	20000fc8 	.word	0x20000fc8

10002b84 <_exit>:
10002b84:	be00      	bkpt	0x0000
10002b86:	e7fd      	b.n	10002b84 <_exit>

10002b88 <exit>:
10002b88:	b510      	push	{r4, lr}
10002b8a:	f7ff fffb 	bl	10002b84 <_exit>
10002b8e:	46c0      	nop			; (mov r8, r8)

10002b90 <panic>:
10002b90:	b40f      	push	{r0, r1, r2, r3}
10002b92:	b500      	push	{lr}
10002b94:	4808      	ldr	r0, [pc, #32]	; (10002bb8 <panic+0x28>)
10002b96:	b083      	sub	sp, #12
10002b98:	f002 fb4e 	bl	10005238 <__wrap_puts>
10002b9c:	9b04      	ldr	r3, [sp, #16]
10002b9e:	2b00      	cmp	r3, #0
10002ba0:	d007      	beq.n	10002bb2 <panic+0x22>
10002ba2:	a905      	add	r1, sp, #20
10002ba4:	0018      	movs	r0, r3
10002ba6:	9101      	str	r1, [sp, #4]
10002ba8:	f001 fada 	bl	10004160 <weak_raw_vprintf>
10002bac:	4803      	ldr	r0, [pc, #12]	; (10002bbc <panic+0x2c>)
10002bae:	f002 fb43 	bl	10005238 <__wrap_puts>
10002bb2:	2001      	movs	r0, #1
10002bb4:	f7ff ffe6 	bl	10002b84 <_exit>
10002bb8:	10007864 	.word	0x10007864
10002bbc:	10007874 	.word	0x10007874

10002bc0 <hard_assertion_failure>:
10002bc0:	b510      	push	{r4, lr}
10002bc2:	4801      	ldr	r0, [pc, #4]	; (10002bc8 <hard_assertion_failure+0x8>)
10002bc4:	f7ff ffe4 	bl	10002b90 <panic>
10002bc8:	10007878 	.word	0x10007878

10002bcc <_out_null>:
10002bcc:	4770      	bx	lr
10002bce:	46c0      	nop			; (mov r8, r8)

10002bd0 <_out_rev>:
10002bd0:	b5f8      	push	{r3, r4, r5, r6, r7, lr}
10002bd2:	4657      	mov	r7, sl
10002bd4:	464e      	mov	r6, r9
10002bd6:	4645      	mov	r5, r8
10002bd8:	46de      	mov	lr, fp
10002bda:	b5e0      	push	{r5, r6, r7, lr}
10002bdc:	4699      	mov	r9, r3
10002bde:	9b0a      	ldr	r3, [sp, #40]	; 0x28
10002be0:	0007      	movs	r7, r0
10002be2:	469a      	mov	sl, r3
10002be4:	9b0d      	ldr	r3, [sp, #52]	; 0x34
10002be6:	4688      	mov	r8, r1
10002be8:	4693      	mov	fp, r2
10002bea:	0015      	movs	r5, r2
10002bec:	9e0b      	ldr	r6, [sp, #44]	; 0x2c
10002bee:	079b      	lsls	r3, r3, #30
10002bf0:	d110      	bne.n	10002c14 <_out_rev+0x44>
10002bf2:	9b0c      	ldr	r3, [sp, #48]	; 0x30
10002bf4:	429e      	cmp	r6, r3
10002bf6:	d20d      	bcs.n	10002c14 <_out_rev+0x44>
10002bf8:	1b9d      	subs	r5, r3, r6
10002bfa:	0014      	movs	r4, r2
10002bfc:	000e      	movs	r6, r1
10002bfe:	445d      	add	r5, fp
10002c00:	0022      	movs	r2, r4
10002c02:	464b      	mov	r3, r9
10002c04:	3401      	adds	r4, #1
10002c06:	0031      	movs	r1, r6
10002c08:	2020      	movs	r0, #32
10002c0a:	47b8      	blx	r7
10002c0c:	42a5      	cmp	r5, r4
10002c0e:	d1f7      	bne.n	10002c00 <_out_rev+0x30>
10002c10:	46b0      	mov	r8, r6
10002c12:	9e0b      	ldr	r6, [sp, #44]	; 0x2c
10002c14:	2e00      	cmp	r6, #0
10002c16:	d027      	beq.n	10002c68 <_out_rev+0x98>
10002c18:	4644      	mov	r4, r8
10002c1a:	1975      	adds	r5, r6, r5
10002c1c:	4653      	mov	r3, sl
10002c1e:	1baa      	subs	r2, r5, r6
10002c20:	3e01      	subs	r6, #1
10002c22:	5d98      	ldrb	r0, [r3, r6]
10002c24:	0021      	movs	r1, r4
10002c26:	464b      	mov	r3, r9
10002c28:	47b8      	blx	r7
10002c2a:	2e00      	cmp	r6, #0
10002c2c:	d1f6      	bne.n	10002c1c <_out_rev+0x4c>
10002c2e:	0023      	movs	r3, r4
10002c30:	002c      	movs	r4, r5
10002c32:	4698      	mov	r8, r3
10002c34:	9b0d      	ldr	r3, [sp, #52]	; 0x34
10002c36:	079b      	lsls	r3, r3, #30
10002c38:	d50f      	bpl.n	10002c5a <_out_rev+0x8a>
10002c3a:	465b      	mov	r3, fp
10002c3c:	1ae5      	subs	r5, r4, r3
10002c3e:	9b0c      	ldr	r3, [sp, #48]	; 0x30
10002c40:	42ab      	cmp	r3, r5
10002c42:	d90a      	bls.n	10002c5a <_out_rev+0x8a>
10002c44:	4646      	mov	r6, r8
10002c46:	4698      	mov	r8, r3
10002c48:	0022      	movs	r2, r4
10002c4a:	464b      	mov	r3, r9
10002c4c:	0031      	movs	r1, r6
10002c4e:	2020      	movs	r0, #32
10002c50:	3501      	adds	r5, #1
10002c52:	47b8      	blx	r7
10002c54:	3401      	adds	r4, #1
10002c56:	45a8      	cmp	r8, r5
10002c58:	d8f6      	bhi.n	10002c48 <_out_rev+0x78>
10002c5a:	0020      	movs	r0, r4
10002c5c:	bcf0      	pop	{r4, r5, r6, r7}
10002c5e:	46bb      	mov	fp, r7
10002c60:	46b2      	mov	sl, r6
10002c62:	46a9      	mov	r9, r5
10002c64:	46a0      	mov	r8, r4
10002c66:	bdf8      	pop	{r3, r4, r5, r6, r7, pc}
10002c68:	002c      	movs	r4, r5
10002c6a:	e7e3      	b.n	10002c34 <_out_rev+0x64>

10002c6c <_ntoa_format>:
10002c6c:	b5f0      	push	{r4, r5, r6, r7, lr}
10002c6e:	464f      	mov	r7, r9
10002c70:	4646      	mov	r6, r8
10002c72:	46d6      	mov	lr, sl
10002c74:	b5c0      	push	{r6, r7, lr}
10002c76:	b084      	sub	sp, #16
10002c78:	4698      	mov	r8, r3
10002c7a:	ab0e      	add	r3, sp, #56	; 0x38
10002c7c:	781b      	ldrb	r3, [r3, #0]
10002c7e:	9f12      	ldr	r7, [sp, #72]	; 0x48
10002c80:	4699      	mov	r9, r3
10002c82:	4694      	mov	ip, r2
10002c84:	9c0d      	ldr	r4, [sp, #52]	; 0x34
10002c86:	9b10      	ldr	r3, [sp, #64]	; 0x40
10002c88:	9e11      	ldr	r6, [sp, #68]	; 0x44
10002c8a:	07ba      	lsls	r2, r7, #30
10002c8c:	d425      	bmi.n	10002cda <_ntoa_format+0x6e>
10002c8e:	2e00      	cmp	r6, #0
10002c90:	d14b      	bne.n	10002d2a <_ntoa_format+0xbe>
10002c92:	429c      	cmp	r4, r3
10002c94:	d300      	bcc.n	10002c98 <_ntoa_format+0x2c>
10002c96:	e0bf      	b.n	10002e18 <_ntoa_format+0x1ac>
10002c98:	2201      	movs	r2, #1
10002c9a:	403a      	ands	r2, r7
10002c9c:	4692      	mov	sl, r2
10002c9e:	2c1f      	cmp	r4, #31
10002ca0:	d900      	bls.n	10002ca4 <_ntoa_format+0x38>
10002ca2:	e0b8      	b.n	10002e16 <_ntoa_format+0x1aa>
10002ca4:	9a0c      	ldr	r2, [sp, #48]	; 0x30
10002ca6:	1e55      	subs	r5, r2, #1
10002ca8:	2230      	movs	r2, #48	; 0x30
10002caa:	e001      	b.n	10002cb0 <_ntoa_format+0x44>
10002cac:	2c20      	cmp	r4, #32
10002cae:	d003      	beq.n	10002cb8 <_ntoa_format+0x4c>
10002cb0:	3401      	adds	r4, #1
10002cb2:	552a      	strb	r2, [r5, r4]
10002cb4:	42a3      	cmp	r3, r4
10002cb6:	d8f9      	bhi.n	10002cac <_ntoa_format+0x40>
10002cb8:	4652      	mov	r2, sl
10002cba:	2a00      	cmp	r2, #0
10002cbc:	d00d      	beq.n	10002cda <_ntoa_format+0x6e>
10002cbe:	42a6      	cmp	r6, r4
10002cc0:	d90b      	bls.n	10002cda <_ntoa_format+0x6e>
10002cc2:	2c20      	cmp	r4, #32
10002cc4:	d044      	beq.n	10002d50 <_ntoa_format+0xe4>
10002cc6:	9a0c      	ldr	r2, [sp, #48]	; 0x30
10002cc8:	1e55      	subs	r5, r2, #1
10002cca:	2230      	movs	r2, #48	; 0x30
10002ccc:	e001      	b.n	10002cd2 <_ntoa_format+0x66>
10002cce:	2c20      	cmp	r4, #32
10002cd0:	d03e      	beq.n	10002d50 <_ntoa_format+0xe4>
10002cd2:	3401      	adds	r4, #1
10002cd4:	552a      	strb	r2, [r5, r4]
10002cd6:	42b4      	cmp	r4, r6
10002cd8:	d1f9      	bne.n	10002cce <_ntoa_format+0x62>
10002cda:	06fa      	lsls	r2, r7, #27
10002cdc:	d54d      	bpl.n	10002d7a <_ntoa_format+0x10e>
10002cde:	057a      	lsls	r2, r7, #21
10002ce0:	d43f      	bmi.n	10002d62 <_ntoa_format+0xf6>
10002ce2:	2c00      	cmp	r4, #0
10002ce4:	d139      	bne.n	10002d5a <_ntoa_format+0xee>
10002ce6:	9b0f      	ldr	r3, [sp, #60]	; 0x3c
10002ce8:	2b10      	cmp	r3, #16
10002cea:	d100      	bne.n	10002cee <_ntoa_format+0x82>
10002cec:	e079      	b.n	10002de2 <_ntoa_format+0x176>
10002cee:	9b0f      	ldr	r3, [sp, #60]	; 0x3c
10002cf0:	2b02      	cmp	r3, #2
10002cf2:	d100      	bne.n	10002cf6 <_ntoa_format+0x8a>
10002cf4:	e08a      	b.n	10002e0c <_ntoa_format+0x1a0>
10002cf6:	2330      	movs	r3, #48	; 0x30
10002cf8:	9a0c      	ldr	r2, [sp, #48]	; 0x30
10002cfa:	2401      	movs	r4, #1
10002cfc:	7013      	strb	r3, [r2, #0]
10002cfe:	464b      	mov	r3, r9
10002d00:	2b00      	cmp	r3, #0
10002d02:	d03f      	beq.n	10002d84 <_ntoa_format+0x118>
10002d04:	232d      	movs	r3, #45	; 0x2d
10002d06:	9a0c      	ldr	r2, [sp, #48]	; 0x30
10002d08:	5513      	strb	r3, [r2, r4]
10002d0a:	3401      	adds	r4, #1
10002d0c:	9b0c      	ldr	r3, [sp, #48]	; 0x30
10002d0e:	4662      	mov	r2, ip
10002d10:	9300      	str	r3, [sp, #0]
10002d12:	9703      	str	r7, [sp, #12]
10002d14:	4643      	mov	r3, r8
10002d16:	9602      	str	r6, [sp, #8]
10002d18:	9401      	str	r4, [sp, #4]
10002d1a:	f7ff ff59 	bl	10002bd0 <_out_rev>
10002d1e:	b004      	add	sp, #16
10002d20:	bce0      	pop	{r5, r6, r7}
10002d22:	46ba      	mov	sl, r7
10002d24:	46b1      	mov	r9, r6
10002d26:	46a8      	mov	r8, r5
10002d28:	bdf0      	pop	{r4, r5, r6, r7, pc}
10002d2a:	2201      	movs	r2, #1
10002d2c:	0015      	movs	r5, r2
10002d2e:	403d      	ands	r5, r7
10002d30:	46aa      	mov	sl, r5
10002d32:	423a      	tst	r2, r7
10002d34:	d02f      	beq.n	10002d96 <_ntoa_format+0x12a>
10002d36:	464a      	mov	r2, r9
10002d38:	2a00      	cmp	r2, #0
10002d3a:	d102      	bne.n	10002d42 <_ntoa_format+0xd6>
10002d3c:	320c      	adds	r2, #12
10002d3e:	423a      	tst	r2, r7
10002d40:	d000      	beq.n	10002d44 <_ntoa_format+0xd8>
10002d42:	3e01      	subs	r6, #1
10002d44:	429c      	cmp	r4, r3
10002d46:	d2ba      	bcs.n	10002cbe <_ntoa_format+0x52>
10002d48:	2c1f      	cmp	r4, #31
10002d4a:	d9ab      	bls.n	10002ca4 <_ntoa_format+0x38>
10002d4c:	2e20      	cmp	r6, #32
10002d4e:	d927      	bls.n	10002da0 <_ntoa_format+0x134>
10002d50:	2420      	movs	r4, #32
10002d52:	06fa      	lsls	r2, r7, #27
10002d54:	d5da      	bpl.n	10002d0c <_ntoa_format+0xa0>
10002d56:	057a      	lsls	r2, r7, #21
10002d58:	d403      	bmi.n	10002d62 <_ntoa_format+0xf6>
10002d5a:	42a3      	cmp	r3, r4
10002d5c:	d02d      	beq.n	10002dba <_ntoa_format+0x14e>
10002d5e:	42a6      	cmp	r6, r4
10002d60:	d02b      	beq.n	10002dba <_ntoa_format+0x14e>
10002d62:	9b0f      	ldr	r3, [sp, #60]	; 0x3c
10002d64:	2b10      	cmp	r3, #16
10002d66:	d032      	beq.n	10002dce <_ntoa_format+0x162>
10002d68:	2b02      	cmp	r3, #2
10002d6a:	d020      	beq.n	10002dae <_ntoa_format+0x142>
10002d6c:	2c20      	cmp	r4, #32
10002d6e:	d0cd      	beq.n	10002d0c <_ntoa_format+0xa0>
10002d70:	2230      	movs	r2, #48	; 0x30
10002d72:	9b0c      	ldr	r3, [sp, #48]	; 0x30
10002d74:	191b      	adds	r3, r3, r4
10002d76:	701a      	strb	r2, [r3, #0]
10002d78:	3401      	adds	r4, #1
10002d7a:	2c20      	cmp	r4, #32
10002d7c:	d0c6      	beq.n	10002d0c <_ntoa_format+0xa0>
10002d7e:	464b      	mov	r3, r9
10002d80:	2b00      	cmp	r3, #0
10002d82:	d1bf      	bne.n	10002d04 <_ntoa_format+0x98>
10002d84:	077b      	lsls	r3, r7, #29
10002d86:	d40d      	bmi.n	10002da4 <_ntoa_format+0x138>
10002d88:	073b      	lsls	r3, r7, #28
10002d8a:	d5bf      	bpl.n	10002d0c <_ntoa_format+0xa0>
10002d8c:	2320      	movs	r3, #32
10002d8e:	9a0c      	ldr	r2, [sp, #48]	; 0x30
10002d90:	5513      	strb	r3, [r2, r4]
10002d92:	3401      	adds	r4, #1
10002d94:	e7ba      	b.n	10002d0c <_ntoa_format+0xa0>
10002d96:	429c      	cmp	r4, r3
10002d98:	d29f      	bcs.n	10002cda <_ntoa_format+0x6e>
10002d9a:	2c1f      	cmp	r4, #31
10002d9c:	d800      	bhi.n	10002da0 <_ntoa_format+0x134>
10002d9e:	e781      	b.n	10002ca4 <_ntoa_format+0x38>
10002da0:	2420      	movs	r4, #32
10002da2:	e79a      	b.n	10002cda <_ntoa_format+0x6e>
10002da4:	232b      	movs	r3, #43	; 0x2b
10002da6:	9a0c      	ldr	r2, [sp, #48]	; 0x30
10002da8:	5513      	strb	r3, [r2, r4]
10002daa:	3401      	adds	r4, #1
10002dac:	e7ae      	b.n	10002d0c <_ntoa_format+0xa0>
10002dae:	2c20      	cmp	r4, #32
10002db0:	d0ac      	beq.n	10002d0c <_ntoa_format+0xa0>
10002db2:	9b0c      	ldr	r3, [sp, #48]	; 0x30
10002db4:	191b      	adds	r3, r3, r4
10002db6:	3401      	adds	r4, #1
10002db8:	e03a      	b.n	10002e30 <_ntoa_format+0x1c4>
10002dba:	1e63      	subs	r3, r4, #1
10002dbc:	2c01      	cmp	r4, #1
10002dbe:	d092      	beq.n	10002ce6 <_ntoa_format+0x7a>
10002dc0:	9a0f      	ldr	r2, [sp, #60]	; 0x3c
10002dc2:	2a10      	cmp	r2, #16
10002dc4:	d02a      	beq.n	10002e1c <_ntoa_format+0x1b0>
10002dc6:	2a02      	cmp	r2, #2
10002dc8:	d02f      	beq.n	10002e2a <_ntoa_format+0x1be>
10002dca:	001c      	movs	r4, r3
10002dcc:	e7d0      	b.n	10002d70 <_ntoa_format+0x104>
10002dce:	06bb      	lsls	r3, r7, #26
10002dd0:	d40e      	bmi.n	10002df0 <_ntoa_format+0x184>
10002dd2:	2c20      	cmp	r4, #32
10002dd4:	d09a      	beq.n	10002d0c <_ntoa_format+0xa0>
10002dd6:	9b0c      	ldr	r3, [sp, #48]	; 0x30
10002dd8:	191a      	adds	r2, r3, r4
10002dda:	3401      	adds	r4, #1
10002ddc:	2378      	movs	r3, #120	; 0x78
10002dde:	7013      	strb	r3, [r2, #0]
10002de0:	e7c4      	b.n	10002d6c <_ntoa_format+0x100>
10002de2:	06bb      	lsls	r3, r7, #26
10002de4:	d40d      	bmi.n	10002e02 <_ntoa_format+0x196>
10002de6:	2378      	movs	r3, #120	; 0x78
10002de8:	9a0c      	ldr	r2, [sp, #48]	; 0x30
10002dea:	2401      	movs	r4, #1
10002dec:	7013      	strb	r3, [r2, #0]
10002dee:	e7bf      	b.n	10002d70 <_ntoa_format+0x104>
10002df0:	2c20      	cmp	r4, #32
10002df2:	d100      	bne.n	10002df6 <_ntoa_format+0x18a>
10002df4:	e78a      	b.n	10002d0c <_ntoa_format+0xa0>
10002df6:	2258      	movs	r2, #88	; 0x58
10002df8:	9b0c      	ldr	r3, [sp, #48]	; 0x30
10002dfa:	191b      	adds	r3, r3, r4
10002dfc:	701a      	strb	r2, [r3, #0]
10002dfe:	3401      	adds	r4, #1
10002e00:	e7b4      	b.n	10002d6c <_ntoa_format+0x100>
10002e02:	2358      	movs	r3, #88	; 0x58
10002e04:	9a0c      	ldr	r2, [sp, #48]	; 0x30
10002e06:	2401      	movs	r4, #1
10002e08:	7013      	strb	r3, [r2, #0]
10002e0a:	e7b1      	b.n	10002d70 <_ntoa_format+0x104>
10002e0c:	9a0c      	ldr	r2, [sp, #48]	; 0x30
10002e0e:	3360      	adds	r3, #96	; 0x60
10002e10:	2401      	movs	r4, #1
10002e12:	7013      	strb	r3, [r2, #0]
10002e14:	e7ac      	b.n	10002d70 <_ntoa_format+0x104>
10002e16:	2420      	movs	r4, #32
10002e18:	2600      	movs	r6, #0
10002e1a:	e75e      	b.n	10002cda <_ntoa_format+0x6e>
10002e1c:	3c02      	subs	r4, #2
10002e1e:	06ba      	lsls	r2, r7, #26
10002e20:	d4e9      	bmi.n	10002df6 <_ntoa_format+0x18a>
10002e22:	9a0c      	ldr	r2, [sp, #48]	; 0x30
10002e24:	1912      	adds	r2, r2, r4
10002e26:	001c      	movs	r4, r3
10002e28:	e7d8      	b.n	10002ddc <_ntoa_format+0x170>
10002e2a:	9a0c      	ldr	r2, [sp, #48]	; 0x30
10002e2c:	4692      	mov	sl, r2
10002e2e:	4453      	add	r3, sl
10002e30:	2262      	movs	r2, #98	; 0x62
10002e32:	701a      	strb	r2, [r3, #0]
10002e34:	e79a      	b.n	10002d6c <_ntoa_format+0x100>
10002e36:	46c0      	nop			; (mov r8, r8)

10002e38 <_out_char>:
10002e38:	b510      	push	{r4, lr}
10002e3a:	2800      	cmp	r0, #0
10002e3c:	d100      	bne.n	10002e40 <_out_char+0x8>
10002e3e:	bd10      	pop	{r4, pc}
10002e40:	f002 f9ae 	bl	100051a0 <__wrap_putchar>
10002e44:	e7fb      	b.n	10002e3e <_out_char+0x6>
10002e46:	46c0      	nop			; (mov r8, r8)

10002e48 <_out_fct>:
10002e48:	000b      	movs	r3, r1
10002e4a:	b510      	push	{r4, lr}
10002e4c:	2800      	cmp	r0, #0
10002e4e:	d002      	beq.n	10002e56 <_out_fct+0xe>
10002e50:	6849      	ldr	r1, [r1, #4]
10002e52:	681b      	ldr	r3, [r3, #0]
10002e54:	4798      	blx	r3
10002e56:	bd10      	pop	{r4, pc}

10002e58 <_etoa>:
10002e58:	b5f0      	push	{r4, r5, r6, r7, lr}
10002e5a:	46de      	mov	lr, fp
10002e5c:	4657      	mov	r7, sl
10002e5e:	464e      	mov	r6, r9
10002e60:	4645      	mov	r5, r8
10002e62:	b5e0      	push	{r5, r6, r7, lr}
10002e64:	b09b      	sub	sp, #108	; 0x6c
10002e66:	469b      	mov	fp, r3
10002e68:	9b24      	ldr	r3, [sp, #144]	; 0x90
10002e6a:	4689      	mov	r9, r1
10002e6c:	4698      	mov	r8, r3
10002e6e:	9b25      	ldr	r3, [sp, #148]	; 0x94
10002e70:	900b      	str	r0, [sp, #44]	; 0x2c
10002e72:	920c      	str	r2, [sp, #48]	; 0x30
10002e74:	4640      	mov	r0, r8
10002e76:	4642      	mov	r2, r8
10002e78:	0019      	movs	r1, r3
10002e7a:	469a      	mov	sl, r3
10002e7c:	f001 fcb3 	bl	100047e6 <__wrap___aeabi_dcmpun>
10002e80:	2800      	cmp	r0, #0
10002e82:	d000      	beq.n	10002e86 <_etoa+0x2e>
10002e84:	e0d8      	b.n	10003038 <_etoa+0x1e0>
10002e86:	2201      	movs	r2, #1
10002e88:	4640      	mov	r0, r8
10002e8a:	4651      	mov	r1, sl
10002e8c:	4b77      	ldr	r3, [pc, #476]	; (1000306c <_etoa+0x214>)
10002e8e:	4252      	negs	r2, r2
10002e90:	f001 fca4 	bl	100047dc <__wrap___aeabi_dcmpgt>
10002e94:	2800      	cmp	r0, #0
10002e96:	d000      	beq.n	10002e9a <_etoa+0x42>
10002e98:	e0ce      	b.n	10003038 <_etoa+0x1e0>
10002e9a:	2201      	movs	r2, #1
10002e9c:	4640      	mov	r0, r8
10002e9e:	4651      	mov	r1, sl
10002ea0:	4b73      	ldr	r3, [pc, #460]	; (10003070 <_etoa+0x218>)
10002ea2:	4252      	negs	r2, r2
10002ea4:	f001 fc84 	bl	100047b0 <__wrap___aeabi_dcmplt>
10002ea8:	2800      	cmp	r0, #0
10002eaa:	d000      	beq.n	10002eae <_etoa+0x56>
10002eac:	e0c4      	b.n	10003038 <_etoa+0x1e0>
10002eae:	2200      	movs	r2, #0
10002eb0:	2300      	movs	r3, #0
10002eb2:	4640      	mov	r0, r8
10002eb4:	4651      	mov	r1, sl
10002eb6:	f001 fc7b 	bl	100047b0 <__wrap___aeabi_dcmplt>
10002eba:	2800      	cmp	r0, #0
10002ebc:	d000      	beq.n	10002ec0 <_etoa+0x68>
10002ebe:	e1b9      	b.n	10003234 <_etoa+0x3dc>
10002ec0:	4642      	mov	r2, r8
10002ec2:	4653      	mov	r3, sl
10002ec4:	920a      	str	r2, [sp, #40]	; 0x28
10002ec6:	9309      	str	r3, [sp, #36]	; 0x24
10002ec8:	2380      	movs	r3, #128	; 0x80
10002eca:	9a28      	ldr	r2, [sp, #160]	; 0xa0
10002ecc:	00db      	lsls	r3, r3, #3
10002ece:	401a      	ands	r2, r3
10002ed0:	920e      	str	r2, [sp, #56]	; 0x38
10002ed2:	9a28      	ldr	r2, [sp, #160]	; 0xa0
10002ed4:	421a      	tst	r2, r3
10002ed6:	d101      	bne.n	10002edc <_etoa+0x84>
10002ed8:	2306      	movs	r3, #6
10002eda:	9326      	str	r3, [sp, #152]	; 0x98
10002edc:	9a0a      	ldr	r2, [sp, #40]	; 0x28
10002ede:	9b09      	ldr	r3, [sp, #36]	; 0x24
10002ee0:	0016      	movs	r6, r2
10002ee2:	4313      	orrs	r3, r2
10002ee4:	d000      	beq.n	10002ee8 <_etoa+0x90>
10002ee6:	e0c7      	b.n	10003078 <_etoa+0x220>
10002ee8:	9b28      	ldr	r3, [sp, #160]	; 0xa0
10002eea:	2500      	movs	r5, #0
10002eec:	2600      	movs	r6, #0
10002eee:	051b      	lsls	r3, r3, #20
10002ef0:	d400      	bmi.n	10002ef4 <_etoa+0x9c>
10002ef2:	e19b      	b.n	1000322c <_etoa+0x3d4>
10002ef4:	2300      	movs	r3, #0
10002ef6:	930d      	str	r3, [sp, #52]	; 0x34
10002ef8:	9a26      	ldr	r2, [sp, #152]	; 0x98
10002efa:	9b0d      	ldr	r3, [sp, #52]	; 0x34
10002efc:	429a      	cmp	r2, r3
10002efe:	dc00      	bgt.n	10002f02 <_etoa+0xaa>
10002f00:	e19f      	b.n	10003242 <_etoa+0x3ea>
10002f02:	1ad0      	subs	r0, r2, r3
10002f04:	1e43      	subs	r3, r0, #1
10002f06:	9326      	str	r3, [sp, #152]	; 0x98
10002f08:	2380      	movs	r3, #128	; 0x80
10002f0a:	9a28      	ldr	r2, [sp, #160]	; 0xa0
10002f0c:	00db      	lsls	r3, r3, #3
10002f0e:	431a      	orrs	r2, r3
10002f10:	2300      	movs	r3, #0
10002f12:	2700      	movs	r7, #0
10002f14:	9228      	str	r2, [sp, #160]	; 0xa0
10002f16:	930d      	str	r3, [sp, #52]	; 0x34
10002f18:	9b27      	ldr	r3, [sp, #156]	; 0x9c
10002f1a:	2400      	movs	r4, #0
10002f1c:	42bb      	cmp	r3, r7
10002f1e:	d900      	bls.n	10002f22 <_etoa+0xca>
10002f20:	1bdc      	subs	r4, r3, r7
10002f22:	2302      	movs	r3, #2
10002f24:	9a28      	ldr	r2, [sp, #160]	; 0xa0
10002f26:	401a      	ands	r2, r3
10002f28:	920e      	str	r2, [sp, #56]	; 0x38
10002f2a:	9a28      	ldr	r2, [sp, #160]	; 0xa0
10002f2c:	4213      	tst	r3, r2
10002f2e:	d003      	beq.n	10002f38 <_etoa+0xe0>
10002f30:	427b      	negs	r3, r7
10002f32:	417b      	adcs	r3, r7
10002f34:	425b      	negs	r3, r3
10002f36:	401c      	ands	r4, r3
10002f38:	9b0d      	ldr	r3, [sp, #52]	; 0x34
10002f3a:	2b00      	cmp	r3, #0
10002f3c:	d007      	beq.n	10002f4e <_etoa+0xf6>
10002f3e:	980a      	ldr	r0, [sp, #40]	; 0x28
10002f40:	9909      	ldr	r1, [sp, #36]	; 0x24
10002f42:	002a      	movs	r2, r5
10002f44:	0033      	movs	r3, r6
10002f46:	f001 fbd2 	bl	100046ee <__wrap___aeabi_ddiv>
10002f4a:	900a      	str	r0, [sp, #40]	; 0x28
10002f4c:	9109      	str	r1, [sp, #36]	; 0x24
10002f4e:	2200      	movs	r2, #0
10002f50:	2300      	movs	r3, #0
10002f52:	4640      	mov	r0, r8
10002f54:	4651      	mov	r1, sl
10002f56:	f001 fc2b 	bl	100047b0 <__wrap___aeabi_dcmplt>
10002f5a:	2800      	cmp	r0, #0
10002f5c:	d005      	beq.n	10002f6a <_etoa+0x112>
10002f5e:	2080      	movs	r0, #128	; 0x80
10002f60:	0600      	lsls	r0, r0, #24
10002f62:	4684      	mov	ip, r0
10002f64:	9909      	ldr	r1, [sp, #36]	; 0x24
10002f66:	4461      	add	r1, ip
10002f68:	9109      	str	r1, [sp, #36]	; 0x24
10002f6a:	9a28      	ldr	r2, [sp, #160]	; 0xa0
10002f6c:	4b41      	ldr	r3, [pc, #260]	; (10003074 <_etoa+0x21c>)
10002f6e:	9d0b      	ldr	r5, [sp, #44]	; 0x2c
10002f70:	4013      	ands	r3, r2
10002f72:	9304      	str	r3, [sp, #16]
10002f74:	9b26      	ldr	r3, [sp, #152]	; 0x98
10002f76:	9a0a      	ldr	r2, [sp, #40]	; 0x28
10002f78:	9302      	str	r3, [sp, #8]
10002f7a:	9b09      	ldr	r3, [sp, #36]	; 0x24
10002f7c:	9403      	str	r4, [sp, #12]
10002f7e:	9200      	str	r2, [sp, #0]
10002f80:	9301      	str	r3, [sp, #4]
10002f82:	4649      	mov	r1, r9
10002f84:	465b      	mov	r3, fp
10002f86:	0028      	movs	r0, r5
10002f88:	9a0c      	ldr	r2, [sp, #48]	; 0x30
10002f8a:	f000 f98b 	bl	100032a4 <_ftoa>
10002f8e:	0004      	movs	r4, r0
10002f90:	2f00      	cmp	r7, #0
10002f92:	d062      	beq.n	1000305a <_etoa+0x202>
10002f94:	9b28      	ldr	r3, [sp, #160]	; 0xa0
10002f96:	0022      	movs	r2, r4
10002f98:	0698      	lsls	r0, r3, #26
10002f9a:	231f      	movs	r3, #31
10002f9c:	17c0      	asrs	r0, r0, #31
10002f9e:	4398      	bics	r0, r3
10002fa0:	1c63      	adds	r3, r4, #1
10002fa2:	4698      	mov	r8, r3
10002fa4:	4649      	mov	r1, r9
10002fa6:	465b      	mov	r3, fp
10002fa8:	3065      	adds	r0, #101	; 0x65
10002faa:	47a8      	blx	r5
10002fac:	9b0d      	ldr	r3, [sp, #52]	; 0x34
10002fae:	2500      	movs	r5, #0
10002fb0:	17da      	asrs	r2, r3, #31
10002fb2:	189c      	adds	r4, r3, r2
10002fb4:	0fdb      	lsrs	r3, r3, #31
10002fb6:	469a      	mov	sl, r3
10002fb8:	4054      	eors	r4, r2
10002fba:	3f01      	subs	r7, #1
10002fbc:	e001      	b.n	10002fc2 <_etoa+0x16a>
10002fbe:	2d20      	cmp	r5, #32
10002fc0:	d013      	beq.n	10002fea <_etoa+0x192>
10002fc2:	aa0a      	add	r2, sp, #40	; 0x28
10002fc4:	4694      	mov	ip, r2
10002fc6:	231f      	movs	r3, #31
10002fc8:	0020      	movs	r0, r4
10002fca:	4463      	add	r3, ip
10002fcc:	210a      	movs	r1, #10
10002fce:	3501      	adds	r5, #1
10002fd0:	195e      	adds	r6, r3, r5
10002fd2:	f001 f93f 	bl	10004254 <__wrap___aeabi_uidiv>
10002fd6:	3130      	adds	r1, #48	; 0x30
10002fd8:	7031      	strb	r1, [r6, #0]
10002fda:	0020      	movs	r0, r4
10002fdc:	210a      	movs	r1, #10
10002fde:	f001 f939 	bl	10004254 <__wrap___aeabi_uidiv>
10002fe2:	0026      	movs	r6, r4
10002fe4:	0004      	movs	r4, r0
10002fe6:	2e09      	cmp	r6, #9
10002fe8:	d8e9      	bhi.n	10002fbe <_etoa+0x166>
10002fea:	2305      	movs	r3, #5
10002fec:	9306      	str	r3, [sp, #24]
10002fee:	2300      	movs	r3, #0
10002ff0:	9304      	str	r3, [sp, #16]
10002ff2:	330a      	adds	r3, #10
10002ff4:	9303      	str	r3, [sp, #12]
10002ff6:	4653      	mov	r3, sl
10002ff8:	9705      	str	r7, [sp, #20]
10002ffa:	9f0b      	ldr	r7, [sp, #44]	; 0x2c
10002ffc:	9302      	str	r3, [sp, #8]
10002ffe:	ab12      	add	r3, sp, #72	; 0x48
10003000:	9300      	str	r3, [sp, #0]
10003002:	4642      	mov	r2, r8
10003004:	465b      	mov	r3, fp
10003006:	4649      	mov	r1, r9
10003008:	0038      	movs	r0, r7
1000300a:	9501      	str	r5, [sp, #4]
1000300c:	f7ff fe2e 	bl	10002c6c <_ntoa_format>
10003010:	9b0e      	ldr	r3, [sp, #56]	; 0x38
10003012:	0004      	movs	r4, r0
10003014:	2b00      	cmp	r3, #0
10003016:	d020      	beq.n	1000305a <_etoa+0x202>
10003018:	9b0c      	ldr	r3, [sp, #48]	; 0x30
1000301a:	1ac5      	subs	r5, r0, r3
1000301c:	9b27      	ldr	r3, [sp, #156]	; 0x9c
1000301e:	42ab      	cmp	r3, r5
10003020:	d91b      	bls.n	1000305a <_etoa+0x202>
10003022:	001e      	movs	r6, r3
10003024:	0022      	movs	r2, r4
10003026:	465b      	mov	r3, fp
10003028:	4649      	mov	r1, r9
1000302a:	2020      	movs	r0, #32
1000302c:	3501      	adds	r5, #1
1000302e:	47b8      	blx	r7
10003030:	3401      	adds	r4, #1
10003032:	42ae      	cmp	r6, r5
10003034:	d8f6      	bhi.n	10003024 <_etoa+0x1cc>
10003036:	e010      	b.n	1000305a <_etoa+0x202>
10003038:	9b28      	ldr	r3, [sp, #160]	; 0xa0
1000303a:	4642      	mov	r2, r8
1000303c:	9304      	str	r3, [sp, #16]
1000303e:	9b27      	ldr	r3, [sp, #156]	; 0x9c
10003040:	4649      	mov	r1, r9
10003042:	9303      	str	r3, [sp, #12]
10003044:	9b26      	ldr	r3, [sp, #152]	; 0x98
10003046:	980b      	ldr	r0, [sp, #44]	; 0x2c
10003048:	9302      	str	r3, [sp, #8]
1000304a:	4653      	mov	r3, sl
1000304c:	9200      	str	r2, [sp, #0]
1000304e:	9301      	str	r3, [sp, #4]
10003050:	465b      	mov	r3, fp
10003052:	9a0c      	ldr	r2, [sp, #48]	; 0x30
10003054:	f000 f926 	bl	100032a4 <_ftoa>
10003058:	0004      	movs	r4, r0
1000305a:	0020      	movs	r0, r4
1000305c:	b01b      	add	sp, #108	; 0x6c
1000305e:	bcf0      	pop	{r4, r5, r6, r7}
10003060:	46bb      	mov	fp, r7
10003062:	46b2      	mov	sl, r6
10003064:	46a9      	mov	r9, r5
10003066:	46a0      	mov	r8, r4
10003068:	bdf0      	pop	{r4, r5, r6, r7, pc}
1000306a:	46c0      	nop			; (mov r8, r8)
1000306c:	7fefffff 	.word	0x7fefffff
10003070:	ffefffff 	.word	0xffefffff
10003074:	fffff7ff 	.word	0xfffff7ff
10003078:	4b73      	ldr	r3, [pc, #460]	; (10003248 <_etoa+0x3f0>)
1000307a:	9f09      	ldr	r7, [sp, #36]	; 0x24
1000307c:	469c      	mov	ip, r3
1000307e:	0078      	lsls	r0, r7, #1
10003080:	0d40      	lsrs	r0, r0, #21
10003082:	4460      	add	r0, ip
10003084:	f001 fbc2 	bl	1000480c <__wrap___aeabi_i2d>
10003088:	4a70      	ldr	r2, [pc, #448]	; (1000324c <_etoa+0x3f4>)
1000308a:	4b71      	ldr	r3, [pc, #452]	; (10003250 <_etoa+0x3f8>)
1000308c:	f001 fb4d 	bl	1000472a <__wrap___aeabi_dmul>
10003090:	4a70      	ldr	r2, [pc, #448]	; (10003254 <_etoa+0x3fc>)
10003092:	4b71      	ldr	r3, [pc, #452]	; (10003258 <_etoa+0x400>)
10003094:	f001 fb22 	bl	100046dc <__wrap___aeabi_dadd>
10003098:	033b      	lsls	r3, r7, #12
1000309a:	4a70      	ldr	r2, [pc, #448]	; (1000325c <_etoa+0x404>)
1000309c:	0b1b      	lsrs	r3, r3, #12
1000309e:	431a      	orrs	r2, r3
100030a0:	0004      	movs	r4, r0
100030a2:	000d      	movs	r5, r1
100030a4:	0030      	movs	r0, r6
100030a6:	0011      	movs	r1, r2
100030a8:	4b6d      	ldr	r3, [pc, #436]	; (10003260 <_etoa+0x408>)
100030aa:	2200      	movs	r2, #0
100030ac:	f001 fb0d 	bl	100046ca <__wrap___aeabi_dsub>
100030b0:	4a6c      	ldr	r2, [pc, #432]	; (10003264 <_etoa+0x40c>)
100030b2:	4b6d      	ldr	r3, [pc, #436]	; (10003268 <_etoa+0x410>)
100030b4:	f001 fb39 	bl	1000472a <__wrap___aeabi_dmul>
100030b8:	0002      	movs	r2, r0
100030ba:	000b      	movs	r3, r1
100030bc:	0020      	movs	r0, r4
100030be:	0029      	movs	r1, r5
100030c0:	f001 fb0c 	bl	100046dc <__wrap___aeabi_dadd>
100030c4:	f001 fbba 	bl	1000483c <__wrap___aeabi_d2iz>
100030c8:	900d      	str	r0, [sp, #52]	; 0x34
100030ca:	f001 fb9f 	bl	1000480c <__wrap___aeabi_i2d>
100030ce:	4a67      	ldr	r2, [pc, #412]	; (1000326c <_etoa+0x414>)
100030d0:	4b67      	ldr	r3, [pc, #412]	; (10003270 <_etoa+0x418>)
100030d2:	0004      	movs	r4, r0
100030d4:	000d      	movs	r5, r1
100030d6:	f001 fb28 	bl	1000472a <__wrap___aeabi_dmul>
100030da:	2200      	movs	r2, #0
100030dc:	4b65      	ldr	r3, [pc, #404]	; (10003274 <_etoa+0x41c>)
100030de:	f001 fafd 	bl	100046dc <__wrap___aeabi_dadd>
100030e2:	f001 fbab 	bl	1000483c <__wrap___aeabi_d2iz>
100030e6:	4a64      	ldr	r2, [pc, #400]	; (10003278 <_etoa+0x420>)
100030e8:	0006      	movs	r6, r0
100030ea:	4b64      	ldr	r3, [pc, #400]	; (1000327c <_etoa+0x424>)
100030ec:	0020      	movs	r0, r4
100030ee:	0029      	movs	r1, r5
100030f0:	f001 fb1b 	bl	1000472a <__wrap___aeabi_dmul>
100030f4:	0004      	movs	r4, r0
100030f6:	0030      	movs	r0, r6
100030f8:	000d      	movs	r5, r1
100030fa:	960f      	str	r6, [sp, #60]	; 0x3c
100030fc:	f001 fb86 	bl	1000480c <__wrap___aeabi_i2d>
10003100:	4a5f      	ldr	r2, [pc, #380]	; (10003280 <_etoa+0x428>)
10003102:	4b60      	ldr	r3, [pc, #384]	; (10003284 <_etoa+0x42c>)
10003104:	f001 fb11 	bl	1000472a <__wrap___aeabi_dmul>
10003108:	0002      	movs	r2, r0
1000310a:	000b      	movs	r3, r1
1000310c:	0020      	movs	r0, r4
1000310e:	0029      	movs	r1, r5
10003110:	f001 fadb 	bl	100046ca <__wrap___aeabi_dsub>
10003114:	0002      	movs	r2, r0
10003116:	000b      	movs	r3, r1
10003118:	0006      	movs	r6, r0
1000311a:	000f      	movs	r7, r1
1000311c:	f001 fb05 	bl	1000472a <__wrap___aeabi_dmul>
10003120:	0032      	movs	r2, r6
10003122:	0004      	movs	r4, r0
10003124:	000d      	movs	r5, r1
10003126:	003b      	movs	r3, r7
10003128:	0030      	movs	r0, r6
1000312a:	0039      	movs	r1, r7
1000312c:	f001 fad6 	bl	100046dc <__wrap___aeabi_dadd>
10003130:	2200      	movs	r2, #0
10003132:	9010      	str	r0, [sp, #64]	; 0x40
10003134:	9111      	str	r1, [sp, #68]	; 0x44
10003136:	4b54      	ldr	r3, [pc, #336]	; (10003288 <_etoa+0x430>)
10003138:	0020      	movs	r0, r4
1000313a:	0029      	movs	r1, r5
1000313c:	f001 fad7 	bl	100046ee <__wrap___aeabi_ddiv>
10003140:	2200      	movs	r2, #0
10003142:	4b52      	ldr	r3, [pc, #328]	; (1000328c <_etoa+0x434>)
10003144:	f001 faca 	bl	100046dc <__wrap___aeabi_dadd>
10003148:	0002      	movs	r2, r0
1000314a:	000b      	movs	r3, r1
1000314c:	0020      	movs	r0, r4
1000314e:	0029      	movs	r1, r5
10003150:	f001 facd 	bl	100046ee <__wrap___aeabi_ddiv>
10003154:	2200      	movs	r2, #0
10003156:	4b4e      	ldr	r3, [pc, #312]	; (10003290 <_etoa+0x438>)
10003158:	f001 fac0 	bl	100046dc <__wrap___aeabi_dadd>
1000315c:	0002      	movs	r2, r0
1000315e:	000b      	movs	r3, r1
10003160:	0020      	movs	r0, r4
10003162:	0029      	movs	r1, r5
10003164:	f001 fac3 	bl	100046ee <__wrap___aeabi_ddiv>
10003168:	000d      	movs	r5, r1
1000316a:	2180      	movs	r1, #128	; 0x80
1000316c:	0004      	movs	r4, r0
1000316e:	0032      	movs	r2, r6
10003170:	003b      	movs	r3, r7
10003172:	2000      	movs	r0, #0
10003174:	05c9      	lsls	r1, r1, #23
10003176:	f001 faa8 	bl	100046ca <__wrap___aeabi_dsub>
1000317a:	0002      	movs	r2, r0
1000317c:	000b      	movs	r3, r1
1000317e:	0020      	movs	r0, r4
10003180:	0029      	movs	r1, r5
10003182:	f001 faab 	bl	100046dc <__wrap___aeabi_dadd>
10003186:	0002      	movs	r2, r0
10003188:	000b      	movs	r3, r1
1000318a:	9810      	ldr	r0, [sp, #64]	; 0x40
1000318c:	9911      	ldr	r1, [sp, #68]	; 0x44
1000318e:	f001 faae 	bl	100046ee <__wrap___aeabi_ddiv>
10003192:	2200      	movs	r2, #0
10003194:	4b31      	ldr	r3, [pc, #196]	; (1000325c <_etoa+0x404>)
10003196:	f001 faa1 	bl	100046dc <__wrap___aeabi_dadd>
1000319a:	4b3e      	ldr	r3, [pc, #248]	; (10003294 <_etoa+0x43c>)
1000319c:	9c0f      	ldr	r4, [sp, #60]	; 0x3c
1000319e:	469c      	mov	ip, r3
100031a0:	4464      	add	r4, ip
100031a2:	2200      	movs	r2, #0
100031a4:	0523      	lsls	r3, r4, #20
100031a6:	f001 fac0 	bl	1000472a <__wrap___aeabi_dmul>
100031aa:	0005      	movs	r5, r0
100031ac:	000e      	movs	r6, r1
100031ae:	0002      	movs	r2, r0
100031b0:	000b      	movs	r3, r1
100031b2:	980a      	ldr	r0, [sp, #40]	; 0x28
100031b4:	9909      	ldr	r1, [sp, #36]	; 0x24
100031b6:	f001 fafb 	bl	100047b0 <__wrap___aeabi_dcmplt>
100031ba:	2800      	cmp	r0, #0
100031bc:	d00a      	beq.n	100031d4 <_etoa+0x37c>
100031be:	9b0d      	ldr	r3, [sp, #52]	; 0x34
100031c0:	0028      	movs	r0, r5
100031c2:	3b01      	subs	r3, #1
100031c4:	0031      	movs	r1, r6
100031c6:	930d      	str	r3, [sp, #52]	; 0x34
100031c8:	2200      	movs	r2, #0
100031ca:	4b30      	ldr	r3, [pc, #192]	; (1000328c <_etoa+0x434>)
100031cc:	f001 fa8f 	bl	100046ee <__wrap___aeabi_ddiv>
100031d0:	0005      	movs	r5, r0
100031d2:	000e      	movs	r6, r1
100031d4:	27c6      	movs	r7, #198	; 0xc6
100031d6:	990d      	ldr	r1, [sp, #52]	; 0x34
100031d8:	002b      	movs	r3, r5
100031da:	3163      	adds	r1, #99	; 0x63
100031dc:	428f      	cmp	r7, r1
100031de:	41bf      	sbcs	r7, r7
100031e0:	9928      	ldr	r1, [sp, #160]	; 0xa0
100031e2:	427f      	negs	r7, r7
100031e4:	3704      	adds	r7, #4
100031e6:	0509      	lsls	r1, r1, #20
100031e8:	d400      	bmi.n	100031ec <_etoa+0x394>
100031ea:	e695      	b.n	10002f18 <_etoa+0xc0>
100031ec:	4333      	orrs	r3, r6
100031ee:	d100      	bne.n	100031f2 <_etoa+0x39a>
100031f0:	e682      	b.n	10002ef8 <_etoa+0xa0>
100031f2:	9c09      	ldr	r4, [sp, #36]	; 0x24
100031f4:	4a28      	ldr	r2, [pc, #160]	; (10003298 <_etoa+0x440>)
100031f6:	0021      	movs	r1, r4
100031f8:	4b28      	ldr	r3, [pc, #160]	; (1000329c <_etoa+0x444>)
100031fa:	980a      	ldr	r0, [sp, #40]	; 0x28
100031fc:	f001 fae6 	bl	100047cc <__wrap___aeabi_dcmpge>
10003200:	2800      	cmp	r0, #0
10003202:	d008      	beq.n	10003216 <_etoa+0x3be>
10003204:	2200      	movs	r2, #0
10003206:	0021      	movs	r1, r4
10003208:	4b25      	ldr	r3, [pc, #148]	; (100032a0 <_etoa+0x448>)
1000320a:	980a      	ldr	r0, [sp, #40]	; 0x28
1000320c:	f001 fad0 	bl	100047b0 <__wrap___aeabi_dcmplt>
10003210:	2800      	cmp	r0, #0
10003212:	d000      	beq.n	10003216 <_etoa+0x3be>
10003214:	e670      	b.n	10002ef8 <_etoa+0xa0>
10003216:	9b26      	ldr	r3, [sp, #152]	; 0x98
10003218:	2b00      	cmp	r3, #0
1000321a:	d100      	bne.n	1000321e <_etoa+0x3c6>
1000321c:	e67c      	b.n	10002f18 <_etoa+0xc0>
1000321e:	9b0e      	ldr	r3, [sp, #56]	; 0x38
10003220:	1e5a      	subs	r2, r3, #1
10003222:	4193      	sbcs	r3, r2
10003224:	9a26      	ldr	r2, [sp, #152]	; 0x98
10003226:	1ad3      	subs	r3, r2, r3
10003228:	9326      	str	r3, [sp, #152]	; 0x98
1000322a:	e675      	b.n	10002f18 <_etoa+0xc0>
1000322c:	2300      	movs	r3, #0
1000322e:	2704      	movs	r7, #4
10003230:	930d      	str	r3, [sp, #52]	; 0x34
10003232:	e671      	b.n	10002f18 <_etoa+0xc0>
10003234:	4643      	mov	r3, r8
10003236:	930a      	str	r3, [sp, #40]	; 0x28
10003238:	2380      	movs	r3, #128	; 0x80
1000323a:	061b      	lsls	r3, r3, #24
1000323c:	4453      	add	r3, sl
1000323e:	9309      	str	r3, [sp, #36]	; 0x24
10003240:	e642      	b.n	10002ec8 <_etoa+0x70>
10003242:	2300      	movs	r3, #0
10003244:	9326      	str	r3, [sp, #152]	; 0x98
10003246:	e65f      	b.n	10002f08 <_etoa+0xb0>
10003248:	fffffc01 	.word	0xfffffc01
1000324c:	509f79fb 	.word	0x509f79fb
10003250:	3fd34413 	.word	0x3fd34413
10003254:	8b60c8b3 	.word	0x8b60c8b3
10003258:	3fc68a28 	.word	0x3fc68a28
1000325c:	3ff00000 	.word	0x3ff00000
10003260:	3ff80000 	.word	0x3ff80000
10003264:	636f4361 	.word	0x636f4361
10003268:	3fd287a7 	.word	0x3fd287a7
1000326c:	0979a371 	.word	0x0979a371
10003270:	400a934f 	.word	0x400a934f
10003274:	3fe00000 	.word	0x3fe00000
10003278:	bbb55516 	.word	0xbbb55516
1000327c:	40026bb1 	.word	0x40026bb1
10003280:	fefa39ef 	.word	0xfefa39ef
10003284:	3fe62e42 	.word	0x3fe62e42
10003288:	402c0000 	.word	0x402c0000
1000328c:	40240000 	.word	0x40240000
10003290:	40180000 	.word	0x40180000
10003294:	000003ff 	.word	0x000003ff
10003298:	eb1c432d 	.word	0xeb1c432d
1000329c:	3f1a36e2 	.word	0x3f1a36e2
100032a0:	412e8480 	.word	0x412e8480

100032a4 <_ftoa>:
100032a4:	b5f0      	push	{r4, r5, r6, r7, lr}
100032a6:	464e      	mov	r6, r9
100032a8:	46de      	mov	lr, fp
100032aa:	4657      	mov	r7, sl
100032ac:	4645      	mov	r5, r8
100032ae:	b5e0      	push	{r5, r6, r7, lr}
100032b0:	b097      	sub	sp, #92	; 0x5c
100032b2:	4699      	mov	r9, r3
100032b4:	9e20      	ldr	r6, [sp, #128]	; 0x80
100032b6:	9f21      	ldr	r7, [sp, #132]	; 0x84
100032b8:	9b22      	ldr	r3, [sp, #136]	; 0x88
100032ba:	4683      	mov	fp, r0
100032bc:	4698      	mov	r8, r3
100032be:	9107      	str	r1, [sp, #28]
100032c0:	920c      	str	r2, [sp, #48]	; 0x30
100032c2:	003b      	movs	r3, r7
100032c4:	0032      	movs	r2, r6
100032c6:	0030      	movs	r0, r6
100032c8:	0039      	movs	r1, r7
100032ca:	f001 fa8c 	bl	100047e6 <__wrap___aeabi_dcmpun>
100032ce:	2800      	cmp	r0, #0
100032d0:	d000      	beq.n	100032d4 <_ftoa+0x30>
100032d2:	e1a9      	b.n	10003628 <_ftoa+0x384>
100032d4:	2201      	movs	r2, #1
100032d6:	0030      	movs	r0, r6
100032d8:	0039      	movs	r1, r7
100032da:	4bca      	ldr	r3, [pc, #808]	; (10003604 <_ftoa+0x360>)
100032dc:	4252      	negs	r2, r2
100032de:	f001 fa67 	bl	100047b0 <__wrap___aeabi_dcmplt>
100032e2:	2800      	cmp	r0, #0
100032e4:	d000      	beq.n	100032e8 <_ftoa+0x44>
100032e6:	e0e1      	b.n	100034ac <_ftoa+0x208>
100032e8:	2201      	movs	r2, #1
100032ea:	0030      	movs	r0, r6
100032ec:	0039      	movs	r1, r7
100032ee:	4bc6      	ldr	r3, [pc, #792]	; (10003608 <_ftoa+0x364>)
100032f0:	4252      	negs	r2, r2
100032f2:	f001 fa73 	bl	100047dc <__wrap___aeabi_dcmpgt>
100032f6:	2800      	cmp	r0, #0
100032f8:	d000      	beq.n	100032fc <_ftoa+0x58>
100032fa:	e0b7      	b.n	1000346c <_ftoa+0x1c8>
100032fc:	2200      	movs	r2, #0
100032fe:	0030      	movs	r0, r6
10003300:	0039      	movs	r1, r7
10003302:	4bc2      	ldr	r3, [pc, #776]	; (1000360c <_ftoa+0x368>)
10003304:	f001 fa6a 	bl	100047dc <__wrap___aeabi_dcmpgt>
10003308:	2800      	cmp	r0, #0
1000330a:	d000      	beq.n	1000330e <_ftoa+0x6a>
1000330c:	e099      	b.n	10003442 <_ftoa+0x19e>
1000330e:	2200      	movs	r2, #0
10003310:	0030      	movs	r0, r6
10003312:	0039      	movs	r1, r7
10003314:	4bbe      	ldr	r3, [pc, #760]	; (10003610 <_ftoa+0x36c>)
10003316:	f001 fa4b 	bl	100047b0 <__wrap___aeabi_dcmplt>
1000331a:	2800      	cmp	r0, #0
1000331c:	d000      	beq.n	10003320 <_ftoa+0x7c>
1000331e:	e090      	b.n	10003442 <_ftoa+0x19e>
10003320:	2200      	movs	r2, #0
10003322:	2300      	movs	r3, #0
10003324:	0030      	movs	r0, r6
10003326:	0039      	movs	r1, r7
10003328:	f001 fa42 	bl	100047b0 <__wrap___aeabi_dcmplt>
1000332c:	2800      	cmp	r0, #0
1000332e:	d000      	beq.n	10003332 <_ftoa+0x8e>
10003330:	e0b1      	b.n	10003496 <_ftoa+0x1f2>
10003332:	2300      	movs	r3, #0
10003334:	930d      	str	r3, [sp, #52]	; 0x34
10003336:	9b24      	ldr	r3, [sp, #144]	; 0x90
10003338:	055b      	lsls	r3, r3, #21
1000333a:	d401      	bmi.n	10003340 <_ftoa+0x9c>
1000333c:	2306      	movs	r3, #6
1000333e:	4698      	mov	r8, r3
10003340:	ab08      	add	r3, sp, #32
10003342:	469c      	mov	ip, r3
10003344:	2217      	movs	r2, #23
10003346:	2400      	movs	r4, #0
10003348:	2330      	movs	r3, #48	; 0x30
1000334a:	4641      	mov	r1, r8
1000334c:	4462      	add	r2, ip
1000334e:	e004      	b.n	1000335a <_ftoa+0xb6>
10003350:	3401      	adds	r4, #1
10003352:	5513      	strb	r3, [r2, r4]
10003354:	3901      	subs	r1, #1
10003356:	2c20      	cmp	r4, #32
10003358:	d001      	beq.n	1000335e <_ftoa+0xba>
1000335a:	2909      	cmp	r1, #9
1000335c:	d8f8      	bhi.n	10003350 <_ftoa+0xac>
1000335e:	4688      	mov	r8, r1
10003360:	0030      	movs	r0, r6
10003362:	0039      	movs	r1, r7
10003364:	f001 fa6a 	bl	1000483c <__wrap___aeabi_d2iz>
10003368:	4643      	mov	r3, r8
1000336a:	00da      	lsls	r2, r3, #3
1000336c:	4ba9      	ldr	r3, [pc, #676]	; (10003614 <_ftoa+0x370>)
1000336e:	0005      	movs	r5, r0
10003370:	189b      	adds	r3, r3, r2
10003372:	681a      	ldr	r2, [r3, #0]
10003374:	685b      	ldr	r3, [r3, #4]
10003376:	9208      	str	r2, [sp, #32]
10003378:	9309      	str	r3, [sp, #36]	; 0x24
1000337a:	f001 fa47 	bl	1000480c <__wrap___aeabi_i2d>
1000337e:	0002      	movs	r2, r0
10003380:	000b      	movs	r3, r1
10003382:	0030      	movs	r0, r6
10003384:	0039      	movs	r1, r7
10003386:	f001 f9a0 	bl	100046ca <__wrap___aeabi_dsub>
1000338a:	9a08      	ldr	r2, [sp, #32]
1000338c:	9b09      	ldr	r3, [sp, #36]	; 0x24
1000338e:	f001 f9cc 	bl	1000472a <__wrap___aeabi_dmul>
10003392:	900a      	str	r0, [sp, #40]	; 0x28
10003394:	910b      	str	r1, [sp, #44]	; 0x2c
10003396:	f001 fa75 	bl	10004884 <__wrap___aeabi_d2uiz>
1000339a:	4682      	mov	sl, r0
1000339c:	f001 fa32 	bl	10004804 <__wrap___aeabi_ui2d>
100033a0:	0002      	movs	r2, r0
100033a2:	000b      	movs	r3, r1
100033a4:	980a      	ldr	r0, [sp, #40]	; 0x28
100033a6:	990b      	ldr	r1, [sp, #44]	; 0x2c
100033a8:	f001 f98f 	bl	100046ca <__wrap___aeabi_dsub>
100033ac:	2200      	movs	r2, #0
100033ae:	4b9a      	ldr	r3, [pc, #616]	; (10003618 <_ftoa+0x374>)
100033b0:	900a      	str	r0, [sp, #40]	; 0x28
100033b2:	910b      	str	r1, [sp, #44]	; 0x2c
100033b4:	f001 fa12 	bl	100047dc <__wrap___aeabi_dcmpgt>
100033b8:	2800      	cmp	r0, #0
100033ba:	d100      	bne.n	100033be <_ftoa+0x11a>
100033bc:	e0c0      	b.n	10003540 <_ftoa+0x29c>
100033be:	2301      	movs	r3, #1
100033c0:	469c      	mov	ip, r3
100033c2:	44e2      	add	sl, ip
100033c4:	4650      	mov	r0, sl
100033c6:	f001 fa1d 	bl	10004804 <__wrap___aeabi_ui2d>
100033ca:	0002      	movs	r2, r0
100033cc:	000b      	movs	r3, r1
100033ce:	9808      	ldr	r0, [sp, #32]
100033d0:	9909      	ldr	r1, [sp, #36]	; 0x24
100033d2:	f001 f9f3 	bl	100047bc <__wrap___aeabi_dcmple>
100033d6:	2800      	cmp	r0, #0
100033d8:	d002      	beq.n	100033e0 <_ftoa+0x13c>
100033da:	2300      	movs	r3, #0
100033dc:	469a      	mov	sl, r3
100033de:	3501      	adds	r5, #1
100033e0:	4643      	mov	r3, r8
100033e2:	2b00      	cmp	r3, #0
100033e4:	d06a      	beq.n	100034bc <_ftoa+0x218>
100033e6:	ab08      	add	r3, sp, #32
100033e8:	2617      	movs	r6, #23
100033ea:	469c      	mov	ip, r3
100033ec:	9508      	str	r5, [sp, #32]
100033ee:	4466      	add	r6, ip
100033f0:	4655      	mov	r5, sl
100033f2:	e014      	b.n	1000341e <_ftoa+0x17a>
100033f4:	2301      	movs	r3, #1
100033f6:	425b      	negs	r3, r3
100033f8:	4443      	add	r3, r8
100033fa:	210a      	movs	r1, #10
100033fc:	0028      	movs	r0, r5
100033fe:	469a      	mov	sl, r3
10003400:	f000 ff28 	bl	10004254 <__wrap___aeabi_uidiv>
10003404:	3401      	adds	r4, #1
10003406:	3130      	adds	r1, #48	; 0x30
10003408:	1937      	adds	r7, r6, r4
1000340a:	7039      	strb	r1, [r7, #0]
1000340c:	0028      	movs	r0, r5
1000340e:	210a      	movs	r1, #10
10003410:	f000 ff20 	bl	10004254 <__wrap___aeabi_uidiv>
10003414:	2d09      	cmp	r5, #9
10003416:	d800      	bhi.n	1000341a <_ftoa+0x176>
10003418:	e0d0      	b.n	100035bc <_ftoa+0x318>
1000341a:	46d0      	mov	r8, sl
1000341c:	0005      	movs	r5, r0
1000341e:	2c20      	cmp	r4, #32
10003420:	d1e8      	bne.n	100033f4 <_ftoa+0x150>
10003422:	ab0e      	add	r3, sp, #56	; 0x38
10003424:	4698      	mov	r8, r3
10003426:	2303      	movs	r3, #3
10003428:	9a24      	ldr	r2, [sp, #144]	; 0x90
1000342a:	4013      	ands	r3, r2
1000342c:	2b01      	cmp	r3, #1
1000342e:	d100      	bne.n	10003432 <_ftoa+0x18e>
10003430:	e096      	b.n	10003560 <_ftoa+0x2bc>
10003432:	2320      	movs	r3, #32
10003434:	9a24      	ldr	r2, [sp, #144]	; 0x90
10003436:	9301      	str	r3, [sp, #4]
10003438:	9203      	str	r2, [sp, #12]
1000343a:	9a23      	ldr	r2, [sp, #140]	; 0x8c
1000343c:	4643      	mov	r3, r8
1000343e:	9202      	str	r2, [sp, #8]
10003440:	e01e      	b.n	10003480 <_ftoa+0x1dc>
10003442:	9b24      	ldr	r3, [sp, #144]	; 0x90
10003444:	4658      	mov	r0, fp
10003446:	9304      	str	r3, [sp, #16]
10003448:	9b23      	ldr	r3, [sp, #140]	; 0x8c
1000344a:	9600      	str	r6, [sp, #0]
1000344c:	9701      	str	r7, [sp, #4]
1000344e:	9303      	str	r3, [sp, #12]
10003450:	4643      	mov	r3, r8
10003452:	9a0c      	ldr	r2, [sp, #48]	; 0x30
10003454:	9302      	str	r3, [sp, #8]
10003456:	9907      	ldr	r1, [sp, #28]
10003458:	464b      	mov	r3, r9
1000345a:	f7ff fcfd 	bl	10002e58 <_etoa>
1000345e:	b017      	add	sp, #92	; 0x5c
10003460:	bcf0      	pop	{r4, r5, r6, r7}
10003462:	46bb      	mov	fp, r7
10003464:	46b2      	mov	sl, r6
10003466:	46a9      	mov	r9, r5
10003468:	46a0      	mov	r8, r4
1000346a:	bdf0      	pop	{r4, r5, r6, r7, pc}
1000346c:	9b24      	ldr	r3, [sp, #144]	; 0x90
1000346e:	075b      	lsls	r3, r3, #29
10003470:	d40e      	bmi.n	10003490 <_ftoa+0x1ec>
10003472:	2203      	movs	r2, #3
10003474:	4b69      	ldr	r3, [pc, #420]	; (1000361c <_ftoa+0x378>)
10003476:	9924      	ldr	r1, [sp, #144]	; 0x90
10003478:	9201      	str	r2, [sp, #4]
1000347a:	9103      	str	r1, [sp, #12]
1000347c:	9923      	ldr	r1, [sp, #140]	; 0x8c
1000347e:	9102      	str	r1, [sp, #8]
10003480:	9300      	str	r3, [sp, #0]
10003482:	4658      	mov	r0, fp
10003484:	464b      	mov	r3, r9
10003486:	9a0c      	ldr	r2, [sp, #48]	; 0x30
10003488:	9907      	ldr	r1, [sp, #28]
1000348a:	f7ff fba1 	bl	10002bd0 <_out_rev>
1000348e:	e7e6      	b.n	1000345e <_ftoa+0x1ba>
10003490:	2204      	movs	r2, #4
10003492:	4b63      	ldr	r3, [pc, #396]	; (10003620 <_ftoa+0x37c>)
10003494:	e7ef      	b.n	10003476 <_ftoa+0x1d2>
10003496:	003b      	movs	r3, r7
10003498:	0032      	movs	r2, r6
1000349a:	2000      	movs	r0, #0
1000349c:	2100      	movs	r1, #0
1000349e:	f001 f914 	bl	100046ca <__wrap___aeabi_dsub>
100034a2:	2301      	movs	r3, #1
100034a4:	0006      	movs	r6, r0
100034a6:	000f      	movs	r7, r1
100034a8:	930d      	str	r3, [sp, #52]	; 0x34
100034aa:	e744      	b.n	10003336 <_ftoa+0x92>
100034ac:	9b24      	ldr	r3, [sp, #144]	; 0x90
100034ae:	9303      	str	r3, [sp, #12]
100034b0:	9b23      	ldr	r3, [sp, #140]	; 0x8c
100034b2:	9302      	str	r3, [sp, #8]
100034b4:	2304      	movs	r3, #4
100034b6:	9301      	str	r3, [sp, #4]
100034b8:	4b5a      	ldr	r3, [pc, #360]	; (10003624 <_ftoa+0x380>)
100034ba:	e7e1      	b.n	10003480 <_ftoa+0x1dc>
100034bc:	0028      	movs	r0, r5
100034be:	f001 f9a5 	bl	1000480c <__wrap___aeabi_i2d>
100034c2:	0002      	movs	r2, r0
100034c4:	000b      	movs	r3, r1
100034c6:	0030      	movs	r0, r6
100034c8:	0039      	movs	r1, r7
100034ca:	f001 f8fe 	bl	100046ca <__wrap___aeabi_dsub>
100034ce:	4b52      	ldr	r3, [pc, #328]	; (10003618 <_ftoa+0x374>)
100034d0:	2200      	movs	r2, #0
100034d2:	0006      	movs	r6, r0
100034d4:	000f      	movs	r7, r1
100034d6:	f001 f96b 	bl	100047b0 <__wrap___aeabi_dcmplt>
100034da:	ab0e      	add	r3, sp, #56	; 0x38
100034dc:	4698      	mov	r8, r3
100034de:	2800      	cmp	r0, #0
100034e0:	d10a      	bne.n	100034f8 <_ftoa+0x254>
100034e2:	2200      	movs	r2, #0
100034e4:	0030      	movs	r0, r6
100034e6:	0039      	movs	r1, r7
100034e8:	4b4b      	ldr	r3, [pc, #300]	; (10003618 <_ftoa+0x374>)
100034ea:	f001 f977 	bl	100047dc <__wrap___aeabi_dcmpgt>
100034ee:	2800      	cmp	r0, #0
100034f0:	d102      	bne.n	100034f8 <_ftoa+0x254>
100034f2:	07eb      	lsls	r3, r5, #31
100034f4:	d500      	bpl.n	100034f8 <_ftoa+0x254>
100034f6:	3501      	adds	r5, #1
100034f8:	2c20      	cmp	r4, #32
100034fa:	d094      	beq.n	10003426 <_ftoa+0x182>
100034fc:	aa08      	add	r2, sp, #32
100034fe:	4694      	mov	ip, r2
10003500:	2317      	movs	r3, #23
10003502:	0028      	movs	r0, r5
10003504:	4463      	add	r3, ip
10003506:	210a      	movs	r1, #10
10003508:	3401      	adds	r4, #1
1000350a:	191e      	adds	r6, r3, r4
1000350c:	f000 fe7a 	bl	10004204 <__wrap___aeabi_idiv>
10003510:	3130      	adds	r1, #48	; 0x30
10003512:	0028      	movs	r0, r5
10003514:	7031      	strb	r1, [r6, #0]
10003516:	210a      	movs	r1, #10
10003518:	f000 fe74 	bl	10004204 <__wrap___aeabi_idiv>
1000351c:	1e05      	subs	r5, r0, #0
1000351e:	d1eb      	bne.n	100034f8 <_ftoa+0x254>
10003520:	2303      	movs	r3, #3
10003522:	9a24      	ldr	r2, [sp, #144]	; 0x90
10003524:	4013      	ands	r3, r2
10003526:	2b01      	cmp	r3, #1
10003528:	d01b      	beq.n	10003562 <_ftoa+0x2be>
1000352a:	2c20      	cmp	r4, #32
1000352c:	d100      	bne.n	10003530 <_ftoa+0x28c>
1000352e:	e780      	b.n	10003432 <_ftoa+0x18e>
10003530:	9b0d      	ldr	r3, [sp, #52]	; 0x34
10003532:	2b00      	cmp	r3, #0
10003534:	d035      	beq.n	100035a2 <_ftoa+0x2fe>
10003536:	222d      	movs	r2, #45	; 0x2d
10003538:	4641      	mov	r1, r8
1000353a:	1c63      	adds	r3, r4, #1
1000353c:	550a      	strb	r2, [r1, r4]
1000353e:	e779      	b.n	10003434 <_ftoa+0x190>
10003540:	2200      	movs	r2, #0
10003542:	980a      	ldr	r0, [sp, #40]	; 0x28
10003544:	990b      	ldr	r1, [sp, #44]	; 0x2c
10003546:	4b34      	ldr	r3, [pc, #208]	; (10003618 <_ftoa+0x374>)
10003548:	f001 f932 	bl	100047b0 <__wrap___aeabi_dcmplt>
1000354c:	2800      	cmp	r0, #0
1000354e:	d000      	beq.n	10003552 <_ftoa+0x2ae>
10003550:	e746      	b.n	100033e0 <_ftoa+0x13c>
10003552:	4653      	mov	r3, sl
10003554:	2b00      	cmp	r3, #0
10003556:	d151      	bne.n	100035fc <_ftoa+0x358>
10003558:	2301      	movs	r3, #1
1000355a:	469c      	mov	ip, r3
1000355c:	44e2      	add	sl, ip
1000355e:	e73f      	b.n	100033e0 <_ftoa+0x13c>
10003560:	2420      	movs	r4, #32
10003562:	9b23      	ldr	r3, [sp, #140]	; 0x8c
10003564:	2b00      	cmp	r3, #0
10003566:	d0e0      	beq.n	1000352a <_ftoa+0x286>
10003568:	9b0d      	ldr	r3, [sp, #52]	; 0x34
1000356a:	2b00      	cmp	r3, #0
1000356c:	d103      	bne.n	10003576 <_ftoa+0x2d2>
1000356e:	9a24      	ldr	r2, [sp, #144]	; 0x90
10003570:	330c      	adds	r3, #12
10003572:	4213      	tst	r3, r2
10003574:	d002      	beq.n	1000357c <_ftoa+0x2d8>
10003576:	9b23      	ldr	r3, [sp, #140]	; 0x8c
10003578:	3b01      	subs	r3, #1
1000357a:	9323      	str	r3, [sp, #140]	; 0x8c
1000357c:	9b23      	ldr	r3, [sp, #140]	; 0x8c
1000357e:	42a3      	cmp	r3, r4
10003580:	d9d3      	bls.n	1000352a <_ftoa+0x286>
10003582:	ab08      	add	r3, sp, #32
10003584:	469c      	mov	ip, r3
10003586:	2217      	movs	r2, #23
10003588:	2330      	movs	r3, #48	; 0x30
1000358a:	4462      	add	r2, ip
1000358c:	2c20      	cmp	r4, #32
1000358e:	d100      	bne.n	10003592 <_ftoa+0x2ee>
10003590:	e74f      	b.n	10003432 <_ftoa+0x18e>
10003592:	9923      	ldr	r1, [sp, #140]	; 0x8c
10003594:	3401      	adds	r4, #1
10003596:	5513      	strb	r3, [r2, r4]
10003598:	428c      	cmp	r4, r1
1000359a:	d0c6      	beq.n	1000352a <_ftoa+0x286>
1000359c:	2c20      	cmp	r4, #32
1000359e:	d1f8      	bne.n	10003592 <_ftoa+0x2ee>
100035a0:	e747      	b.n	10003432 <_ftoa+0x18e>
100035a2:	9b24      	ldr	r3, [sp, #144]	; 0x90
100035a4:	075b      	lsls	r3, r3, #29
100035a6:	d424      	bmi.n	100035f2 <_ftoa+0x34e>
100035a8:	9a24      	ldr	r2, [sp, #144]	; 0x90
100035aa:	0023      	movs	r3, r4
100035ac:	0712      	lsls	r2, r2, #28
100035ae:	d400      	bmi.n	100035b2 <_ftoa+0x30e>
100035b0:	e740      	b.n	10003434 <_ftoa+0x190>
100035b2:	2220      	movs	r2, #32
100035b4:	4641      	mov	r1, r8
100035b6:	3301      	adds	r3, #1
100035b8:	550a      	strb	r2, [r1, r4]
100035ba:	e73b      	b.n	10003434 <_ftoa+0x190>
100035bc:	4657      	mov	r7, sl
100035be:	9d08      	ldr	r5, [sp, #32]
100035c0:	2c20      	cmp	r4, #32
100035c2:	d100      	bne.n	100035c6 <_ftoa+0x322>
100035c4:	e72d      	b.n	10003422 <_ftoa+0x17e>
100035c6:	0022      	movs	r2, r4
100035c8:	2130      	movs	r1, #48	; 0x30
100035ca:	4640      	mov	r0, r8
100035cc:	2f00      	cmp	r7, #0
100035ce:	d009      	beq.n	100035e4 <_ftoa+0x340>
100035d0:	3201      	adds	r2, #1
100035d2:	54b1      	strb	r1, [r6, r2]
100035d4:	2a20      	cmp	r2, #32
100035d6:	d100      	bne.n	100035da <_ftoa+0x336>
100035d8:	e723      	b.n	10003422 <_ftoa+0x17e>
100035da:	43d3      	mvns	r3, r2
100035dc:	191b      	adds	r3, r3, r4
100035de:	181b      	adds	r3, r3, r0
100035e0:	2b00      	cmp	r3, #0
100035e2:	d1f5      	bne.n	100035d0 <_ftoa+0x32c>
100035e4:	ab0e      	add	r3, sp, #56	; 0x38
100035e6:	4698      	mov	r8, r3
100035e8:	232e      	movs	r3, #46	; 0x2e
100035ea:	4641      	mov	r1, r8
100035ec:	1c54      	adds	r4, r2, #1
100035ee:	548b      	strb	r3, [r1, r2]
100035f0:	e782      	b.n	100034f8 <_ftoa+0x254>
100035f2:	222b      	movs	r2, #43	; 0x2b
100035f4:	4641      	mov	r1, r8
100035f6:	1c63      	adds	r3, r4, #1
100035f8:	550a      	strb	r2, [r1, r4]
100035fa:	e71b      	b.n	10003434 <_ftoa+0x190>
100035fc:	07db      	lsls	r3, r3, #31
100035fe:	d400      	bmi.n	10003602 <_ftoa+0x35e>
10003600:	e6ee      	b.n	100033e0 <_ftoa+0x13c>
10003602:	e7a9      	b.n	10003558 <_ftoa+0x2b4>
10003604:	ffefffff 	.word	0xffefffff
10003608:	7fefffff 	.word	0x7fefffff
1000360c:	41cdcd65 	.word	0x41cdcd65
10003610:	c1cdcd65 	.word	0xc1cdcd65
10003614:	10007a80 	.word	0x10007a80
10003618:	3fe00000 	.word	0x3fe00000
1000361c:	10007884 	.word	0x10007884
10003620:	10007888 	.word	0x10007888
10003624:	10007894 	.word	0x10007894
10003628:	9b24      	ldr	r3, [sp, #144]	; 0x90
1000362a:	9303      	str	r3, [sp, #12]
1000362c:	9b23      	ldr	r3, [sp, #140]	; 0x8c
1000362e:	9302      	str	r3, [sp, #8]
10003630:	2303      	movs	r3, #3
10003632:	9301      	str	r3, [sp, #4]
10003634:	4b00      	ldr	r3, [pc, #0]	; (10003638 <_ftoa+0x394>)
10003636:	e723      	b.n	10003480 <_ftoa+0x1dc>
10003638:	10007890 	.word	0x10007890

1000363c <_vsnprintf>:
1000363c:	b5f0      	push	{r4, r5, r6, r7, lr}
1000363e:	46de      	mov	lr, fp
10003640:	464e      	mov	r6, r9
10003642:	4657      	mov	r7, sl
10003644:	4645      	mov	r5, r8
10003646:	b5e0      	push	{r5, r6, r7, lr}
10003648:	b09f      	sub	sp, #124	; 0x7c
1000364a:	001c      	movs	r4, r3
1000364c:	9b28      	ldr	r3, [sp, #160]	; 0xa0
1000364e:	4691      	mov	r9, r2
10003650:	9309      	str	r3, [sp, #36]	; 0x24
10003652:	4ac9      	ldr	r2, [pc, #804]	; (10003978 <_vsnprintf+0x33c>)
10003654:	4bc9      	ldr	r3, [pc, #804]	; (1000397c <_vsnprintf+0x340>)
10003656:	468b      	mov	fp, r1
10003658:	9008      	str	r0, [sp, #32]
1000365a:	601a      	str	r2, [r3, #0]
1000365c:	2900      	cmp	r1, #0
1000365e:	d100      	bne.n	10003662 <_vsnprintf+0x26>
10003660:	e218      	b.n	10003a94 <_vsnprintf+0x458>
10003662:	2300      	movs	r3, #0
10003664:	7820      	ldrb	r0, [r4, #0]
10003666:	469a      	mov	sl, r3
10003668:	2800      	cmp	r0, #0
1000366a:	d100      	bne.n	1000366e <_vsnprintf+0x32>
1000366c:	e21a      	b.n	10003aa4 <_vsnprintf+0x468>
1000366e:	0026      	movs	r6, r4
10003670:	001d      	movs	r5, r3
10003672:	465c      	mov	r4, fp
10003674:	e00a      	b.n	1000368c <_vsnprintf+0x50>
10003676:	002a      	movs	r2, r5
10003678:	1c6f      	adds	r7, r5, #1
1000367a:	464b      	mov	r3, r9
1000367c:	9d08      	ldr	r5, [sp, #32]
1000367e:	0021      	movs	r1, r4
10003680:	47a8      	blx	r5
10003682:	003d      	movs	r5, r7
10003684:	3601      	adds	r6, #1
10003686:	7830      	ldrb	r0, [r6, #0]
10003688:	2800      	cmp	r0, #0
1000368a:	d070      	beq.n	1000376e <_vsnprintf+0x132>
1000368c:	2825      	cmp	r0, #37	; 0x25
1000368e:	d1f2      	bne.n	10003676 <_vsnprintf+0x3a>
10003690:	2310      	movs	r3, #16
10003692:	469b      	mov	fp, r3
10003694:	3b08      	subs	r3, #8
10003696:	469a      	mov	sl, r3
10003698:	3b04      	subs	r3, #4
1000369a:	4698      	mov	r8, r3
1000369c:	3b02      	subs	r3, #2
1000369e:	2100      	movs	r1, #0
100036a0:	469c      	mov	ip, r3
100036a2:	1c72      	adds	r2, r6, #1
100036a4:	7810      	ldrb	r0, [r2, #0]
100036a6:	0016      	movs	r6, r2
100036a8:	0003      	movs	r3, r0
100036aa:	3b20      	subs	r3, #32
100036ac:	b2db      	uxtb	r3, r3
100036ae:	2b10      	cmp	r3, #16
100036b0:	d803      	bhi.n	100036ba <_vsnprintf+0x7e>
100036b2:	4fb3      	ldr	r7, [pc, #716]	; (10003980 <_vsnprintf+0x344>)
100036b4:	009b      	lsls	r3, r3, #2
100036b6:	58fb      	ldr	r3, [r7, r3]
100036b8:	469f      	mov	pc, r3
100036ba:	0003      	movs	r3, r0
100036bc:	3b30      	subs	r3, #48	; 0x30
100036be:	2b09      	cmp	r3, #9
100036c0:	d932      	bls.n	10003728 <_vsnprintf+0xec>
100036c2:	2300      	movs	r3, #0
100036c4:	930a      	str	r3, [sp, #40]	; 0x28
100036c6:	282a      	cmp	r0, #42	; 0x2a
100036c8:	d068      	beq.n	1000379c <_vsnprintf+0x160>
100036ca:	2300      	movs	r3, #0
100036cc:	4698      	mov	r8, r3
100036ce:	282e      	cmp	r0, #46	; 0x2e
100036d0:	d03e      	beq.n	10003750 <_vsnprintf+0x114>
100036d2:	0003      	movs	r3, r0
100036d4:	3b68      	subs	r3, #104	; 0x68
100036d6:	b2db      	uxtb	r3, r3
100036d8:	2b12      	cmp	r3, #18
100036da:	d81c      	bhi.n	10003716 <_vsnprintf+0xda>
100036dc:	4aa9      	ldr	r2, [pc, #676]	; (10003984 <_vsnprintf+0x348>)
100036de:	009b      	lsls	r3, r3, #2
100036e0:	58d3      	ldr	r3, [r2, r3]
100036e2:	469f      	mov	pc, r3
100036e4:	2301      	movs	r3, #1
100036e6:	3201      	adds	r2, #1
100036e8:	4319      	orrs	r1, r3
100036ea:	e7db      	b.n	100036a4 <_vsnprintf+0x68>
100036ec:	4663      	mov	r3, ip
100036ee:	3201      	adds	r2, #1
100036f0:	4319      	orrs	r1, r3
100036f2:	e7d7      	b.n	100036a4 <_vsnprintf+0x68>
100036f4:	4643      	mov	r3, r8
100036f6:	3201      	adds	r2, #1
100036f8:	4319      	orrs	r1, r3
100036fa:	e7d3      	b.n	100036a4 <_vsnprintf+0x68>
100036fc:	465b      	mov	r3, fp
100036fe:	3201      	adds	r2, #1
10003700:	4319      	orrs	r1, r3
10003702:	e7cf      	b.n	100036a4 <_vsnprintf+0x68>
10003704:	4653      	mov	r3, sl
10003706:	3201      	adds	r2, #1
10003708:	4319      	orrs	r1, r3
1000370a:	e7cb      	b.n	100036a4 <_vsnprintf+0x68>
1000370c:	2380      	movs	r3, #128	; 0x80
1000370e:	005b      	lsls	r3, r3, #1
10003710:	7870      	ldrb	r0, [r6, #1]
10003712:	4319      	orrs	r1, r3
10003714:	3601      	adds	r6, #1
10003716:	0003      	movs	r3, r0
10003718:	3b25      	subs	r3, #37	; 0x25
1000371a:	b2db      	uxtb	r3, r3
1000371c:	2b53      	cmp	r3, #83	; 0x53
1000371e:	d8aa      	bhi.n	10003676 <_vsnprintf+0x3a>
10003720:	4a99      	ldr	r2, [pc, #612]	; (10003988 <_vsnprintf+0x34c>)
10003722:	009b      	lsls	r3, r3, #2
10003724:	58d3      	ldr	r3, [r2, r3]
10003726:	469f      	mov	pc, r3
10003728:	2700      	movs	r7, #0
1000372a:	0003      	movs	r3, r0
1000372c:	00b8      	lsls	r0, r7, #2
1000372e:	19c0      	adds	r0, r0, r7
10003730:	3601      	adds	r6, #1
10003732:	0040      	lsls	r0, r0, #1
10003734:	18c0      	adds	r0, r0, r3
10003736:	7833      	ldrb	r3, [r6, #0]
10003738:	3830      	subs	r0, #48	; 0x30
1000373a:	001a      	movs	r2, r3
1000373c:	3a30      	subs	r2, #48	; 0x30
1000373e:	0007      	movs	r7, r0
10003740:	2a09      	cmp	r2, #9
10003742:	d9f3      	bls.n	1000372c <_vsnprintf+0xf0>
10003744:	900a      	str	r0, [sp, #40]	; 0x28
10003746:	0018      	movs	r0, r3
10003748:	2300      	movs	r3, #0
1000374a:	4698      	mov	r8, r3
1000374c:	282e      	cmp	r0, #46	; 0x2e
1000374e:	d1c0      	bne.n	100036d2 <_vsnprintf+0x96>
10003750:	2380      	movs	r3, #128	; 0x80
10003752:	7870      	ldrb	r0, [r6, #1]
10003754:	00db      	lsls	r3, r3, #3
10003756:	4319      	orrs	r1, r3
10003758:	0003      	movs	r3, r0
1000375a:	3b30      	subs	r3, #48	; 0x30
1000375c:	1c72      	adds	r2, r6, #1
1000375e:	2b09      	cmp	r3, #9
10003760:	d800      	bhi.n	10003764 <_vsnprintf+0x128>
10003762:	e1a1      	b.n	10003aa8 <_vsnprintf+0x46c>
10003764:	282a      	cmp	r0, #42	; 0x2a
10003766:	d100      	bne.n	1000376a <_vsnprintf+0x12e>
10003768:	e1b2      	b.n	10003ad0 <_vsnprintf+0x494>
1000376a:	0016      	movs	r6, r2
1000376c:	e7b1      	b.n	100036d2 <_vsnprintf+0x96>
1000376e:	46a3      	mov	fp, r4
10003770:	46aa      	mov	sl, r5
10003772:	002c      	movs	r4, r5
10003774:	45d1      	cmp	r9, sl
10003776:	d803      	bhi.n	10003780 <_vsnprintf+0x144>
10003778:	2301      	movs	r3, #1
1000377a:	425b      	negs	r3, r3
1000377c:	444b      	add	r3, r9
1000377e:	469a      	mov	sl, r3
10003780:	464b      	mov	r3, r9
10003782:	4652      	mov	r2, sl
10003784:	4659      	mov	r1, fp
10003786:	2000      	movs	r0, #0
10003788:	9d08      	ldr	r5, [sp, #32]
1000378a:	47a8      	blx	r5
1000378c:	0020      	movs	r0, r4
1000378e:	b01f      	add	sp, #124	; 0x7c
10003790:	bcf0      	pop	{r4, r5, r6, r7}
10003792:	46bb      	mov	fp, r7
10003794:	46b2      	mov	sl, r6
10003796:	46a9      	mov	r9, r5
10003798:	46a0      	mov	r8, r4
1000379a:	bdf0      	pop	{r4, r5, r6, r7, pc}
1000379c:	9b09      	ldr	r3, [sp, #36]	; 0x24
1000379e:	cb40      	ldmia	r3!, {r6}
100037a0:	960a      	str	r6, [sp, #40]	; 0x28
100037a2:	2e00      	cmp	r6, #0
100037a4:	db03      	blt.n	100037ae <_vsnprintf+0x172>
100037a6:	7850      	ldrb	r0, [r2, #1]
100037a8:	9309      	str	r3, [sp, #36]	; 0x24
100037aa:	1c56      	adds	r6, r2, #1
100037ac:	e78d      	b.n	100036ca <_vsnprintf+0x8e>
100037ae:	3828      	subs	r0, #40	; 0x28
100037b0:	4301      	orrs	r1, r0
100037b2:	4270      	negs	r0, r6
100037b4:	900a      	str	r0, [sp, #40]	; 0x28
100037b6:	9309      	str	r3, [sp, #36]	; 0x24
100037b8:	7850      	ldrb	r0, [r2, #1]
100037ba:	1c56      	adds	r6, r2, #1
100037bc:	e785      	b.n	100036ca <_vsnprintf+0x8e>
100037be:	2878      	cmp	r0, #120	; 0x78
100037c0:	d100      	bne.n	100037c4 <_vsnprintf+0x188>
100037c2:	e1df      	b.n	10003b84 <_vsnprintf+0x548>
100037c4:	2858      	cmp	r0, #88	; 0x58
100037c6:	d100      	bne.n	100037ca <_vsnprintf+0x18e>
100037c8:	e24c      	b.n	10003c64 <_vsnprintf+0x628>
100037ca:	286f      	cmp	r0, #111	; 0x6f
100037cc:	d100      	bne.n	100037d0 <_vsnprintf+0x194>
100037ce:	e34f      	b.n	10003e70 <_vsnprintf+0x834>
100037d0:	2862      	cmp	r0, #98	; 0x62
100037d2:	d101      	bne.n	100037d8 <_vsnprintf+0x19c>
100037d4:	f000 fc30 	bl	10004038 <_vsnprintf+0x9fc>
100037d8:	2310      	movs	r3, #16
100037da:	000a      	movs	r2, r1
100037dc:	439a      	bics	r2, r3
100037de:	920b      	str	r2, [sp, #44]	; 0x2c
100037e0:	2869      	cmp	r0, #105	; 0x69
100037e2:	d001      	beq.n	100037e8 <_vsnprintf+0x1ac>
100037e4:	f000 fca9 	bl	1000413a <_vsnprintf+0xafe>
100037e8:	230a      	movs	r3, #10
100037ea:	930c      	str	r3, [sp, #48]	; 0x30
100037ec:	054b      	lsls	r3, r1, #21
100037ee:	d500      	bpl.n	100037f2 <_vsnprintf+0x1b6>
100037f0:	e1d0      	b.n	10003b94 <_vsnprintf+0x558>
100037f2:	9a0b      	ldr	r2, [sp, #44]	; 0x2c
100037f4:	2380      	movs	r3, #128	; 0x80
100037f6:	0011      	movs	r1, r2
100037f8:	009b      	lsls	r3, r3, #2
100037fa:	4019      	ands	r1, r3
100037fc:	468b      	mov	fp, r1
100037fe:	421a      	tst	r2, r3
10003800:	d000      	beq.n	10003804 <_vsnprintf+0x1c8>
10003802:	e2a1      	b.n	10003d48 <_vsnprintf+0x70c>
10003804:	2380      	movs	r3, #128	; 0x80
10003806:	0011      	movs	r1, r2
10003808:	005b      	lsls	r3, r3, #1
1000380a:	4019      	ands	r1, r3
1000380c:	468a      	mov	sl, r1
1000380e:	421a      	tst	r2, r3
10003810:	d000      	beq.n	10003814 <_vsnprintf+0x1d8>
10003812:	e3b6      	b.n	10003f82 <_vsnprintf+0x946>
10003814:	0013      	movs	r3, r2
10003816:	065b      	lsls	r3, r3, #25
10003818:	d500      	bpl.n	1000381c <_vsnprintf+0x1e0>
1000381a:	e2ed      	b.n	10003df8 <_vsnprintf+0x7bc>
1000381c:	0013      	movs	r3, r2
1000381e:	9909      	ldr	r1, [sp, #36]	; 0x24
10003820:	061b      	lsls	r3, r3, #24
10003822:	d401      	bmi.n	10003828 <_vsnprintf+0x1ec>
10003824:	f000 fc76 	bl	10004114 <_vsnprintf+0xad8>
10003828:	c908      	ldmia	r1!, {r3}
1000382a:	b21b      	sxth	r3, r3
1000382c:	17d8      	asrs	r0, r3, #31
1000382e:	181a      	adds	r2, r3, r0
10003830:	4042      	eors	r2, r0
10003832:	b292      	uxth	r2, r2
10003834:	9109      	str	r1, [sp, #36]	; 0x24
10003836:	4693      	mov	fp, r2
10003838:	0fda      	lsrs	r2, r3, #31
1000383a:	9212      	str	r2, [sp, #72]	; 0x48
1000383c:	2b00      	cmp	r3, #0
1000383e:	d109      	bne.n	10003854 <_vsnprintf+0x218>
10003840:	2380      	movs	r3, #128	; 0x80
10003842:	2210      	movs	r2, #16
10003844:	990b      	ldr	r1, [sp, #44]	; 0x2c
10003846:	00db      	lsls	r3, r3, #3
10003848:	400b      	ands	r3, r1
1000384a:	4391      	bics	r1, r2
1000384c:	910b      	str	r1, [sp, #44]	; 0x2c
1000384e:	2b00      	cmp	r3, #0
10003850:	d000      	beq.n	10003854 <_vsnprintf+0x218>
10003852:	e2e4      	b.n	10003e1e <_vsnprintf+0x7e2>
10003854:	9a0b      	ldr	r2, [sp, #44]	; 0x2c
10003856:	2361      	movs	r3, #97	; 0x61
10003858:	0692      	lsls	r2, r2, #26
1000385a:	d500      	bpl.n	1000385e <_vsnprintf+0x222>
1000385c:	2341      	movs	r3, #65	; 0x41
1000385e:	a90e      	add	r1, sp, #56	; 0x38
10003860:	221f      	movs	r2, #31
10003862:	468c      	mov	ip, r1
10003864:	b2db      	uxtb	r3, r3
10003866:	4462      	add	r2, ip
10003868:	3b0a      	subs	r3, #10
1000386a:	465f      	mov	r7, fp
1000386c:	9513      	str	r5, [sp, #76]	; 0x4c
1000386e:	46a3      	mov	fp, r4
10003870:	4655      	mov	r5, sl
10003872:	9c0c      	ldr	r4, [sp, #48]	; 0x30
10003874:	46b2      	mov	sl, r6
10003876:	930d      	str	r3, [sp, #52]	; 0x34
10003878:	0016      	movs	r6, r2
1000387a:	e00a      	b.n	10003892 <_vsnprintf+0x256>
1000387c:	3330      	adds	r3, #48	; 0x30
1000387e:	b2db      	uxtb	r3, r3
10003880:	3501      	adds	r5, #1
10003882:	5573      	strb	r3, [r6, r5]
10003884:	42a7      	cmp	r7, r4
10003886:	d200      	bcs.n	1000388a <_vsnprintf+0x24e>
10003888:	e2ed      	b.n	10003e66 <_vsnprintf+0x82a>
1000388a:	2d20      	cmp	r5, #32
1000388c:	d100      	bne.n	10003890 <_vsnprintf+0x254>
1000388e:	e2ea      	b.n	10003e66 <_vsnprintf+0x82a>
10003890:	0007      	movs	r7, r0
10003892:	0021      	movs	r1, r4
10003894:	0038      	movs	r0, r7
10003896:	f000 fcdd 	bl	10004254 <__wrap___aeabi_uidiv>
1000389a:	b2cb      	uxtb	r3, r1
1000389c:	2909      	cmp	r1, #9
1000389e:	d9ed      	bls.n	1000387c <_vsnprintf+0x240>
100038a0:	9a0d      	ldr	r2, [sp, #52]	; 0x34
100038a2:	4694      	mov	ip, r2
100038a4:	4463      	add	r3, ip
100038a6:	b2db      	uxtb	r3, r3
100038a8:	e7ea      	b.n	10003880 <_vsnprintf+0x244>
100038aa:	2380      	movs	r3, #128	; 0x80
100038ac:	009b      	lsls	r3, r3, #2
100038ae:	7870      	ldrb	r0, [r6, #1]
100038b0:	4319      	orrs	r1, r3
100038b2:	3601      	adds	r6, #1
100038b4:	e72f      	b.n	10003716 <_vsnprintf+0xda>
100038b6:	7870      	ldrb	r0, [r6, #1]
100038b8:	2868      	cmp	r0, #104	; 0x68
100038ba:	d100      	bne.n	100038be <_vsnprintf+0x282>
100038bc:	e1cd      	b.n	10003c5a <_vsnprintf+0x61e>
100038be:	2380      	movs	r3, #128	; 0x80
100038c0:	3601      	adds	r6, #1
100038c2:	4319      	orrs	r1, r3
100038c4:	e727      	b.n	10003716 <_vsnprintf+0xda>
100038c6:	7870      	ldrb	r0, [r6, #1]
100038c8:	286c      	cmp	r0, #108	; 0x6c
100038ca:	d100      	bne.n	100038ce <_vsnprintf+0x292>
100038cc:	e1bf      	b.n	10003c4e <_vsnprintf+0x612>
100038ce:	2380      	movs	r3, #128	; 0x80
100038d0:	005b      	lsls	r3, r3, #1
100038d2:	4319      	orrs	r1, r3
100038d4:	3601      	adds	r6, #1
100038d6:	e71e      	b.n	10003716 <_vsnprintf+0xda>
100038d8:	2846      	cmp	r0, #70	; 0x46
100038da:	d100      	bne.n	100038de <_vsnprintf+0x2a2>
100038dc:	e19b      	b.n	10003c16 <_vsnprintf+0x5da>
100038de:	2207      	movs	r2, #7
100038e0:	9b09      	ldr	r3, [sp, #36]	; 0x24
100038e2:	9104      	str	r1, [sp, #16]
100038e4:	3307      	adds	r3, #7
100038e6:	4393      	bics	r3, r2
100038e8:	9a0a      	ldr	r2, [sp, #40]	; 0x28
100038ea:	0019      	movs	r1, r3
100038ec:	9203      	str	r2, [sp, #12]
100038ee:	4642      	mov	r2, r8
100038f0:	9202      	str	r2, [sp, #8]
100038f2:	c90c      	ldmia	r1!, {r2, r3}
100038f4:	9808      	ldr	r0, [sp, #32]
100038f6:	9200      	str	r2, [sp, #0]
100038f8:	9301      	str	r3, [sp, #4]
100038fa:	9109      	str	r1, [sp, #36]	; 0x24
100038fc:	002a      	movs	r2, r5
100038fe:	464b      	mov	r3, r9
10003900:	0021      	movs	r1, r4
10003902:	f7ff fccf 	bl	100032a4 <_ftoa>
10003906:	3601      	adds	r6, #1
10003908:	0005      	movs	r5, r0
1000390a:	e6bc      	b.n	10003686 <_vsnprintf+0x4a>
1000390c:	002a      	movs	r2, r5
1000390e:	1c6f      	adds	r7, r5, #1
10003910:	464b      	mov	r3, r9
10003912:	9d08      	ldr	r5, [sp, #32]
10003914:	0021      	movs	r1, r4
10003916:	2025      	movs	r0, #37	; 0x25
10003918:	47a8      	blx	r5
1000391a:	3601      	adds	r6, #1
1000391c:	003d      	movs	r5, r7
1000391e:	e6b2      	b.n	10003686 <_vsnprintf+0x4a>
10003920:	078b      	lsls	r3, r1, #30
10003922:	d400      	bmi.n	10003926 <_vsnprintf+0x2ea>
10003924:	e1ad      	b.n	10003c82 <_vsnprintf+0x646>
10003926:	9b09      	ldr	r3, [sp, #36]	; 0x24
10003928:	002a      	movs	r2, r5
1000392a:	469a      	mov	sl, r3
1000392c:	1c6b      	adds	r3, r5, #1
1000392e:	4698      	mov	r8, r3
10003930:	4653      	mov	r3, sl
10003932:	cb01      	ldmia	r3!, {r0}
10003934:	0021      	movs	r1, r4
10003936:	469a      	mov	sl, r3
10003938:	9f08      	ldr	r7, [sp, #32]
1000393a:	464b      	mov	r3, r9
1000393c:	b2c0      	uxtb	r0, r0
1000393e:	47b8      	blx	r7
10003940:	9b0a      	ldr	r3, [sp, #40]	; 0x28
10003942:	469c      	mov	ip, r3
10003944:	4465      	add	r5, ip
10003946:	2b01      	cmp	r3, #1
10003948:	d800      	bhi.n	1000394c <_vsnprintf+0x310>
1000394a:	e286      	b.n	10003e5a <_vsnprintf+0x81e>
1000394c:	9b08      	ldr	r3, [sp, #32]
1000394e:	4647      	mov	r7, r8
10003950:	46b0      	mov	r8, r6
10003952:	0026      	movs	r6, r4
10003954:	464c      	mov	r4, r9
10003956:	4699      	mov	r9, r3
10003958:	003a      	movs	r2, r7
1000395a:	0023      	movs	r3, r4
1000395c:	3701      	adds	r7, #1
1000395e:	0031      	movs	r1, r6
10003960:	2020      	movs	r0, #32
10003962:	47c8      	blx	r9
10003964:	42af      	cmp	r7, r5
10003966:	d1f7      	bne.n	10003958 <_vsnprintf+0x31c>
10003968:	46a1      	mov	r9, r4
1000396a:	4653      	mov	r3, sl
1000396c:	0034      	movs	r4, r6
1000396e:	4646      	mov	r6, r8
10003970:	9309      	str	r3, [sp, #36]	; 0x24
10003972:	3601      	adds	r6, #1
10003974:	e687      	b.n	10003686 <_vsnprintf+0x4a>
10003976:	46c0      	nop			; (mov r8, r8)
10003978:	1000363d 	.word	0x1000363d
1000397c:	20001d48 	.word	0x20001d48
10003980:	1000789c 	.word	0x1000789c
10003984:	100078e0 	.word	0x100078e0
10003988:	1000792c 	.word	0x1000792c
1000398c:	9b09      	ldr	r3, [sp, #36]	; 0x24
1000398e:	cb04      	ldmia	r3!, {r2}
10003990:	469b      	mov	fp, r3
10003992:	4643      	mov	r3, r8
10003994:	9209      	str	r2, [sp, #36]	; 0x24
10003996:	2b00      	cmp	r3, #0
10003998:	d100      	bne.n	1000399c <_vsnprintf+0x360>
1000399a:	e0c6      	b.n	10003b2a <_vsnprintf+0x4ee>
1000399c:	7813      	ldrb	r3, [r2, #0]
1000399e:	469c      	mov	ip, r3
100039a0:	2b00      	cmp	r3, #0
100039a2:	d100      	bne.n	100039a6 <_vsnprintf+0x36a>
100039a4:	e3bd      	b.n	10004122 <_vsnprintf+0xae6>
100039a6:	4643      	mov	r3, r8
100039a8:	3b01      	subs	r3, #1
100039aa:	9a09      	ldr	r2, [sp, #36]	; 0x24
100039ac:	3301      	adds	r3, #1
100039ae:	18d0      	adds	r0, r2, r3
100039b0:	9f0a      	ldr	r7, [sp, #40]	; 0x28
100039b2:	0013      	movs	r3, r2
100039b4:	e001      	b.n	100039ba <_vsnprintf+0x37e>
100039b6:	4283      	cmp	r3, r0
100039b8:	d003      	beq.n	100039c2 <_vsnprintf+0x386>
100039ba:	785a      	ldrb	r2, [r3, #1]
100039bc:	3301      	adds	r3, #1
100039be:	2a00      	cmp	r2, #0
100039c0:	d1f9      	bne.n	100039b6 <_vsnprintf+0x37a>
100039c2:	9a09      	ldr	r2, [sp, #36]	; 0x24
100039c4:	970a      	str	r7, [sp, #40]	; 0x28
100039c6:	1a9b      	subs	r3, r3, r2
100039c8:	930b      	str	r3, [sp, #44]	; 0x2c
100039ca:	2380      	movs	r3, #128	; 0x80
100039cc:	000a      	movs	r2, r1
100039ce:	00db      	lsls	r3, r3, #3
100039d0:	401a      	ands	r2, r3
100039d2:	920c      	str	r2, [sp, #48]	; 0x30
100039d4:	4219      	tst	r1, r3
100039d6:	d004      	beq.n	100039e2 <_vsnprintf+0x3a6>
100039d8:	9b0b      	ldr	r3, [sp, #44]	; 0x2c
100039da:	4543      	cmp	r3, r8
100039dc:	d901      	bls.n	100039e2 <_vsnprintf+0x3a6>
100039de:	4643      	mov	r3, r8
100039e0:	930b      	str	r3, [sp, #44]	; 0x2c
100039e2:	2302      	movs	r3, #2
100039e4:	001a      	movs	r2, r3
100039e6:	400a      	ands	r2, r1
100039e8:	920d      	str	r2, [sp, #52]	; 0x34
100039ea:	420b      	tst	r3, r1
100039ec:	d100      	bne.n	100039f0 <_vsnprintf+0x3b4>
100039ee:	e187      	b.n	10003d00 <_vsnprintf+0x6c4>
100039f0:	4660      	mov	r0, ip
100039f2:	2800      	cmp	r0, #0
100039f4:	d100      	bne.n	100039f8 <_vsnprintf+0x3bc>
100039f6:	e168      	b.n	10003cca <_vsnprintf+0x68e>
100039f8:	9b0c      	ldr	r3, [sp, #48]	; 0x30
100039fa:	2b00      	cmp	r3, #0
100039fc:	d100      	bne.n	10003a00 <_vsnprintf+0x3c4>
100039fe:	e10d      	b.n	10003c1c <_vsnprintf+0x5e0>
10003a00:	44a8      	add	r8, r5
10003a02:	46c2      	mov	sl, r8
10003a04:	9b09      	ldr	r3, [sp, #36]	; 0x24
10003a06:	4657      	mov	r7, sl
10003a08:	1b5b      	subs	r3, r3, r5
10003a0a:	4698      	mov	r8, r3
10003a0c:	9b08      	ldr	r3, [sp, #32]
10003a0e:	46b2      	mov	sl, r6
10003a10:	002a      	movs	r2, r5
10003a12:	0026      	movs	r6, r4
10003a14:	464c      	mov	r4, r9
10003a16:	4699      	mov	r9, r3
10003a18:	e009      	b.n	10003a2e <_vsnprintf+0x3f2>
10003a1a:	0023      	movs	r3, r4
10003a1c:	0031      	movs	r1, r6
10003a1e:	1c55      	adds	r5, r2, #1
10003a20:	47c8      	blx	r9
10003a22:	4643      	mov	r3, r8
10003a24:	5d58      	ldrb	r0, [r3, r5]
10003a26:	2800      	cmp	r0, #0
10003a28:	d100      	bne.n	10003a2c <_vsnprintf+0x3f0>
10003a2a:	e126      	b.n	10003c7a <_vsnprintf+0x63e>
10003a2c:	002a      	movs	r2, r5
10003a2e:	4297      	cmp	r7, r2
10003a30:	d1f3      	bne.n	10003a1a <_vsnprintf+0x3de>
10003a32:	46a1      	mov	r9, r4
10003a34:	003d      	movs	r5, r7
10003a36:	0034      	movs	r4, r6
10003a38:	4656      	mov	r6, sl
10003a3a:	9b0d      	ldr	r3, [sp, #52]	; 0x34
10003a3c:	2b00      	cmp	r3, #0
10003a3e:	d000      	beq.n	10003a42 <_vsnprintf+0x406>
10003a40:	e143      	b.n	10003cca <_vsnprintf+0x68e>
10003a42:	465b      	mov	r3, fp
10003a44:	3601      	adds	r6, #1
10003a46:	9309      	str	r3, [sp, #36]	; 0x24
10003a48:	e61d      	b.n	10003686 <_vsnprintf+0x4a>
10003a4a:	9b09      	ldr	r3, [sp, #36]	; 0x24
10003a4c:	001a      	movs	r2, r3
10003a4e:	ca08      	ldmia	r2!, {r3}
10003a50:	4692      	mov	sl, r2
10003a52:	2b00      	cmp	r3, #0
10003a54:	d048      	beq.n	10003ae8 <_vsnprintf+0x4ac>
10003a56:	2221      	movs	r2, #33	; 0x21
10003a58:	4311      	orrs	r1, r2
10003a5a:	468b      	mov	fp, r1
10003a5c:	a80e      	add	r0, sp, #56	; 0x38
10003a5e:	4684      	mov	ip, r0
10003a60:	211f      	movs	r1, #31
10003a62:	4461      	add	r1, ip
10003a64:	9509      	str	r5, [sp, #36]	; 0x24
10003a66:	2200      	movs	r2, #0
10003a68:	270f      	movs	r7, #15
10003a6a:	46a4      	mov	ip, r4
10003a6c:	000d      	movs	r5, r1
10003a6e:	e002      	b.n	10003a76 <_vsnprintf+0x43a>
10003a70:	2a20      	cmp	r2, #32
10003a72:	d00c      	beq.n	10003a8e <_vsnprintf+0x452>
10003a74:	000b      	movs	r3, r1
10003a76:	003c      	movs	r4, r7
10003a78:	401c      	ands	r4, r3
10003a7a:	0020      	movs	r0, r4
10003a7c:	3037      	adds	r0, #55	; 0x37
10003a7e:	2c09      	cmp	r4, #9
10003a80:	d800      	bhi.n	10003a84 <_vsnprintf+0x448>
10003a82:	3807      	subs	r0, #7
10003a84:	3201      	adds	r2, #1
10003a86:	54a8      	strb	r0, [r5, r2]
10003a88:	0919      	lsrs	r1, r3, #4
10003a8a:	2b0f      	cmp	r3, #15
10003a8c:	d8f0      	bhi.n	10003a70 <_vsnprintf+0x434>
10003a8e:	4664      	mov	r4, ip
10003a90:	9d09      	ldr	r5, [sp, #36]	; 0x24
10003a92:	e032      	b.n	10003afa <_vsnprintf+0x4be>
10003a94:	4bdc      	ldr	r3, [pc, #880]	; (10003e08 <_vsnprintf+0x7cc>)
10003a96:	7820      	ldrb	r0, [r4, #0]
10003a98:	9308      	str	r3, [sp, #32]
10003a9a:	2300      	movs	r3, #0
10003a9c:	469a      	mov	sl, r3
10003a9e:	2800      	cmp	r0, #0
10003aa0:	d000      	beq.n	10003aa4 <_vsnprintf+0x468>
10003aa2:	e5e4      	b.n	1000366e <_vsnprintf+0x32>
10003aa4:	2400      	movs	r4, #0
10003aa6:	e665      	b.n	10003774 <_vsnprintf+0x138>
10003aa8:	4643      	mov	r3, r8
10003aaa:	0006      	movs	r6, r0
10003aac:	9f0a      	ldr	r7, [sp, #40]	; 0x28
10003aae:	0098      	lsls	r0, r3, #2
10003ab0:	18c0      	adds	r0, r0, r3
10003ab2:	3201      	adds	r2, #1
10003ab4:	0040      	lsls	r0, r0, #1
10003ab6:	1980      	adds	r0, r0, r6
10003ab8:	7816      	ldrb	r6, [r2, #0]
10003aba:	0003      	movs	r3, r0
10003abc:	0030      	movs	r0, r6
10003abe:	3830      	subs	r0, #48	; 0x30
10003ac0:	3b30      	subs	r3, #48	; 0x30
10003ac2:	2809      	cmp	r0, #9
10003ac4:	d9f3      	bls.n	10003aae <_vsnprintf+0x472>
10003ac6:	0030      	movs	r0, r6
10003ac8:	4698      	mov	r8, r3
10003aca:	0016      	movs	r6, r2
10003acc:	970a      	str	r7, [sp, #40]	; 0x28
10003ace:	e600      	b.n	100036d2 <_vsnprintf+0x96>
10003ad0:	9b09      	ldr	r3, [sp, #36]	; 0x24
10003ad2:	3602      	adds	r6, #2
10003ad4:	cb04      	ldmia	r3!, {r2}
10003ad6:	4690      	mov	r8, r2
10003ad8:	43d2      	mvns	r2, r2
10003ada:	4640      	mov	r0, r8
10003adc:	17d2      	asrs	r2, r2, #31
10003ade:	4010      	ands	r0, r2
10003ae0:	4680      	mov	r8, r0
10003ae2:	9309      	str	r3, [sp, #36]	; 0x24
10003ae4:	7830      	ldrb	r0, [r6, #0]
10003ae6:	e5f4      	b.n	100036d2 <_vsnprintf+0x96>
10003ae8:	2210      	movs	r2, #16
10003aea:	0008      	movs	r0, r1
10003aec:	4390      	bics	r0, r2
10003aee:	3211      	adds	r2, #17
10003af0:	4310      	orrs	r0, r2
10003af2:	4683      	mov	fp, r0
10003af4:	2200      	movs	r2, #0
10003af6:	0549      	lsls	r1, r1, #21
10003af8:	d5b0      	bpl.n	10003a5c <_vsnprintf+0x420>
10003afa:	465b      	mov	r3, fp
10003afc:	9306      	str	r3, [sp, #24]
10003afe:	2308      	movs	r3, #8
10003b00:	9305      	str	r3, [sp, #20]
10003b02:	4643      	mov	r3, r8
10003b04:	9304      	str	r3, [sp, #16]
10003b06:	2310      	movs	r3, #16
10003b08:	9303      	str	r3, [sp, #12]
10003b0a:	2300      	movs	r3, #0
10003b0c:	9302      	str	r3, [sp, #8]
10003b0e:	ab16      	add	r3, sp, #88	; 0x58
10003b10:	9201      	str	r2, [sp, #4]
10003b12:	9300      	str	r3, [sp, #0]
10003b14:	002a      	movs	r2, r5
10003b16:	464b      	mov	r3, r9
10003b18:	0021      	movs	r1, r4
10003b1a:	9808      	ldr	r0, [sp, #32]
10003b1c:	f7ff f8a6 	bl	10002c6c <_ntoa_format>
10003b20:	4653      	mov	r3, sl
10003b22:	0005      	movs	r5, r0
10003b24:	3601      	adds	r6, #1
10003b26:	9309      	str	r3, [sp, #36]	; 0x24
10003b28:	e5ad      	b.n	10003686 <_vsnprintf+0x4a>
10003b2a:	7813      	ldrb	r3, [r2, #0]
10003b2c:	469c      	mov	ip, r3
10003b2e:	2b00      	cmp	r3, #0
10003b30:	d100      	bne.n	10003b34 <_vsnprintf+0x4f8>
10003b32:	e2f7      	b.n	10004124 <_vsnprintf+0xae8>
10003b34:	2302      	movs	r3, #2
10003b36:	425b      	negs	r3, r3
10003b38:	e737      	b.n	100039aa <_vsnprintf+0x36e>
10003b3a:	2320      	movs	r3, #32
10003b3c:	0002      	movs	r2, r0
10003b3e:	439a      	bics	r2, r3
10003b40:	2a47      	cmp	r2, #71	; 0x47
10003b42:	d104      	bne.n	10003b4e <_vsnprintf+0x512>
10003b44:	2380      	movs	r3, #128	; 0x80
10003b46:	011b      	lsls	r3, r3, #4
10003b48:	4319      	orrs	r1, r3
10003b4a:	2302      	movs	r3, #2
10003b4c:	4398      	bics	r0, r3
10003b4e:	2845      	cmp	r0, #69	; 0x45
10003b50:	d101      	bne.n	10003b56 <_vsnprintf+0x51a>
10003b52:	2320      	movs	r3, #32
10003b54:	4319      	orrs	r1, r3
10003b56:	2207      	movs	r2, #7
10003b58:	9b09      	ldr	r3, [sp, #36]	; 0x24
10003b5a:	9104      	str	r1, [sp, #16]
10003b5c:	3307      	adds	r3, #7
10003b5e:	4393      	bics	r3, r2
10003b60:	9a0a      	ldr	r2, [sp, #40]	; 0x28
10003b62:	0019      	movs	r1, r3
10003b64:	9203      	str	r2, [sp, #12]
10003b66:	4642      	mov	r2, r8
10003b68:	9202      	str	r2, [sp, #8]
10003b6a:	c90c      	ldmia	r1!, {r2, r3}
10003b6c:	9808      	ldr	r0, [sp, #32]
10003b6e:	9200      	str	r2, [sp, #0]
10003b70:	9301      	str	r3, [sp, #4]
10003b72:	9109      	str	r1, [sp, #36]	; 0x24
10003b74:	002a      	movs	r2, r5
10003b76:	464b      	mov	r3, r9
10003b78:	0021      	movs	r1, r4
10003b7a:	f7ff f96d 	bl	10002e58 <_etoa>
10003b7e:	3601      	adds	r6, #1
10003b80:	0005      	movs	r5, r0
10003b82:	e580      	b.n	10003686 <_vsnprintf+0x4a>
10003b84:	2310      	movs	r3, #16
10003b86:	930c      	str	r3, [sp, #48]	; 0x30
10003b88:	230c      	movs	r3, #12
10003b8a:	000a      	movs	r2, r1
10003b8c:	439a      	bics	r2, r3
10003b8e:	920b      	str	r2, [sp, #44]	; 0x2c
10003b90:	054b      	lsls	r3, r1, #21
10003b92:	d503      	bpl.n	10003b9c <_vsnprintf+0x560>
10003b94:	2301      	movs	r3, #1
10003b96:	9a0b      	ldr	r2, [sp, #44]	; 0x2c
10003b98:	439a      	bics	r2, r3
10003b9a:	920b      	str	r2, [sp, #44]	; 0x2c
10003b9c:	2869      	cmp	r0, #105	; 0x69
10003b9e:	d100      	bne.n	10003ba2 <_vsnprintf+0x566>
10003ba0:	e627      	b.n	100037f2 <_vsnprintf+0x1b6>
10003ba2:	2864      	cmp	r0, #100	; 0x64
10003ba4:	d100      	bne.n	10003ba8 <_vsnprintf+0x56c>
10003ba6:	e624      	b.n	100037f2 <_vsnprintf+0x1b6>
10003ba8:	9a0b      	ldr	r2, [sp, #44]	; 0x2c
10003baa:	2380      	movs	r3, #128	; 0x80
10003bac:	0011      	movs	r1, r2
10003bae:	009b      	lsls	r3, r3, #2
10003bb0:	4019      	ands	r1, r3
10003bb2:	468b      	mov	fp, r1
10003bb4:	421a      	tst	r2, r3
10003bb6:	d000      	beq.n	10003bba <_vsnprintf+0x57e>
10003bb8:	e166      	b.n	10003e88 <_vsnprintf+0x84c>
10003bba:	2380      	movs	r3, #128	; 0x80
10003bbc:	0011      	movs	r1, r2
10003bbe:	005b      	lsls	r3, r3, #1
10003bc0:	4019      	ands	r1, r3
10003bc2:	468a      	mov	sl, r1
10003bc4:	421a      	tst	r2, r3
10003bc6:	d000      	beq.n	10003bca <_vsnprintf+0x58e>
10003bc8:	e239      	b.n	1000403e <_vsnprintf+0xa02>
10003bca:	0013      	movs	r3, r2
10003bcc:	065b      	lsls	r3, r3, #25
10003bce:	d500      	bpl.n	10003bd2 <_vsnprintf+0x596>
10003bd0:	e13c      	b.n	10003e4c <_vsnprintf+0x810>
10003bd2:	0013      	movs	r3, r2
10003bd4:	061b      	lsls	r3, r3, #24
10003bd6:	d400      	bmi.n	10003bda <_vsnprintf+0x59e>
10003bd8:	e2a6      	b.n	10004128 <_vsnprintf+0xaec>
10003bda:	9b09      	ldr	r3, [sp, #36]	; 0x24
10003bdc:	cb04      	ldmia	r3!, {r2}
10003bde:	0412      	lsls	r2, r2, #16
10003be0:	0c12      	lsrs	r2, r2, #16
10003be2:	4693      	mov	fp, r2
10003be4:	9309      	str	r3, [sp, #36]	; 0x24
10003be6:	465b      	mov	r3, fp
10003be8:	2b00      	cmp	r3, #0
10003bea:	d000      	beq.n	10003bee <_vsnprintf+0x5b2>
10003bec:	e19a      	b.n	10003f24 <_vsnprintf+0x8e8>
10003bee:	9a0b      	ldr	r2, [sp, #44]	; 0x2c
10003bf0:	3310      	adds	r3, #16
10003bf2:	0011      	movs	r1, r2
10003bf4:	4399      	bics	r1, r3
10003bf6:	910b      	str	r1, [sp, #44]	; 0x2c
10003bf8:	0552      	lsls	r2, r2, #21
10003bfa:	d400      	bmi.n	10003bfe <_vsnprintf+0x5c2>
10003bfc:	e192      	b.n	10003f24 <_vsnprintf+0x8e8>
10003bfe:	2300      	movs	r3, #0
10003c00:	469a      	mov	sl, r3
10003c02:	9b0b      	ldr	r3, [sp, #44]	; 0x2c
10003c04:	9306      	str	r3, [sp, #24]
10003c06:	9b0a      	ldr	r3, [sp, #40]	; 0x28
10003c08:	9305      	str	r3, [sp, #20]
10003c0a:	4643      	mov	r3, r8
10003c0c:	9304      	str	r3, [sp, #16]
10003c0e:	9b0c      	ldr	r3, [sp, #48]	; 0x30
10003c10:	9303      	str	r3, [sp, #12]
10003c12:	2300      	movs	r3, #0
10003c14:	e10c      	b.n	10003e30 <_vsnprintf+0x7f4>
10003c16:	2320      	movs	r3, #32
10003c18:	4319      	orrs	r1, r3
10003c1a:	e660      	b.n	100038de <_vsnprintf+0x2a2>
10003c1c:	9b09      	ldr	r3, [sp, #36]	; 0x24
10003c1e:	9a0a      	ldr	r2, [sp, #40]	; 0x28
10003c20:	1b5b      	subs	r3, r3, r5
10003c22:	4698      	mov	r8, r3
10003c24:	464b      	mov	r3, r9
10003c26:	4691      	mov	r9, r2
10003c28:	001f      	movs	r7, r3
10003c2a:	46b2      	mov	sl, r6
10003c2c:	0026      	movs	r6, r4
10003c2e:	9c08      	ldr	r4, [sp, #32]
10003c30:	002a      	movs	r2, r5
10003c32:	003b      	movs	r3, r7
10003c34:	0031      	movs	r1, r6
10003c36:	47a0      	blx	r4
10003c38:	4643      	mov	r3, r8
10003c3a:	3501      	adds	r5, #1
10003c3c:	5d58      	ldrb	r0, [r3, r5]
10003c3e:	2800      	cmp	r0, #0
10003c40:	d1f6      	bne.n	10003c30 <_vsnprintf+0x5f4>
10003c42:	464a      	mov	r2, r9
10003c44:	0034      	movs	r4, r6
10003c46:	46b9      	mov	r9, r7
10003c48:	4656      	mov	r6, sl
10003c4a:	920a      	str	r2, [sp, #40]	; 0x28
10003c4c:	e6f5      	b.n	10003a3a <_vsnprintf+0x3fe>
10003c4e:	23c0      	movs	r3, #192	; 0xc0
10003c50:	009b      	lsls	r3, r3, #2
10003c52:	78b0      	ldrb	r0, [r6, #2]
10003c54:	4319      	orrs	r1, r3
10003c56:	3602      	adds	r6, #2
10003c58:	e55d      	b.n	10003716 <_vsnprintf+0xda>
10003c5a:	23c0      	movs	r3, #192	; 0xc0
10003c5c:	78b0      	ldrb	r0, [r6, #2]
10003c5e:	4319      	orrs	r1, r3
10003c60:	3602      	adds	r6, #2
10003c62:	e558      	b.n	10003716 <_vsnprintf+0xda>
10003c64:	230c      	movs	r3, #12
10003c66:	000a      	movs	r2, r1
10003c68:	439a      	bics	r2, r3
10003c6a:	3314      	adds	r3, #20
10003c6c:	431a      	orrs	r2, r3
10003c6e:	3b10      	subs	r3, #16
10003c70:	920b      	str	r2, [sp, #44]	; 0x2c
10003c72:	930c      	str	r3, [sp, #48]	; 0x30
10003c74:	054b      	lsls	r3, r1, #21
10003c76:	d48d      	bmi.n	10003b94 <_vsnprintf+0x558>
10003c78:	e796      	b.n	10003ba8 <_vsnprintf+0x56c>
10003c7a:	46a1      	mov	r9, r4
10003c7c:	0034      	movs	r4, r6
10003c7e:	4656      	mov	r6, sl
10003c80:	e6db      	b.n	10003a3a <_vsnprintf+0x3fe>
10003c82:	9a0a      	ldr	r2, [sp, #40]	; 0x28
10003c84:	2a01      	cmp	r2, #1
10003c86:	d800      	bhi.n	10003c8a <_vsnprintf+0x64e>
10003c88:	e253      	b.n	10004132 <_vsnprintf+0xaf6>
10003c8a:	1e6b      	subs	r3, r5, #1
10003c8c:	189f      	adds	r7, r3, r2
10003c8e:	9b08      	ldr	r3, [sp, #32]
10003c90:	46b0      	mov	r8, r6
10003c92:	0026      	movs	r6, r4
10003c94:	464c      	mov	r4, r9
10003c96:	4699      	mov	r9, r3
10003c98:	002a      	movs	r2, r5
10003c9a:	0023      	movs	r3, r4
10003c9c:	3501      	adds	r5, #1
10003c9e:	0031      	movs	r1, r6
10003ca0:	2020      	movs	r0, #32
10003ca2:	47c8      	blx	r9
10003ca4:	42bd      	cmp	r5, r7
10003ca6:	d1f7      	bne.n	10003c98 <_vsnprintf+0x65c>
10003ca8:	46a1      	mov	r9, r4
10003caa:	0034      	movs	r4, r6
10003cac:	4646      	mov	r6, r8
10003cae:	9b09      	ldr	r3, [sp, #36]	; 0x24
10003cb0:	003a      	movs	r2, r7
10003cb2:	cb01      	ldmia	r3!, {r0}
10003cb4:	0021      	movs	r1, r4
10003cb6:	4698      	mov	r8, r3
10003cb8:	1c7d      	adds	r5, r7, #1
10003cba:	464b      	mov	r3, r9
10003cbc:	9f08      	ldr	r7, [sp, #32]
10003cbe:	b2c0      	uxtb	r0, r0
10003cc0:	47b8      	blx	r7
10003cc2:	4643      	mov	r3, r8
10003cc4:	3601      	adds	r6, #1
10003cc6:	9309      	str	r3, [sp, #36]	; 0x24
10003cc8:	e4dd      	b.n	10003686 <_vsnprintf+0x4a>
10003cca:	9b0b      	ldr	r3, [sp, #44]	; 0x2c
10003ccc:	9a0a      	ldr	r2, [sp, #40]	; 0x28
10003cce:	46a8      	mov	r8, r5
10003cd0:	429a      	cmp	r2, r3
10003cd2:	d800      	bhi.n	10003cd6 <_vsnprintf+0x69a>
10003cd4:	e6b5      	b.n	10003a42 <_vsnprintf+0x406>
10003cd6:	4694      	mov	ip, r2
10003cd8:	4465      	add	r5, ip
10003cda:	1aed      	subs	r5, r5, r3
10003cdc:	9b08      	ldr	r3, [sp, #32]
10003cde:	4647      	mov	r7, r8
10003ce0:	46b0      	mov	r8, r6
10003ce2:	0026      	movs	r6, r4
10003ce4:	464c      	mov	r4, r9
10003ce6:	4699      	mov	r9, r3
10003ce8:	003a      	movs	r2, r7
10003cea:	0023      	movs	r3, r4
10003cec:	3701      	adds	r7, #1
10003cee:	0031      	movs	r1, r6
10003cf0:	2020      	movs	r0, #32
10003cf2:	47c8      	blx	r9
10003cf4:	42af      	cmp	r7, r5
10003cf6:	d1f7      	bne.n	10003ce8 <_vsnprintf+0x6ac>
10003cf8:	46a1      	mov	r9, r4
10003cfa:	0034      	movs	r4, r6
10003cfc:	4646      	mov	r6, r8
10003cfe:	e6a0      	b.n	10003a42 <_vsnprintf+0x406>
10003d00:	9a0b      	ldr	r2, [sp, #44]	; 0x2c
10003d02:	990a      	ldr	r1, [sp, #40]	; 0x28
10003d04:	1c53      	adds	r3, r2, #1
10003d06:	4291      	cmp	r1, r2
10003d08:	d800      	bhi.n	10003d0c <_vsnprintf+0x6d0>
10003d0a:	e214      	b.n	10004136 <_vsnprintf+0xafa>
10003d0c:	194b      	adds	r3, r1, r5
10003d0e:	1a9b      	subs	r3, r3, r2
10003d10:	001f      	movs	r7, r3
10003d12:	9b08      	ldr	r3, [sp, #32]
10003d14:	46b2      	mov	sl, r6
10003d16:	0026      	movs	r6, r4
10003d18:	464c      	mov	r4, r9
10003d1a:	4699      	mov	r9, r3
10003d1c:	002a      	movs	r2, r5
10003d1e:	0023      	movs	r3, r4
10003d20:	3501      	adds	r5, #1
10003d22:	0031      	movs	r1, r6
10003d24:	2020      	movs	r0, #32
10003d26:	47c8      	blx	r9
10003d28:	42bd      	cmp	r5, r7
10003d2a:	d1f7      	bne.n	10003d1c <_vsnprintf+0x6e0>
10003d2c:	9b0a      	ldr	r3, [sp, #40]	; 0x28
10003d2e:	46a1      	mov	r9, r4
10003d30:	3301      	adds	r3, #1
10003d32:	930b      	str	r3, [sp, #44]	; 0x2c
10003d34:	9b09      	ldr	r3, [sp, #36]	; 0x24
10003d36:	0034      	movs	r4, r6
10003d38:	781b      	ldrb	r3, [r3, #0]
10003d3a:	4656      	mov	r6, sl
10003d3c:	469c      	mov	ip, r3
10003d3e:	4660      	mov	r0, ip
10003d40:	2800      	cmp	r0, #0
10003d42:	d000      	beq.n	10003d46 <_vsnprintf+0x70a>
10003d44:	e658      	b.n	100039f8 <_vsnprintf+0x3bc>
10003d46:	e67c      	b.n	10003a42 <_vsnprintf+0x406>
10003d48:	2207      	movs	r2, #7
10003d4a:	9b09      	ldr	r3, [sp, #36]	; 0x24
10003d4c:	3307      	adds	r3, #7
10003d4e:	4393      	bics	r3, r2
10003d50:	3201      	adds	r2, #1
10003d52:	4694      	mov	ip, r2
10003d54:	449c      	add	ip, r3
10003d56:	4662      	mov	r2, ip
10003d58:	685f      	ldr	r7, [r3, #4]
10003d5a:	9209      	str	r2, [sp, #36]	; 0x24
10003d5c:	681a      	ldr	r2, [r3, #0]
10003d5e:	17fb      	asrs	r3, r7, #31
10003d60:	9310      	str	r3, [sp, #64]	; 0x40
10003d62:	9311      	str	r3, [sp, #68]	; 0x44
10003d64:	9810      	ldr	r0, [sp, #64]	; 0x40
10003d66:	9911      	ldr	r1, [sp, #68]	; 0x44
10003d68:	0003      	movs	r3, r0
10003d6a:	4053      	eors	r3, r2
10003d6c:	930e      	str	r3, [sp, #56]	; 0x38
10003d6e:	000b      	movs	r3, r1
10003d70:	407b      	eors	r3, r7
10003d72:	930f      	str	r3, [sp, #60]	; 0x3c
10003d74:	4694      	mov	ip, r2
10003d76:	9a0e      	ldr	r2, [sp, #56]	; 0x38
10003d78:	9b0f      	ldr	r3, [sp, #60]	; 0x3c
10003d7a:	1a12      	subs	r2, r2, r0
10003d7c:	418b      	sbcs	r3, r1
10003d7e:	920e      	str	r2, [sp, #56]	; 0x38
10003d80:	930f      	str	r3, [sp, #60]	; 0x3c
10003d82:	0ffb      	lsrs	r3, r7, #31
10003d84:	4662      	mov	r2, ip
10003d86:	9312      	str	r3, [sp, #72]	; 0x48
10003d88:	2300      	movs	r3, #0
10003d8a:	433a      	orrs	r2, r7
10003d8c:	469b      	mov	fp, r3
10003d8e:	d03d      	beq.n	10003e0c <_vsnprintf+0x7d0>
10003d90:	9a0b      	ldr	r2, [sp, #44]	; 0x2c
10003d92:	2361      	movs	r3, #97	; 0x61
10003d94:	0692      	lsls	r2, r2, #26
10003d96:	d500      	bpl.n	10003d9a <_vsnprintf+0x75e>
10003d98:	2341      	movs	r3, #65	; 0x41
10003d9a:	2200      	movs	r2, #0
10003d9c:	b2db      	uxtb	r3, r3
10003d9e:	a90e      	add	r1, sp, #56	; 0x38
10003da0:	3b0a      	subs	r3, #10
10003da2:	468c      	mov	ip, r1
10003da4:	4692      	mov	sl, r2
10003da6:	930d      	str	r3, [sp, #52]	; 0x34
10003da8:	4643      	mov	r3, r8
10003daa:	321f      	adds	r2, #31
10003dac:	4462      	add	r2, ip
10003dae:	9513      	str	r5, [sp, #76]	; 0x4c
10003db0:	9615      	str	r6, [sp, #84]	; 0x54
10003db2:	4655      	mov	r5, sl
10003db4:	9e0e      	ldr	r6, [sp, #56]	; 0x38
10003db6:	9f0f      	ldr	r7, [sp, #60]	; 0x3c
10003db8:	46a2      	mov	sl, r4
10003dba:	4690      	mov	r8, r2
10003dbc:	9c0c      	ldr	r4, [sp, #48]	; 0x30
10003dbe:	9314      	str	r3, [sp, #80]	; 0x50
10003dc0:	e00c      	b.n	10003ddc <_vsnprintf+0x7a0>
10003dc2:	3230      	adds	r2, #48	; 0x30
10003dc4:	b2d2      	uxtb	r2, r2
10003dc6:	4643      	mov	r3, r8
10003dc8:	3501      	adds	r5, #1
10003dca:	555a      	strb	r2, [r3, r5]
10003dcc:	45bb      	cmp	fp, r7
10003dce:	d100      	bne.n	10003dd2 <_vsnprintf+0x796>
10003dd0:	e18a      	b.n	100040e8 <_vsnprintf+0xaac>
10003dd2:	2d20      	cmp	r5, #32
10003dd4:	d100      	bne.n	10003dd8 <_vsnprintf+0x79c>
10003dd6:	e18a      	b.n	100040ee <_vsnprintf+0xab2>
10003dd8:	0006      	movs	r6, r0
10003dda:	000f      	movs	r7, r1
10003ddc:	0022      	movs	r2, r4
10003dde:	2300      	movs	r3, #0
10003de0:	0030      	movs	r0, r6
10003de2:	0039      	movs	r1, r7
10003de4:	f000 fa74 	bl	100042d0 <__wrap___aeabi_uldivmod>
10003de8:	b2d2      	uxtb	r2, r2
10003dea:	2a09      	cmp	r2, #9
10003dec:	d9e9      	bls.n	10003dc2 <_vsnprintf+0x786>
10003dee:	9b0d      	ldr	r3, [sp, #52]	; 0x34
10003df0:	469c      	mov	ip, r3
10003df2:	4462      	add	r2, ip
10003df4:	b2d2      	uxtb	r2, r2
10003df6:	e7e6      	b.n	10003dc6 <_vsnprintf+0x78a>
10003df8:	23ff      	movs	r3, #255	; 0xff
10003dfa:	9909      	ldr	r1, [sp, #36]	; 0x24
10003dfc:	c904      	ldmia	r1!, {r2}
10003dfe:	4013      	ands	r3, r2
10003e00:	001a      	movs	r2, r3
10003e02:	9109      	str	r1, [sp, #36]	; 0x24
10003e04:	e517      	b.n	10003836 <_vsnprintf+0x1fa>
10003e06:	46c0      	nop			; (mov r8, r8)
10003e08:	10002bcd 	.word	0x10002bcd
10003e0c:	9a0b      	ldr	r2, [sp, #44]	; 0x2c
10003e0e:	3310      	adds	r3, #16
10003e10:	0011      	movs	r1, r2
10003e12:	4399      	bics	r1, r3
10003e14:	910b      	str	r1, [sp, #44]	; 0x2c
10003e16:	0552      	lsls	r2, r2, #21
10003e18:	d5ba      	bpl.n	10003d90 <_vsnprintf+0x754>
10003e1a:	2300      	movs	r3, #0
10003e1c:	469a      	mov	sl, r3
10003e1e:	9b0b      	ldr	r3, [sp, #44]	; 0x2c
10003e20:	9306      	str	r3, [sp, #24]
10003e22:	9b0a      	ldr	r3, [sp, #40]	; 0x28
10003e24:	9305      	str	r3, [sp, #20]
10003e26:	4643      	mov	r3, r8
10003e28:	9304      	str	r3, [sp, #16]
10003e2a:	9b0c      	ldr	r3, [sp, #48]	; 0x30
10003e2c:	9303      	str	r3, [sp, #12]
10003e2e:	9b12      	ldr	r3, [sp, #72]	; 0x48
10003e30:	9302      	str	r3, [sp, #8]
10003e32:	4653      	mov	r3, sl
10003e34:	9301      	str	r3, [sp, #4]
10003e36:	ab16      	add	r3, sp, #88	; 0x58
10003e38:	002a      	movs	r2, r5
10003e3a:	9300      	str	r3, [sp, #0]
10003e3c:	0021      	movs	r1, r4
10003e3e:	464b      	mov	r3, r9
10003e40:	9808      	ldr	r0, [sp, #32]
10003e42:	f7fe ff13 	bl	10002c6c <_ntoa_format>
10003e46:	3601      	adds	r6, #1
10003e48:	0005      	movs	r5, r0
10003e4a:	e41c      	b.n	10003686 <_vsnprintf+0x4a>
10003e4c:	22ff      	movs	r2, #255	; 0xff
10003e4e:	9b09      	ldr	r3, [sp, #36]	; 0x24
10003e50:	cb02      	ldmia	r3!, {r1}
10003e52:	4011      	ands	r1, r2
10003e54:	468b      	mov	fp, r1
10003e56:	9309      	str	r3, [sp, #36]	; 0x24
10003e58:	e6c5      	b.n	10003be6 <_vsnprintf+0x5aa>
10003e5a:	4653      	mov	r3, sl
10003e5c:	4645      	mov	r5, r8
10003e5e:	9309      	str	r3, [sp, #36]	; 0x24
10003e60:	3601      	adds	r6, #1
10003e62:	f7ff fc10 	bl	10003686 <_vsnprintf+0x4a>
10003e66:	4656      	mov	r6, sl
10003e68:	465c      	mov	r4, fp
10003e6a:	46aa      	mov	sl, r5
10003e6c:	9d13      	ldr	r5, [sp, #76]	; 0x4c
10003e6e:	e7d6      	b.n	10003e1e <_vsnprintf+0x7e2>
10003e70:	2308      	movs	r3, #8
10003e72:	930c      	str	r3, [sp, #48]	; 0x30
10003e74:	910b      	str	r1, [sp, #44]	; 0x2c
10003e76:	990b      	ldr	r1, [sp, #44]	; 0x2c
10003e78:	2864      	cmp	r0, #100	; 0x64
10003e7a:	d000      	beq.n	10003e7e <_vsnprintf+0x842>
10003e7c:	e684      	b.n	10003b88 <_vsnprintf+0x54c>
10003e7e:	9b0b      	ldr	r3, [sp, #44]	; 0x2c
10003e80:	055b      	lsls	r3, r3, #21
10003e82:	d500      	bpl.n	10003e86 <_vsnprintf+0x84a>
10003e84:	e686      	b.n	10003b94 <_vsnprintf+0x558>
10003e86:	e4b4      	b.n	100037f2 <_vsnprintf+0x1b6>
10003e88:	2207      	movs	r2, #7
10003e8a:	9b09      	ldr	r3, [sp, #36]	; 0x24
10003e8c:	3307      	adds	r3, #7
10003e8e:	4393      	bics	r3, r2
10003e90:	3201      	adds	r2, #1
10003e92:	4694      	mov	ip, r2
10003e94:	449c      	add	ip, r3
10003e96:	4662      	mov	r2, ip
10003e98:	9209      	str	r2, [sp, #36]	; 0x24
10003e9a:	681a      	ldr	r2, [r3, #0]
10003e9c:	685b      	ldr	r3, [r3, #4]
10003e9e:	0010      	movs	r0, r2
10003ea0:	469b      	mov	fp, r3
10003ea2:	0013      	movs	r3, r2
10003ea4:	465a      	mov	r2, fp
10003ea6:	4313      	orrs	r3, r2
10003ea8:	d107      	bne.n	10003eba <_vsnprintf+0x87e>
10003eaa:	9a0b      	ldr	r2, [sp, #44]	; 0x2c
10003eac:	3310      	adds	r3, #16
10003eae:	0011      	movs	r1, r2
10003eb0:	4399      	bics	r1, r3
10003eb2:	910b      	str	r1, [sp, #44]	; 0x2c
10003eb4:	0552      	lsls	r2, r2, #21
10003eb6:	d500      	bpl.n	10003eba <_vsnprintf+0x87e>
10003eb8:	e6a1      	b.n	10003bfe <_vsnprintf+0x5c2>
10003eba:	9a0b      	ldr	r2, [sp, #44]	; 0x2c
10003ebc:	2361      	movs	r3, #97	; 0x61
10003ebe:	0692      	lsls	r2, r2, #26
10003ec0:	d500      	bpl.n	10003ec4 <_vsnprintf+0x888>
10003ec2:	2341      	movs	r3, #65	; 0x41
10003ec4:	2200      	movs	r2, #0
10003ec6:	b2db      	uxtb	r3, r3
10003ec8:	a90e      	add	r1, sp, #56	; 0x38
10003eca:	3b0a      	subs	r3, #10
10003ecc:	468c      	mov	ip, r1
10003ece:	4692      	mov	sl, r2
10003ed0:	930d      	str	r3, [sp, #52]	; 0x34
10003ed2:	4643      	mov	r3, r8
10003ed4:	321f      	adds	r2, #31
10003ed6:	4462      	add	r2, ip
10003ed8:	465f      	mov	r7, fp
10003eda:	9512      	str	r5, [sp, #72]	; 0x48
10003edc:	46a3      	mov	fp, r4
10003ede:	4655      	mov	r5, sl
10003ee0:	0004      	movs	r4, r0
10003ee2:	46b2      	mov	sl, r6
10003ee4:	4690      	mov	r8, r2
10003ee6:	9e0c      	ldr	r6, [sp, #48]	; 0x30
10003ee8:	9313      	str	r3, [sp, #76]	; 0x4c
10003eea:	e00d      	b.n	10003f08 <_vsnprintf+0x8cc>
10003eec:	3230      	adds	r2, #48	; 0x30
10003eee:	b2d2      	uxtb	r2, r2
10003ef0:	4643      	mov	r3, r8
10003ef2:	3501      	adds	r5, #1
10003ef4:	555a      	strb	r2, [r3, r5]
10003ef6:	2300      	movs	r3, #0
10003ef8:	42bb      	cmp	r3, r7
10003efa:	d100      	bne.n	10003efe <_vsnprintf+0x8c2>
10003efc:	e100      	b.n	10004100 <_vsnprintf+0xac4>
10003efe:	2d20      	cmp	r5, #32
10003f00:	d100      	bne.n	10003f04 <_vsnprintf+0x8c8>
10003f02:	e100      	b.n	10004106 <_vsnprintf+0xaca>
10003f04:	0004      	movs	r4, r0
10003f06:	000f      	movs	r7, r1
10003f08:	0032      	movs	r2, r6
10003f0a:	2300      	movs	r3, #0
10003f0c:	0020      	movs	r0, r4
10003f0e:	0039      	movs	r1, r7
10003f10:	f000 f9de 	bl	100042d0 <__wrap___aeabi_uldivmod>
10003f14:	b2d2      	uxtb	r2, r2
10003f16:	2a09      	cmp	r2, #9
10003f18:	d9e8      	bls.n	10003eec <_vsnprintf+0x8b0>
10003f1a:	9b0d      	ldr	r3, [sp, #52]	; 0x34
10003f1c:	469c      	mov	ip, r3
10003f1e:	4462      	add	r2, ip
10003f20:	b2d2      	uxtb	r2, r2
10003f22:	e7e5      	b.n	10003ef0 <_vsnprintf+0x8b4>
10003f24:	9a0b      	ldr	r2, [sp, #44]	; 0x2c
10003f26:	2361      	movs	r3, #97	; 0x61
10003f28:	0692      	lsls	r2, r2, #26
10003f2a:	d500      	bpl.n	10003f2e <_vsnprintf+0x8f2>
10003f2c:	2341      	movs	r3, #65	; 0x41
10003f2e:	b2db      	uxtb	r3, r3
10003f30:	a90e      	add	r1, sp, #56	; 0x38
10003f32:	3b0a      	subs	r3, #10
10003f34:	221f      	movs	r2, #31
10003f36:	468c      	mov	ip, r1
10003f38:	930d      	str	r3, [sp, #52]	; 0x34
10003f3a:	0023      	movs	r3, r4
10003f3c:	4462      	add	r2, ip
10003f3e:	465c      	mov	r4, fp
10003f40:	9512      	str	r5, [sp, #72]	; 0x48
10003f42:	0017      	movs	r7, r2
10003f44:	4655      	mov	r5, sl
10003f46:	469b      	mov	fp, r3
10003f48:	46b2      	mov	sl, r6
10003f4a:	9e0c      	ldr	r6, [sp, #48]	; 0x30
10003f4c:	e008      	b.n	10003f60 <_vsnprintf+0x924>
10003f4e:	3330      	adds	r3, #48	; 0x30
10003f50:	b2db      	uxtb	r3, r3
10003f52:	3501      	adds	r5, #1
10003f54:	557b      	strb	r3, [r7, r5]
10003f56:	42b4      	cmp	r4, r6
10003f58:	d30e      	bcc.n	10003f78 <_vsnprintf+0x93c>
10003f5a:	2d20      	cmp	r5, #32
10003f5c:	d00c      	beq.n	10003f78 <_vsnprintf+0x93c>
10003f5e:	0004      	movs	r4, r0
10003f60:	0031      	movs	r1, r6
10003f62:	0020      	movs	r0, r4
10003f64:	f000 f976 	bl	10004254 <__wrap___aeabi_uidiv>
10003f68:	b2cb      	uxtb	r3, r1
10003f6a:	2909      	cmp	r1, #9
10003f6c:	d9ef      	bls.n	10003f4e <_vsnprintf+0x912>
10003f6e:	9a0d      	ldr	r2, [sp, #52]	; 0x34
10003f70:	4694      	mov	ip, r2
10003f72:	4463      	add	r3, ip
10003f74:	b2db      	uxtb	r3, r3
10003f76:	e7ec      	b.n	10003f52 <_vsnprintf+0x916>
10003f78:	4656      	mov	r6, sl
10003f7a:	465c      	mov	r4, fp
10003f7c:	46aa      	mov	sl, r5
10003f7e:	9d12      	ldr	r5, [sp, #72]	; 0x48
10003f80:	e63f      	b.n	10003c02 <_vsnprintf+0x5c6>
10003f82:	9b09      	ldr	r3, [sp, #36]	; 0x24
10003f84:	001a      	movs	r2, r3
10003f86:	ca08      	ldmia	r2!, {r3}
10003f88:	17d9      	asrs	r1, r3, #31
10003f8a:	9213      	str	r2, [sp, #76]	; 0x4c
10003f8c:	185a      	adds	r2, r3, r1
10003f8e:	404a      	eors	r2, r1
10003f90:	4692      	mov	sl, r2
10003f92:	0fda      	lsrs	r2, r3, #31
10003f94:	9212      	str	r2, [sp, #72]	; 0x48
10003f96:	2b00      	cmp	r3, #0
10003f98:	d108      	bne.n	10003fac <_vsnprintf+0x970>
10003f9a:	2380      	movs	r3, #128	; 0x80
10003f9c:	2210      	movs	r2, #16
10003f9e:	990b      	ldr	r1, [sp, #44]	; 0x2c
10003fa0:	00db      	lsls	r3, r3, #3
10003fa2:	400b      	ands	r3, r1
10003fa4:	4391      	bics	r1, r2
10003fa6:	910b      	str	r1, [sp, #44]	; 0x2c
10003fa8:	2b00      	cmp	r3, #0
10003faa:	d12b      	bne.n	10004004 <_vsnprintf+0x9c8>
10003fac:	9a0b      	ldr	r2, [sp, #44]	; 0x2c
10003fae:	2361      	movs	r3, #97	; 0x61
10003fb0:	0692      	lsls	r2, r2, #26
10003fb2:	d500      	bpl.n	10003fb6 <_vsnprintf+0x97a>
10003fb4:	2341      	movs	r3, #65	; 0x41
10003fb6:	aa0e      	add	r2, sp, #56	; 0x38
10003fb8:	271f      	movs	r7, #31
10003fba:	4694      	mov	ip, r2
10003fbc:	b2db      	uxtb	r3, r3
10003fbe:	3b0a      	subs	r3, #10
10003fc0:	950d      	str	r5, [sp, #52]	; 0x34
10003fc2:	4467      	add	r7, ip
10003fc4:	465d      	mov	r5, fp
10003fc6:	9309      	str	r3, [sp, #36]	; 0x24
10003fc8:	46a3      	mov	fp, r4
10003fca:	4654      	mov	r4, sl
10003fcc:	46b2      	mov	sl, r6
10003fce:	9e0c      	ldr	r6, [sp, #48]	; 0x30
10003fd0:	e008      	b.n	10003fe4 <_vsnprintf+0x9a8>
10003fd2:	3330      	adds	r3, #48	; 0x30
10003fd4:	b2db      	uxtb	r3, r3
10003fd6:	3501      	adds	r5, #1
10003fd8:	557b      	strb	r3, [r7, r5]
10003fda:	42b4      	cmp	r4, r6
10003fdc:	d30e      	bcc.n	10003ffc <_vsnprintf+0x9c0>
10003fde:	2d20      	cmp	r5, #32
10003fe0:	d00c      	beq.n	10003ffc <_vsnprintf+0x9c0>
10003fe2:	0004      	movs	r4, r0
10003fe4:	0031      	movs	r1, r6
10003fe6:	0020      	movs	r0, r4
10003fe8:	f000 f934 	bl	10004254 <__wrap___aeabi_uidiv>
10003fec:	b2cb      	uxtb	r3, r1
10003fee:	2909      	cmp	r1, #9
10003ff0:	d9ef      	bls.n	10003fd2 <_vsnprintf+0x996>
10003ff2:	9a09      	ldr	r2, [sp, #36]	; 0x24
10003ff4:	4694      	mov	ip, r2
10003ff6:	4463      	add	r3, ip
10003ff8:	b2db      	uxtb	r3, r3
10003ffa:	e7ec      	b.n	10003fd6 <_vsnprintf+0x99a>
10003ffc:	4656      	mov	r6, sl
10003ffe:	465c      	mov	r4, fp
10004000:	46ab      	mov	fp, r5
10004002:	9d0d      	ldr	r5, [sp, #52]	; 0x34
10004004:	9b0b      	ldr	r3, [sp, #44]	; 0x2c
10004006:	002a      	movs	r2, r5
10004008:	9306      	str	r3, [sp, #24]
1000400a:	9b0a      	ldr	r3, [sp, #40]	; 0x28
1000400c:	0021      	movs	r1, r4
1000400e:	9305      	str	r3, [sp, #20]
10004010:	4643      	mov	r3, r8
10004012:	9304      	str	r3, [sp, #16]
10004014:	9b0c      	ldr	r3, [sp, #48]	; 0x30
10004016:	9808      	ldr	r0, [sp, #32]
10004018:	9303      	str	r3, [sp, #12]
1000401a:	9b12      	ldr	r3, [sp, #72]	; 0x48
1000401c:	3601      	adds	r6, #1
1000401e:	9302      	str	r3, [sp, #8]
10004020:	465b      	mov	r3, fp
10004022:	9301      	str	r3, [sp, #4]
10004024:	ab16      	add	r3, sp, #88	; 0x58
10004026:	9300      	str	r3, [sp, #0]
10004028:	464b      	mov	r3, r9
1000402a:	f7fe fe1f 	bl	10002c6c <_ntoa_format>
1000402e:	9b13      	ldr	r3, [sp, #76]	; 0x4c
10004030:	0005      	movs	r5, r0
10004032:	9309      	str	r3, [sp, #36]	; 0x24
10004034:	f7ff fb27 	bl	10003686 <_vsnprintf+0x4a>
10004038:	2302      	movs	r3, #2
1000403a:	930c      	str	r3, [sp, #48]	; 0x30
1000403c:	e71a      	b.n	10003e74 <_vsnprintf+0x838>
1000403e:	9b09      	ldr	r3, [sp, #36]	; 0x24
10004040:	cb04      	ldmia	r3!, {r2}
10004042:	4692      	mov	sl, r2
10004044:	9312      	str	r3, [sp, #72]	; 0x48
10004046:	2a00      	cmp	r2, #0
10004048:	d108      	bne.n	1000405c <_vsnprintf+0xa20>
1000404a:	2380      	movs	r3, #128	; 0x80
1000404c:	2210      	movs	r2, #16
1000404e:	990b      	ldr	r1, [sp, #44]	; 0x2c
10004050:	00db      	lsls	r3, r3, #3
10004052:	400b      	ands	r3, r1
10004054:	4391      	bics	r1, r2
10004056:	910b      	str	r1, [sp, #44]	; 0x2c
10004058:	2b00      	cmp	r3, #0
1000405a:	d12b      	bne.n	100040b4 <_vsnprintf+0xa78>
1000405c:	9a0b      	ldr	r2, [sp, #44]	; 0x2c
1000405e:	2361      	movs	r3, #97	; 0x61
10004060:	0692      	lsls	r2, r2, #26
10004062:	d500      	bpl.n	10004066 <_vsnprintf+0xa2a>
10004064:	2341      	movs	r3, #65	; 0x41
10004066:	aa0e      	add	r2, sp, #56	; 0x38
10004068:	271f      	movs	r7, #31
1000406a:	4694      	mov	ip, r2
1000406c:	b2db      	uxtb	r3, r3
1000406e:	3b0a      	subs	r3, #10
10004070:	950d      	str	r5, [sp, #52]	; 0x34
10004072:	4467      	add	r7, ip
10004074:	465d      	mov	r5, fp
10004076:	9309      	str	r3, [sp, #36]	; 0x24
10004078:	46a3      	mov	fp, r4
1000407a:	4654      	mov	r4, sl
1000407c:	46b2      	mov	sl, r6
1000407e:	9e0c      	ldr	r6, [sp, #48]	; 0x30
10004080:	e008      	b.n	10004094 <_vsnprintf+0xa58>
10004082:	3330      	adds	r3, #48	; 0x30
10004084:	b2db      	uxtb	r3, r3
10004086:	3501      	adds	r5, #1
10004088:	557b      	strb	r3, [r7, r5]
1000408a:	42b4      	cmp	r4, r6
1000408c:	d30e      	bcc.n	100040ac <_vsnprintf+0xa70>
1000408e:	2d20      	cmp	r5, #32
10004090:	d00c      	beq.n	100040ac <_vsnprintf+0xa70>
10004092:	0004      	movs	r4, r0
10004094:	0031      	movs	r1, r6
10004096:	0020      	movs	r0, r4
10004098:	f000 f8dc 	bl	10004254 <__wrap___aeabi_uidiv>
1000409c:	b2cb      	uxtb	r3, r1
1000409e:	2909      	cmp	r1, #9
100040a0:	d9ef      	bls.n	10004082 <_vsnprintf+0xa46>
100040a2:	9a09      	ldr	r2, [sp, #36]	; 0x24
100040a4:	4694      	mov	ip, r2
100040a6:	4463      	add	r3, ip
100040a8:	b2db      	uxtb	r3, r3
100040aa:	e7ec      	b.n	10004086 <_vsnprintf+0xa4a>
100040ac:	4656      	mov	r6, sl
100040ae:	465c      	mov	r4, fp
100040b0:	46ab      	mov	fp, r5
100040b2:	9d0d      	ldr	r5, [sp, #52]	; 0x34
100040b4:	9b0b      	ldr	r3, [sp, #44]	; 0x2c
100040b6:	002a      	movs	r2, r5
100040b8:	9306      	str	r3, [sp, #24]
100040ba:	9b0a      	ldr	r3, [sp, #40]	; 0x28
100040bc:	0021      	movs	r1, r4
100040be:	9305      	str	r3, [sp, #20]
100040c0:	4643      	mov	r3, r8
100040c2:	9304      	str	r3, [sp, #16]
100040c4:	9b0c      	ldr	r3, [sp, #48]	; 0x30
100040c6:	9808      	ldr	r0, [sp, #32]
100040c8:	9303      	str	r3, [sp, #12]
100040ca:	2300      	movs	r3, #0
100040cc:	9302      	str	r3, [sp, #8]
100040ce:	465b      	mov	r3, fp
100040d0:	9301      	str	r3, [sp, #4]
100040d2:	ab16      	add	r3, sp, #88	; 0x58
100040d4:	9300      	str	r3, [sp, #0]
100040d6:	464b      	mov	r3, r9
100040d8:	f7fe fdc8 	bl	10002c6c <_ntoa_format>
100040dc:	9b12      	ldr	r3, [sp, #72]	; 0x48
100040de:	0005      	movs	r5, r0
100040e0:	9309      	str	r3, [sp, #36]	; 0x24
100040e2:	3601      	adds	r6, #1
100040e4:	f7ff facf 	bl	10003686 <_vsnprintf+0x4a>
100040e8:	42b4      	cmp	r4, r6
100040ea:	d800      	bhi.n	100040ee <_vsnprintf+0xab2>
100040ec:	e671      	b.n	10003dd2 <_vsnprintf+0x796>
100040ee:	9b14      	ldr	r3, [sp, #80]	; 0x50
100040f0:	4654      	mov	r4, sl
100040f2:	960e      	str	r6, [sp, #56]	; 0x38
100040f4:	970f      	str	r7, [sp, #60]	; 0x3c
100040f6:	46aa      	mov	sl, r5
100040f8:	4698      	mov	r8, r3
100040fa:	9e15      	ldr	r6, [sp, #84]	; 0x54
100040fc:	9d13      	ldr	r5, [sp, #76]	; 0x4c
100040fe:	e68e      	b.n	10003e1e <_vsnprintf+0x7e2>
10004100:	42a6      	cmp	r6, r4
10004102:	d800      	bhi.n	10004106 <_vsnprintf+0xaca>
10004104:	e6fb      	b.n	10003efe <_vsnprintf+0x8c2>
10004106:	9b13      	ldr	r3, [sp, #76]	; 0x4c
10004108:	4656      	mov	r6, sl
1000410a:	4698      	mov	r8, r3
1000410c:	46aa      	mov	sl, r5
1000410e:	465c      	mov	r4, fp
10004110:	9d12      	ldr	r5, [sp, #72]	; 0x48
10004112:	e576      	b.n	10003c02 <_vsnprintf+0x5c6>
10004114:	c908      	ldmia	r1!, {r3}
10004116:	17d8      	asrs	r0, r3, #31
10004118:	181a      	adds	r2, r3, r0
1000411a:	4042      	eors	r2, r0
1000411c:	9109      	str	r1, [sp, #36]	; 0x24
1000411e:	f7ff fb8a 	bl	10003836 <_vsnprintf+0x1fa>
10004122:	2300      	movs	r3, #0
10004124:	930b      	str	r3, [sp, #44]	; 0x2c
10004126:	e450      	b.n	100039ca <_vsnprintf+0x38e>
10004128:	9b09      	ldr	r3, [sp, #36]	; 0x24
1000412a:	cb04      	ldmia	r3!, {r2}
1000412c:	4693      	mov	fp, r2
1000412e:	9309      	str	r3, [sp, #36]	; 0x24
10004130:	e559      	b.n	10003be6 <_vsnprintf+0x5aa>
10004132:	002f      	movs	r7, r5
10004134:	e5bb      	b.n	10003cae <_vsnprintf+0x672>
10004136:	930b      	str	r3, [sp, #44]	; 0x2c
10004138:	e601      	b.n	10003d3e <_vsnprintf+0x702>
1000413a:	3b06      	subs	r3, #6
1000413c:	930c      	str	r3, [sp, #48]	; 0x30
1000413e:	e69a      	b.n	10003e76 <_vsnprintf+0x83a>

10004140 <vfctprintf>:
10004140:	b500      	push	{lr}
10004142:	b085      	sub	sp, #20
10004144:	9103      	str	r1, [sp, #12]
10004146:	2101      	movs	r1, #1
10004148:	9002      	str	r0, [sp, #8]
1000414a:	9300      	str	r3, [sp, #0]
1000414c:	4803      	ldr	r0, [pc, #12]	; (1000415c <vfctprintf+0x1c>)
1000414e:	0013      	movs	r3, r2
10004150:	424a      	negs	r2, r1
10004152:	a902      	add	r1, sp, #8
10004154:	f7ff fa72 	bl	1000363c <_vsnprintf>
10004158:	b005      	add	sp, #20
1000415a:	bd00      	pop	{pc}
1000415c:	10002e49 	.word	0x10002e49

10004160 <weak_raw_vprintf>:
10004160:	b510      	push	{r4, lr}
10004162:	4a09      	ldr	r2, [pc, #36]	; (10004188 <weak_raw_vprintf+0x28>)
10004164:	0003      	movs	r3, r0
10004166:	6814      	ldr	r4, [r2, #0]
10004168:	b084      	sub	sp, #16
1000416a:	2c00      	cmp	r4, #0
1000416c:	d008      	beq.n	10004180 <weak_raw_vprintf+0x20>
1000416e:	2201      	movs	r2, #1
10004170:	9100      	str	r1, [sp, #0]
10004172:	4806      	ldr	r0, [pc, #24]	; (1000418c <weak_raw_vprintf+0x2c>)
10004174:	4252      	negs	r2, r2
10004176:	a903      	add	r1, sp, #12
10004178:	47a0      	blx	r4
1000417a:	2001      	movs	r0, #1
1000417c:	b004      	add	sp, #16
1000417e:	bd10      	pop	{r4, pc}
10004180:	f001 f85a 	bl	10005238 <__wrap_puts>
10004184:	2000      	movs	r0, #0
10004186:	e7f9      	b.n	1000417c <weak_raw_vprintf+0x1c>
10004188:	20001d48 	.word	0x20001d48
1000418c:	10002e39 	.word	0x10002e39

10004190 <__aeabi_bits_init>:
10004190:	4801      	ldr	r0, [pc, #4]	; (10004198 <__aeabi_bits_init+0x8>)
10004192:	2104      	movs	r1, #4
10004194:	4b01      	ldr	r3, [pc, #4]	; (1000419c <__aeabi_bits_init+0xc>)
10004196:	4718      	bx	r3
10004198:	20000f40 	.word	0x20000f40
1000419c:	100041c1 	.word	0x100041c1

100041a0 <rom_func_lookup>:
100041a0:	2314      	movs	r3, #20
100041a2:	b510      	push	{r4, lr}
100041a4:	0001      	movs	r1, r0
100041a6:	8818      	ldrh	r0, [r3, #0]
100041a8:	3304      	adds	r3, #4
100041aa:	881b      	ldrh	r3, [r3, #0]
100041ac:	4798      	blx	r3
100041ae:	bd10      	pop	{r4, pc}

100041b0 <rom_data_lookup>:
100041b0:	2316      	movs	r3, #22
100041b2:	b510      	push	{r4, lr}
100041b4:	0001      	movs	r1, r0
100041b6:	8818      	ldrh	r0, [r3, #0]
100041b8:	3302      	adds	r3, #2
100041ba:	881b      	ldrh	r3, [r3, #0]
100041bc:	4798      	blx	r3
100041be:	bd10      	pop	{r4, pc}

100041c0 <rom_funcs_lookup>:
100041c0:	b5f8      	push	{r3, r4, r5, r6, r7, lr}
100041c2:	4647      	mov	r7, r8
100041c4:	46ce      	mov	lr, r9
100041c6:	b580      	push	{r7, lr}
100041c8:	1e0f      	subs	r7, r1, #0
100041ca:	d019      	beq.n	10004200 <rom_funcs_lookup+0x40>
100041cc:	2314      	movs	r3, #20
100041ce:	4699      	mov	r9, r3
100041d0:	3304      	adds	r3, #4
100041d2:	0004      	movs	r4, r0
100041d4:	2500      	movs	r5, #0
100041d6:	2601      	movs	r6, #1
100041d8:	4698      	mov	r8, r3
100041da:	464b      	mov	r3, r9
100041dc:	8818      	ldrh	r0, [r3, #0]
100041de:	4643      	mov	r3, r8
100041e0:	6821      	ldr	r1, [r4, #0]
100041e2:	881b      	ldrh	r3, [r3, #0]
100041e4:	4798      	blx	r3
100041e6:	c401      	stmia	r4!, {r0}
100041e8:	1e43      	subs	r3, r0, #1
100041ea:	4198      	sbcs	r0, r3
100041ec:	3501      	adds	r5, #1
100041ee:	4240      	negs	r0, r0
100041f0:	4006      	ands	r6, r0
100041f2:	42af      	cmp	r7, r5
100041f4:	d1f1      	bne.n	100041da <rom_funcs_lookup+0x1a>
100041f6:	0030      	movs	r0, r6
100041f8:	bcc0      	pop	{r6, r7}
100041fa:	46b9      	mov	r9, r7
100041fc:	46b0      	mov	r8, r6
100041fe:	bdf8      	pop	{r3, r4, r5, r6, r7, pc}
10004200:	2601      	movs	r6, #1
10004202:	e7f8      	b.n	100041f6 <rom_funcs_lookup+0x36>

10004204 <__wrap___aeabi_idiv>:
10004204:	4a12      	ldr	r2, [pc, #72]	; (10004250 <divmod_s32s32_savestate+0x18>)
10004206:	6f93      	ldr	r3, [r2, #120]	; 0x78
10004208:	089b      	lsrs	r3, r3, #2
1000420a:	d215      	bcs.n	10004238 <divmod_s32s32_savestate>

1000420c <divmod_s32s32_unsafe>:
1000420c:	6690      	str	r0, [r2, #104]	; 0x68
1000420e:	66d1      	str	r1, [r2, #108]	; 0x6c
10004210:	2900      	cmp	r1, #0
10004212:	d005      	beq.n	10004220 <divmod_s32s32_unsafe+0x14>
10004214:	e7ff      	b.n	10004216 <divmod_s32s32_unsafe+0xa>
10004216:	e7ff      	b.n	10004218 <divmod_s32s32_unsafe+0xc>
10004218:	e7ff      	b.n	1000421a <divmod_s32s32_unsafe+0xe>
1000421a:	6f51      	ldr	r1, [r2, #116]	; 0x74
1000421c:	6f10      	ldr	r0, [r2, #112]	; 0x70
1000421e:	4770      	bx	lr
10004220:	b504      	push	{r2, lr}
10004222:	2180      	movs	r1, #128	; 0x80
10004224:	0609      	lsls	r1, r1, #24
10004226:	17c2      	asrs	r2, r0, #31
10004228:	4051      	eors	r1, r2
1000422a:	2800      	cmp	r0, #0
1000422c:	d000      	beq.n	10004230 <divmod_s32s32_unsafe+0x24>
1000422e:	43c8      	mvns	r0, r1
10004230:	f003 fa6e 	bl	10007710 <____aeabi_idiv0_veneer>
10004234:	2100      	movs	r1, #0
10004236:	bd04      	pop	{r2, pc}

10004238 <divmod_s32s32_savestate>:
10004238:	b5f0      	push	{r4, r5, r6, r7, lr}
1000423a:	6e14      	ldr	r4, [r2, #96]	; 0x60
1000423c:	6e55      	ldr	r5, [r2, #100]	; 0x64
1000423e:	6f57      	ldr	r7, [r2, #116]	; 0x74
10004240:	6f16      	ldr	r6, [r2, #112]	; 0x70
10004242:	f7ff ffe3 	bl	1000420c <divmod_s32s32_unsafe>
10004246:	6614      	str	r4, [r2, #96]	; 0x60
10004248:	6655      	str	r5, [r2, #100]	; 0x64
1000424a:	6757      	str	r7, [r2, #116]	; 0x74
1000424c:	6716      	str	r6, [r2, #112]	; 0x70
1000424e:	bdf0      	pop	{r4, r5, r6, r7, pc}
10004250:	d0000000 	.word	0xd0000000

10004254 <__wrap___aeabi_uidiv>:
10004254:	4a11      	ldr	r2, [pc, #68]	; (1000429c <divmod_u32u32_savestate+0x18>)
10004256:	6f93      	ldr	r3, [r2, #120]	; 0x78
10004258:	089b      	lsrs	r3, r3, #2
1000425a:	d213      	bcs.n	10004284 <divmod_u32u32_savestate>

1000425c <divmod_u32u32_unsafe>:
1000425c:	6610      	str	r0, [r2, #96]	; 0x60
1000425e:	6651      	str	r1, [r2, #100]	; 0x64
10004260:	2900      	cmp	r1, #0
10004262:	d005      	beq.n	10004270 <divmod_u32u32_unsafe+0x14>
10004264:	e7ff      	b.n	10004266 <divmod_u32u32_unsafe+0xa>
10004266:	e7ff      	b.n	10004268 <divmod_u32u32_unsafe+0xc>
10004268:	e7ff      	b.n	1000426a <divmod_u32u32_unsafe+0xe>
1000426a:	6f51      	ldr	r1, [r2, #116]	; 0x74
1000426c:	6f10      	ldr	r0, [r2, #112]	; 0x70
1000426e:	4770      	bx	lr
10004270:	b504      	push	{r2, lr}
10004272:	2800      	cmp	r0, #0
10004274:	d001      	beq.n	1000427a <divmod_u32u32_unsafe+0x1e>
10004276:	2000      	movs	r0, #0
10004278:	43c0      	mvns	r0, r0
1000427a:	f003 fa49 	bl	10007710 <____aeabi_idiv0_veneer>
1000427e:	2100      	movs	r1, #0
10004280:	bd04      	pop	{r2, pc}
10004282:	46c0      	nop			; (mov r8, r8)

10004284 <divmod_u32u32_savestate>:
10004284:	b5f0      	push	{r4, r5, r6, r7, lr}
10004286:	6e14      	ldr	r4, [r2, #96]	; 0x60
10004288:	6e55      	ldr	r5, [r2, #100]	; 0x64
1000428a:	6f57      	ldr	r7, [r2, #116]	; 0x74
1000428c:	6f16      	ldr	r6, [r2, #112]	; 0x70
1000428e:	f7ff ffe5 	bl	1000425c <divmod_u32u32_unsafe>
10004292:	6614      	str	r4, [r2, #96]	; 0x60
10004294:	6655      	str	r5, [r2, #100]	; 0x64
10004296:	6757      	str	r7, [r2, #116]	; 0x74
10004298:	6716      	str	r6, [r2, #112]	; 0x70
1000429a:	bdf0      	pop	{r4, r5, r6, r7, pc}
1000429c:	d0000000 	.word	0xd0000000

100042a0 <__wrap___aeabi_ldivmod>:
100042a0:	4694      	mov	ip, r2
100042a2:	4a4a      	ldr	r2, [pc, #296]	; (100043cc <udiv0+0x1a>)
100042a4:	6f92      	ldr	r2, [r2, #120]	; 0x78
100042a6:	0892      	lsrs	r2, r2, #2
100042a8:	4662      	mov	r2, ip
100042aa:	d201      	bcs.n	100042b0 <divmod_s64s64_savestate>
100042ac:	e028      	b.n	10004300 <divmod_s64s64_unsafe>
100042ae:	46c0      	nop			; (mov r8, r8)

100042b0 <divmod_s64s64_savestate>:
100042b0:	b5f0      	push	{r4, r5, r6, r7, lr}
100042b2:	4e46      	ldr	r6, [pc, #280]	; (100043cc <udiv0+0x1a>)
100042b4:	6e34      	ldr	r4, [r6, #96]	; 0x60
100042b6:	6e75      	ldr	r5, [r6, #100]	; 0x64
100042b8:	6f77      	ldr	r7, [r6, #116]	; 0x74
100042ba:	6f36      	ldr	r6, [r6, #112]	; 0x70
100042bc:	f000 f820 	bl	10004300 <divmod_s64s64_unsafe>
100042c0:	4694      	mov	ip, r2
100042c2:	4a42      	ldr	r2, [pc, #264]	; (100043cc <udiv0+0x1a>)
100042c4:	6614      	str	r4, [r2, #96]	; 0x60
100042c6:	6655      	str	r5, [r2, #100]	; 0x64
100042c8:	6757      	str	r7, [r2, #116]	; 0x74
100042ca:	6716      	str	r6, [r2, #112]	; 0x70
100042cc:	4662      	mov	r2, ip
100042ce:	bdf0      	pop	{r4, r5, r6, r7, pc}

100042d0 <__wrap___aeabi_uldivmod>:
100042d0:	4694      	mov	ip, r2
100042d2:	4a3e      	ldr	r2, [pc, #248]	; (100043cc <udiv0+0x1a>)
100042d4:	6f92      	ldr	r2, [r2, #120]	; 0x78
100042d6:	0892      	lsrs	r2, r2, #2
100042d8:	4662      	mov	r2, ip
100042da:	d201      	bcs.n	100042e0 <divmod_u64u64_savestate>
100042dc:	e054      	b.n	10004388 <divmod_u64u64_unsafe>
100042de:	46c0      	nop			; (mov r8, r8)

100042e0 <divmod_u64u64_savestate>:
100042e0:	b5f0      	push	{r4, r5, r6, r7, lr}
100042e2:	4e3a      	ldr	r6, [pc, #232]	; (100043cc <udiv0+0x1a>)
100042e4:	6e34      	ldr	r4, [r6, #96]	; 0x60
100042e6:	6e75      	ldr	r5, [r6, #100]	; 0x64
100042e8:	6f77      	ldr	r7, [r6, #116]	; 0x74
100042ea:	6f36      	ldr	r6, [r6, #112]	; 0x70
100042ec:	f000 f84c 	bl	10004388 <divmod_u64u64_unsafe>
100042f0:	4694      	mov	ip, r2
100042f2:	4a36      	ldr	r2, [pc, #216]	; (100043cc <udiv0+0x1a>)
100042f4:	6614      	str	r4, [r2, #96]	; 0x60
100042f6:	6655      	str	r5, [r2, #100]	; 0x64
100042f8:	6757      	str	r7, [r2, #116]	; 0x74
100042fa:	6716      	str	r6, [r2, #112]	; 0x70
100042fc:	4662      	mov	r2, ip
100042fe:	bdf0      	pop	{r4, r5, r6, r7, pc}

10004300 <divmod_s64s64_unsafe>:
10004300:	2b00      	cmp	r3, #0
10004302:	db24      	blt.n	1000434e <l42_1+0x26>
10004304:	d011      	beq.n	1000432a <l42_1+0x2>
10004306:	2900      	cmp	r1, #0
10004308:	da3e      	bge.n	10004388 <divmod_u64u64_unsafe>
1000430a:	b500      	push	{lr}
1000430c:	43c9      	mvns	r1, r1
1000430e:	4240      	negs	r0, r0
10004310:	d100      	bne.n	10004314 <l40_1>
10004312:	3101      	adds	r1, #1

10004314 <l40_1>:
10004314:	f000 f838 	bl	10004388 <divmod_u64u64_unsafe>
10004318:	43c9      	mvns	r1, r1
1000431a:	4240      	negs	r0, r0
1000431c:	d100      	bne.n	10004320 <l41_1>
1000431e:	3101      	adds	r1, #1

10004320 <l41_1>:
10004320:	43db      	mvns	r3, r3
10004322:	4252      	negs	r2, r2
10004324:	d100      	bne.n	10004328 <l42_1>
10004326:	3301      	adds	r3, #1

10004328 <l42_1>:
10004328:	bd00      	pop	{pc}
1000432a:	2a00      	cmp	r2, #0
1000432c:	d1eb      	bne.n	10004306 <divmod_s64s64_unsafe+0x6>
1000432e:	2800      	cmp	r0, #0
10004330:	d101      	bne.n	10004336 <l42_1+0xe>
10004332:	2900      	cmp	r1, #0
10004334:	d005      	beq.n	10004342 <l42_1+0x1a>
10004336:	2000      	movs	r0, #0
10004338:	0fc9      	lsrs	r1, r1, #31
1000433a:	07c9      	lsls	r1, r1, #31
1000433c:	d101      	bne.n	10004342 <l42_1+0x1a>
1000433e:	43c0      	mvns	r0, r0
10004340:	0841      	lsrs	r1, r0, #1
10004342:	b500      	push	{lr}
10004344:	f003 f9cc 	bl	100076e0 <____aeabi_ldiv0_veneer>
10004348:	2200      	movs	r2, #0
1000434a:	2300      	movs	r3, #0
1000434c:	bd00      	pop	{pc}
1000434e:	b500      	push	{lr}
10004350:	2900      	cmp	r1, #0
10004352:	db0a      	blt.n	1000436a <l44_1+0x2>
10004354:	43db      	mvns	r3, r3
10004356:	4252      	negs	r2, r2
10004358:	d100      	bne.n	1000435c <l43_1>
1000435a:	3301      	adds	r3, #1

1000435c <l43_1>:
1000435c:	f000 f814 	bl	10004388 <divmod_u64u64_unsafe>
10004360:	43c9      	mvns	r1, r1
10004362:	4240      	negs	r0, r0
10004364:	d100      	bne.n	10004368 <l44_1>
10004366:	3101      	adds	r1, #1

10004368 <l44_1>:
10004368:	bd00      	pop	{pc}
1000436a:	43c9      	mvns	r1, r1
1000436c:	4240      	negs	r0, r0
1000436e:	d100      	bne.n	10004372 <l45_1>
10004370:	3101      	adds	r1, #1

10004372 <l45_1>:
10004372:	43db      	mvns	r3, r3
10004374:	4252      	negs	r2, r2
10004376:	d100      	bne.n	1000437a <l46_1>
10004378:	3301      	adds	r3, #1

1000437a <l46_1>:
1000437a:	f000 f805 	bl	10004388 <divmod_u64u64_unsafe>
1000437e:	43db      	mvns	r3, r3
10004380:	4252      	negs	r2, r2
10004382:	d100      	bne.n	10004386 <l47_1>
10004384:	3301      	adds	r3, #1

10004386 <l47_1>:
10004386:	bd00      	pop	{pc}

10004388 <divmod_u64u64_unsafe>:
10004388:	2900      	cmp	r1, #0
1000438a:	d123      	bne.n	100043d4 <y64>
1000438c:	2b00      	cmp	r3, #0
1000438e:	d118      	bne.n	100043c2 <udiv0+0x10>
10004390:	2a00      	cmp	r2, #0
10004392:	d00c      	beq.n	100043ae <divmod_u64u64_unsafe+0x26>
10004394:	46bc      	mov	ip, r7
10004396:	4f0d      	ldr	r7, [pc, #52]	; (100043cc <udiv0+0x1a>)
10004398:	6638      	str	r0, [r7, #96]	; 0x60
1000439a:	667a      	str	r2, [r7, #100]	; 0x64
1000439c:	2100      	movs	r1, #0
1000439e:	2300      	movs	r3, #0
100043a0:	e7ff      	b.n	100043a2 <divmod_u64u64_unsafe+0x1a>
100043a2:	e7ff      	b.n	100043a4 <divmod_u64u64_unsafe+0x1c>
100043a4:	e7ff      	b.n	100043a6 <divmod_u64u64_unsafe+0x1e>
100043a6:	6f7a      	ldr	r2, [r7, #116]	; 0x74
100043a8:	6f38      	ldr	r0, [r7, #112]	; 0x70
100043aa:	4667      	mov	r7, ip
100043ac:	4770      	bx	lr
100043ae:	2800      	cmp	r0, #0
100043b0:	d001      	beq.n	100043b6 <udiv0+0x4>

100043b2 <udiv0>:
100043b2:	4807      	ldr	r0, [pc, #28]	; (100043d0 <udiv0+0x1e>)
100043b4:	0001      	movs	r1, r0
100043b6:	b500      	push	{lr}
100043b8:	f003 f992 	bl	100076e0 <____aeabi_ldiv0_veneer>
100043bc:	2200      	movs	r2, #0
100043be:	2300      	movs	r3, #0
100043c0:	bd00      	pop	{pc}
100043c2:	0002      	movs	r2, r0
100043c4:	000b      	movs	r3, r1
100043c6:	2000      	movs	r0, #0
100043c8:	2100      	movs	r1, #0
100043ca:	4770      	bx	lr
100043cc:	d0000000 	.word	0xd0000000
100043d0:	ffffffff 	.word	0xffffffff

100043d4 <y64>:
100043d4:	2b00      	cmp	r3, #0
100043d6:	d000      	beq.n	100043da <y64+0x6>
100043d8:	e0bf      	b.n	1000455a <y64_x48>
100043da:	0c13      	lsrs	r3, r2, #16
100043dc:	d128      	bne.n	10004430 <y64_x32>
100043de:	2a00      	cmp	r2, #0
100043e0:	d0e7      	beq.n	100043b2 <udiv0>
100043e2:	b480      	push	{r7}
100043e4:	4f11      	ldr	r7, [pc, #68]	; (1000442c <y64+0x58>)
100043e6:	6639      	str	r1, [r7, #96]	; 0x60
100043e8:	667a      	str	r2, [r7, #100]	; 0x64
100043ea:	e7ff      	b.n	100043ec <y64+0x18>
100043ec:	e7ff      	b.n	100043ee <y64+0x1a>
100043ee:	b430      	push	{r4, r5}
100043f0:	0c04      	lsrs	r4, r0, #16
100043f2:	6f7b      	ldr	r3, [r7, #116]	; 0x74
100043f4:	6f39      	ldr	r1, [r7, #112]	; 0x70
100043f6:	041b      	lsls	r3, r3, #16
100043f8:	4323      	orrs	r3, r4
100043fa:	663b      	str	r3, [r7, #96]	; 0x60
100043fc:	667a      	str	r2, [r7, #100]	; 0x64
100043fe:	e7ff      	b.n	10004400 <y64+0x2c>
10004400:	e7ff      	b.n	10004402 <y64+0x2e>
10004402:	e7ff      	b.n	10004404 <y64+0x30>
10004404:	46c0      	nop			; (mov r8, r8)
10004406:	b284      	uxth	r4, r0
10004408:	6f7b      	ldr	r3, [r7, #116]	; 0x74
1000440a:	6f3d      	ldr	r5, [r7, #112]	; 0x70
1000440c:	041b      	lsls	r3, r3, #16
1000440e:	4323      	orrs	r3, r4
10004410:	663b      	str	r3, [r7, #96]	; 0x60
10004412:	667a      	str	r2, [r7, #100]	; 0x64
10004414:	e7ff      	b.n	10004416 <y64+0x42>
10004416:	e7ff      	b.n	10004418 <y64+0x44>
10004418:	46c0      	nop			; (mov r8, r8)
1000441a:	2300      	movs	r3, #0
1000441c:	042c      	lsls	r4, r5, #16
1000441e:	0c2d      	lsrs	r5, r5, #16
10004420:	6f7a      	ldr	r2, [r7, #116]	; 0x74
10004422:	6f38      	ldr	r0, [r7, #112]	; 0x70
10004424:	1900      	adds	r0, r0, r4
10004426:	4169      	adcs	r1, r5
10004428:	bcb0      	pop	{r4, r5, r7}
1000442a:	4770      	bx	lr
1000442c:	d0000000 	.word	0xd0000000

10004430 <y64_x32>:
10004430:	b5f0      	push	{r4, r5, r6, r7, lr}
10004432:	4694      	mov	ip, r2
10004434:	2500      	movs	r5, #0
10004436:	0e14      	lsrs	r4, r2, #24
10004438:	d101      	bne.n	1000443e <y64_x32+0xe>
1000443a:	0212      	lsls	r2, r2, #8
1000443c:	3508      	adds	r5, #8
1000443e:	0f14      	lsrs	r4, r2, #28
10004440:	d101      	bne.n	10004446 <y64_x32+0x16>
10004442:	0112      	lsls	r2, r2, #4
10004444:	3504      	adds	r5, #4
10004446:	0f94      	lsrs	r4, r2, #30
10004448:	d101      	bne.n	1000444e <y64_x32+0x1e>
1000444a:	0092      	lsls	r2, r2, #2
1000444c:	3502      	adds	r5, #2
1000444e:	0fd4      	lsrs	r4, r2, #31
10004450:	d101      	bne.n	10004456 <y64_x32+0x26>
10004452:	0052      	lsls	r2, r2, #1
10004454:	3501      	adds	r5, #1
10004456:	0bd4      	lsrs	r4, r2, #15
10004458:	3401      	adds	r4, #1
1000445a:	4f25      	ldr	r7, [pc, #148]	; (100044f0 <y64_x32+0xc0>)
1000445c:	667c      	str	r4, [r7, #100]	; 0x64
1000445e:	4c25      	ldr	r4, [pc, #148]	; (100044f4 <y64_x32+0xc4>)
10004460:	663c      	str	r4, [r7, #96]	; 0x60
10004462:	0c0e      	lsrs	r6, r1, #16
10004464:	b293      	uxth	r3, r2
10004466:	e7ff      	b.n	10004468 <y64_x32+0x38>
10004468:	e7ff      	b.n	1000446a <y64_x32+0x3a>
1000446a:	e7ff      	b.n	1000446c <y64_x32+0x3c>
1000446c:	6f3c      	ldr	r4, [r7, #112]	; 0x70
1000446e:	4366      	muls	r6, r4
10004470:	0c36      	lsrs	r6, r6, #16
10004472:	0377      	lsls	r7, r6, #13
10004474:	46be      	mov	lr, r7
10004476:	4373      	muls	r3, r6
10004478:	0bdf      	lsrs	r7, r3, #15
1000447a:	045b      	lsls	r3, r3, #17
1000447c:	1ac0      	subs	r0, r0, r3
1000447e:	41b9      	sbcs	r1, r7
10004480:	0c13      	lsrs	r3, r2, #16
10004482:	4373      	muls	r3, r6
10004484:	18db      	adds	r3, r3, r3
10004486:	1ac9      	subs	r1, r1, r3
10004488:	08ce      	lsrs	r6, r1, #3
1000448a:	4366      	muls	r6, r4
1000448c:	0c36      	lsrs	r6, r6, #16
1000448e:	44b6      	add	lr, r6
10004490:	b293      	uxth	r3, r2
10004492:	4373      	muls	r3, r6
10004494:	0f1f      	lsrs	r7, r3, #28
10004496:	011b      	lsls	r3, r3, #4
10004498:	1ac0      	subs	r0, r0, r3
1000449a:	41b9      	sbcs	r1, r7
1000449c:	0c13      	lsrs	r3, r2, #16
1000449e:	4373      	muls	r3, r6
100044a0:	0b1f      	lsrs	r7, r3, #12
100044a2:	051b      	lsls	r3, r3, #20
100044a4:	1ac0      	subs	r0, r0, r3
100044a6:	41b9      	sbcs	r1, r7
100044a8:	0d86      	lsrs	r6, r0, #22
100044aa:	028f      	lsls	r7, r1, #10
100044ac:	433e      	orrs	r6, r7
100044ae:	4366      	muls	r6, r4
100044b0:	0c36      	lsrs	r6, r6, #16
100044b2:	2d09      	cmp	r5, #9
100044b4:	db24      	blt.n	10004500 <last0>
100044b6:	0a52      	lsrs	r2, r2, #9
100044b8:	4372      	muls	r2, r6
100044ba:	1a80      	subs	r0, r0, r2
100044bc:	0377      	lsls	r7, r6, #13
100044be:	0a46      	lsrs	r6, r0, #9
100044c0:	4366      	muls	r6, r4
100044c2:	0c36      	lsrs	r6, r6, #16
100044c4:	2316      	movs	r3, #22
100044c6:	1b5b      	subs	r3, r3, r5
100044c8:	40de      	lsrs	r6, r3
100044ca:	40df      	lsrs	r7, r3
100044cc:	19bf      	adds	r7, r7, r6
100044ce:	4664      	mov	r4, ip
100044d0:	4366      	muls	r6, r4
100044d2:	1b82      	subs	r2, r0, r6
100044d4:	4670      	mov	r0, lr
100044d6:	3504      	adds	r5, #4
100044d8:	3306      	adds	r3, #6
100044da:	0001      	movs	r1, r0
100044dc:	40d9      	lsrs	r1, r3
100044de:	40a8      	lsls	r0, r5
100044e0:	19c0      	adds	r0, r0, r7
100044e2:	d300      	bcc.n	100044e6 <y64_x32+0xb6>
100044e4:	3101      	adds	r1, #1
100044e6:	42a2      	cmp	r2, r4
100044e8:	d206      	bcs.n	100044f8 <y64_x32+0xc8>
100044ea:	2300      	movs	r3, #0
100044ec:	bdf0      	pop	{r4, r5, r6, r7, pc}
100044ee:	0000      	.short	0x0000
100044f0:	d0000000 	.word	0xd0000000
100044f4:	ffffffff 	.word	0xffffffff
100044f8:	1b12      	subs	r2, r2, r4
100044fa:	3001      	adds	r0, #1
100044fc:	d3f3      	bcc.n	100044e6 <y64_x32+0xb6>
100044fe:	e7f1      	b.n	100044e4 <y64_x32+0xb4>

10004500 <last0>:
10004500:	2709      	movs	r7, #9
10004502:	1b7f      	subs	r7, r7, r5
10004504:	40fe      	lsrs	r6, r7
10004506:	4664      	mov	r4, ip
10004508:	b2a2      	uxth	r2, r4
1000450a:	4372      	muls	r2, r6
1000450c:	1a80      	subs	r0, r0, r2
1000450e:	d200      	bcs.n	10004512 <last0+0x12>
10004510:	3901      	subs	r1, #1
10004512:	0c22      	lsrs	r2, r4, #16
10004514:	4372      	muls	r2, r6
10004516:	0c13      	lsrs	r3, r2, #16
10004518:	0412      	lsls	r2, r2, #16
1000451a:	1a82      	subs	r2, r0, r2
1000451c:	4199      	sbcs	r1, r3
1000451e:	000b      	movs	r3, r1
10004520:	4670      	mov	r0, lr
10004522:	3504      	adds	r5, #4
10004524:	3713      	adds	r7, #19
10004526:	0001      	movs	r1, r0
10004528:	40f9      	lsrs	r1, r7
1000452a:	40a8      	lsls	r0, r5
1000452c:	1980      	adds	r0, r0, r6
1000452e:	d300      	bcc.n	10004532 <last0+0x32>
10004530:	3101      	adds	r1, #1
10004532:	2b00      	cmp	r3, #0
10004534:	d102      	bne.n	1000453c <last0+0x3c>
10004536:	42a2      	cmp	r2, r4
10004538:	d20a      	bcs.n	10004550 <last0+0x50>
1000453a:	bdf0      	pop	{r4, r5, r6, r7, pc}
1000453c:	3001      	adds	r0, #1
1000453e:	d300      	bcc.n	10004542 <last0+0x42>
10004540:	3101      	adds	r1, #1
10004542:	1b12      	subs	r2, r2, r4
10004544:	d2fa      	bcs.n	1000453c <last0+0x3c>
10004546:	3b01      	subs	r3, #1
10004548:	d1f8      	bne.n	1000453c <last0+0x3c>
1000454a:	42a2      	cmp	r2, r4
1000454c:	d200      	bcs.n	10004550 <last0+0x50>
1000454e:	bdf0      	pop	{r4, r5, r6, r7, pc}
10004550:	3001      	adds	r0, #1
10004552:	d300      	bcc.n	10004556 <last0+0x56>
10004554:	3101      	adds	r1, #1
10004556:	1b12      	subs	r2, r2, r4
10004558:	e7f7      	b.n	1000454a <last0+0x4a>

1000455a <y64_x48>:
1000455a:	b5f0      	push	{r4, r5, r6, r7, lr}
1000455c:	0c1c      	lsrs	r4, r3, #16
1000455e:	d000      	beq.n	10004562 <y64_x48+0x8>
10004560:	e080      	b.n	10004664 <y64_x64>
10004562:	b40c      	push	{r2, r3}
10004564:	2500      	movs	r5, #0
10004566:	0a1c      	lsrs	r4, r3, #8
10004568:	d104      	bne.n	10004574 <y64_x48+0x1a>
1000456a:	021b      	lsls	r3, r3, #8
1000456c:	0e16      	lsrs	r6, r2, #24
1000456e:	4333      	orrs	r3, r6
10004570:	0212      	lsls	r2, r2, #8
10004572:	3508      	adds	r5, #8
10004574:	0b1c      	lsrs	r4, r3, #12
10004576:	d104      	bne.n	10004582 <y64_x48+0x28>
10004578:	011b      	lsls	r3, r3, #4
1000457a:	0f16      	lsrs	r6, r2, #28
1000457c:	4333      	orrs	r3, r6
1000457e:	0112      	lsls	r2, r2, #4
10004580:	3504      	adds	r5, #4
10004582:	0b9c      	lsrs	r4, r3, #14
10004584:	d104      	bne.n	10004590 <y64_x48+0x36>
10004586:	009b      	lsls	r3, r3, #2
10004588:	0f96      	lsrs	r6, r2, #30
1000458a:	4333      	orrs	r3, r6
1000458c:	0092      	lsls	r2, r2, #2
1000458e:	3502      	adds	r5, #2
10004590:	0bdc      	lsrs	r4, r3, #15
10004592:	d102      	bne.n	1000459a <y64_x48+0x40>
10004594:	1892      	adds	r2, r2, r2
10004596:	415b      	adcs	r3, r3
10004598:	3501      	adds	r5, #1
1000459a:	001c      	movs	r4, r3
1000459c:	1897      	adds	r7, r2, r2
1000459e:	4164      	adcs	r4, r4
100045a0:	3401      	adds	r4, #1
100045a2:	4f46      	ldr	r7, [pc, #280]	; (100046bc <y64_x64+0x58>)
100045a4:	667c      	str	r4, [r7, #100]	; 0x64
100045a6:	4c46      	ldr	r4, [pc, #280]	; (100046c0 <y64_x64+0x5c>)
100045a8:	663c      	str	r4, [r7, #96]	; 0x60
100045aa:	0c0e      	lsrs	r6, r1, #16
100045ac:	e7ff      	b.n	100045ae <y64_x48+0x54>
100045ae:	e7ff      	b.n	100045b0 <y64_x48+0x56>
100045b0:	e7ff      	b.n	100045b2 <y64_x48+0x58>
100045b2:	46c0      	nop			; (mov r8, r8)
100045b4:	6f3c      	ldr	r4, [r7, #112]	; 0x70
100045b6:	4366      	muls	r6, r4
100045b8:	0c36      	lsrs	r6, r6, #16
100045ba:	0377      	lsls	r7, r6, #13
100045bc:	46be      	mov	lr, r7
100045be:	b297      	uxth	r7, r2
100045c0:	4377      	muls	r7, r6
100045c2:	1bc0      	subs	r0, r0, r7
100045c4:	d200      	bcs.n	100045c8 <y64_x48+0x6e>
100045c6:	3901      	subs	r1, #1
100045c8:	1bc0      	subs	r0, r0, r7
100045ca:	d200      	bcs.n	100045ce <y64_x48+0x74>
100045cc:	3901      	subs	r1, #1
100045ce:	b29f      	uxth	r7, r3
100045d0:	4377      	muls	r7, r6
100045d2:	1bc9      	subs	r1, r1, r7
100045d4:	1bc9      	subs	r1, r1, r7
100045d6:	0c17      	lsrs	r7, r2, #16
100045d8:	4377      	muls	r7, r6
100045da:	047e      	lsls	r6, r7, #17
100045dc:	0bff      	lsrs	r7, r7, #15
100045de:	1b80      	subs	r0, r0, r6
100045e0:	41b9      	sbcs	r1, r7
100045e2:	08ce      	lsrs	r6, r1, #3
100045e4:	4366      	muls	r6, r4
100045e6:	0c36      	lsrs	r6, r6, #16
100045e8:	2d0c      	cmp	r5, #12
100045ea:	db33      	blt.n	10004654 <last1>
100045ec:	44b6      	add	lr, r6
100045ee:	0b12      	lsrs	r2, r2, #12
100045f0:	051f      	lsls	r7, r3, #20
100045f2:	433a      	orrs	r2, r7
100045f4:	0b1b      	lsrs	r3, r3, #12
100045f6:	b297      	uxth	r7, r2
100045f8:	4377      	muls	r7, r6
100045fa:	1bc0      	subs	r0, r0, r7
100045fc:	d200      	bcs.n	10004600 <y64_x48+0xa6>
100045fe:	3901      	subs	r1, #1
10004600:	b29f      	uxth	r7, r3
10004602:	4377      	muls	r7, r6
10004604:	1bc9      	subs	r1, r1, r7
10004606:	0c17      	lsrs	r7, r2, #16
10004608:	4377      	muls	r7, r6
1000460a:	043e      	lsls	r6, r7, #16
1000460c:	0c3f      	lsrs	r7, r7, #16
1000460e:	1b80      	subs	r0, r0, r6
10004610:	41b9      	sbcs	r1, r7
10004612:	0d86      	lsrs	r6, r0, #22
10004614:	028f      	lsls	r7, r1, #10
10004616:	433e      	orrs	r6, r7
10004618:	4366      	muls	r6, r4
1000461a:	2729      	movs	r7, #41	; 0x29
1000461c:	1b7f      	subs	r7, r7, r5
1000461e:	40fe      	lsrs	r6, r7
10004620:	3d0c      	subs	r5, #12
10004622:	4677      	mov	r7, lr
10004624:	40af      	lsls	r7, r5
10004626:	19bf      	adds	r7, r7, r6
10004628:	bc30      	pop	{r4, r5}
1000462a:	b2a2      	uxth	r2, r4
1000462c:	b2ab      	uxth	r3, r5
1000462e:	4372      	muls	r2, r6
10004630:	4373      	muls	r3, r6
10004632:	1a80      	subs	r0, r0, r2
10004634:	4199      	sbcs	r1, r3
10004636:	0c22      	lsrs	r2, r4, #16
10004638:	4372      	muls	r2, r6
1000463a:	0c13      	lsrs	r3, r2, #16
1000463c:	0412      	lsls	r2, r2, #16
1000463e:	1a80      	subs	r0, r0, r2
10004640:	4199      	sbcs	r1, r3
10004642:	0002      	movs	r2, r0
10004644:	000b      	movs	r3, r1
10004646:	3701      	adds	r7, #1
10004648:	1b00      	subs	r0, r0, r4
1000464a:	41a9      	sbcs	r1, r5
1000464c:	d2f9      	bcs.n	10004642 <y64_x48+0xe8>
1000464e:	1e78      	subs	r0, r7, #1
10004650:	2100      	movs	r1, #0
10004652:	bdf0      	pop	{r4, r5, r6, r7, pc}

10004654 <last1>:
10004654:	270c      	movs	r7, #12
10004656:	1b7f      	subs	r7, r7, r5
10004658:	40fe      	lsrs	r6, r7
1000465a:	4677      	mov	r7, lr
1000465c:	0b7f      	lsrs	r7, r7, #13
1000465e:	40af      	lsls	r7, r5
10004660:	19ff      	adds	r7, r7, r7
10004662:	e7e0      	b.n	10004626 <y64_x48+0xcc>

10004664 <y64_x64>:
10004664:	2400      	movs	r4, #0
10004666:	1c5d      	adds	r5, r3, #1
10004668:	d007      	beq.n	1000467a <y64_x64+0x16>
1000466a:	4f14      	ldr	r7, [pc, #80]	; (100046bc <y64_x64+0x58>)
1000466c:	667d      	str	r5, [r7, #100]	; 0x64
1000466e:	6639      	str	r1, [r7, #96]	; 0x60
10004670:	e7ff      	b.n	10004672 <y64_x64+0xe>
10004672:	e7ff      	b.n	10004674 <y64_x64+0x10>
10004674:	e7ff      	b.n	10004676 <y64_x64+0x12>
10004676:	e7ff      	b.n	10004678 <y64_x64+0x14>
10004678:	6f3c      	ldr	r4, [r7, #112]	; 0x70
1000467a:	b295      	uxth	r5, r2
1000467c:	b29e      	uxth	r6, r3
1000467e:	4365      	muls	r5, r4
10004680:	4366      	muls	r6, r4
10004682:	1b40      	subs	r0, r0, r5
10004684:	41b1      	sbcs	r1, r6
10004686:	0c15      	lsrs	r5, r2, #16
10004688:	0c1e      	lsrs	r6, r3, #16
1000468a:	4365      	muls	r5, r4
1000468c:	4366      	muls	r6, r4
1000468e:	0436      	lsls	r6, r6, #16
10004690:	0c2f      	lsrs	r7, r5, #16
10004692:	433e      	orrs	r6, r7
10004694:	042d      	lsls	r5, r5, #16
10004696:	1b40      	subs	r0, r0, r5
10004698:	41b1      	sbcs	r1, r6
1000469a:	4299      	cmp	r1, r3
1000469c:	d204      	bcs.n	100046a8 <y64_x64+0x44>
1000469e:	0002      	movs	r2, r0
100046a0:	000b      	movs	r3, r1
100046a2:	0020      	movs	r0, r4
100046a4:	2100      	movs	r1, #0
100046a6:	bdf0      	pop	{r4, r5, r6, r7, pc}
100046a8:	d101      	bne.n	100046ae <y64_x64+0x4a>
100046aa:	4290      	cmp	r0, r2
100046ac:	d3f7      	bcc.n	1000469e <y64_x64+0x3a>
100046ae:	1a80      	subs	r0, r0, r2
100046b0:	4199      	sbcs	r1, r3
100046b2:	3401      	adds	r4, #1
100046b4:	4299      	cmp	r1, r3
100046b6:	d3f2      	bcc.n	1000469e <y64_x64+0x3a>
100046b8:	e7f6      	b.n	100046a8 <y64_x64+0x44>
100046ba:	0000      	.short	0x0000
100046bc:	d0000000 	.word	0xd0000000
100046c0:	ffffffff 	.word	0xffffffff

100046c4 <__wrap___aeabi_drsub>:
100046c4:	4048      	eors	r0, r1
100046c6:	4041      	eors	r1, r0
100046c8:	4048      	eors	r0, r1

100046ca <__wrap___aeabi_dsub>:
100046ca:	b418      	push	{r3, r4}
100046cc:	4b1b      	ldr	r3, [pc, #108]	; (1000473c <__wrap___aeabi_dmul+0x12>)
100046ce:	685b      	ldr	r3, [r3, #4]
100046d0:	46fc      	mov	ip, pc
100046d2:	9301      	str	r3, [sp, #4]
100046d4:	bd08      	pop	{r3, pc}
100046d6:	df04      	.short	0xdf04
100046d8:	10004963 	.word	0x10004963

100046dc <__wrap___aeabi_dadd>:
100046dc:	b418      	push	{r3, r4}
100046de:	4b17      	ldr	r3, [pc, #92]	; (1000473c <__wrap___aeabi_dmul+0x12>)
100046e0:	681b      	ldr	r3, [r3, #0]
100046e2:	46fc      	mov	ip, pc
100046e4:	9301      	str	r3, [sp, #4]
100046e6:	bd08      	pop	{r3, pc}
100046e8:	496ddf00 	.word	0x496ddf00
100046ec:	1000      	.short	0x1000

100046ee <__wrap___aeabi_ddiv>:
100046ee:	4694      	mov	ip, r2
100046f0:	4a13      	ldr	r2, [pc, #76]	; (10004740 <__wrap___aeabi_dmul+0x16>)
100046f2:	6f92      	ldr	r2, [r2, #120]	; 0x78
100046f4:	0892      	lsrs	r2, r2, #2
100046f6:	d209      	bcs.n	1000470c <ddiv_save_state>
100046f8:	4662      	mov	r2, ip

100046fa <ddiv_shim_call>:
100046fa:	b418      	push	{r3, r4}
100046fc:	4b0f      	ldr	r3, [pc, #60]	; (1000473c <__wrap___aeabi_dmul+0x12>)
100046fe:	68db      	ldr	r3, [r3, #12]
10004700:	46fc      	mov	ip, pc
10004702:	9301      	str	r3, [sp, #4]
10004704:	bd08      	pop	{r3, pc}
10004706:	df0c      	.short	0xdf0c
10004708:	10004c25 	.word	0x10004c25

1000470c <ddiv_save_state>:
1000470c:	4a0c      	ldr	r2, [pc, #48]	; (10004740 <__wrap___aeabi_dmul+0x16>)
1000470e:	b5f0      	push	{r4, r5, r6, r7, lr}
10004710:	6e14      	ldr	r4, [r2, #96]	; 0x60
10004712:	6e55      	ldr	r5, [r2, #100]	; 0x64
10004714:	6f57      	ldr	r7, [r2, #116]	; 0x74
10004716:	6f16      	ldr	r6, [r2, #112]	; 0x70
10004718:	4662      	mov	r2, ip
1000471a:	f7ff ffee 	bl	100046fa <ddiv_shim_call>
1000471e:	4a08      	ldr	r2, [pc, #32]	; (10004740 <__wrap___aeabi_dmul+0x16>)
10004720:	6614      	str	r4, [r2, #96]	; 0x60
10004722:	6655      	str	r5, [r2, #100]	; 0x64
10004724:	6757      	str	r7, [r2, #116]	; 0x74
10004726:	6716      	str	r6, [r2, #112]	; 0x70
10004728:	bdf0      	pop	{r4, r5, r6, r7, pc}

1000472a <__wrap___aeabi_dmul>:
1000472a:	b418      	push	{r3, r4}
1000472c:	4b03      	ldr	r3, [pc, #12]	; (1000473c <__wrap___aeabi_dmul+0x12>)
1000472e:	689b      	ldr	r3, [r3, #8]
10004730:	46fc      	mov	ip, pc
10004732:	9301      	str	r3, [sp, #4]
10004734:	bd08      	pop	{r3, pc}
10004736:	df08      	.short	0xdf08
10004738:	10004ac9 	.word	0x10004ac9
1000473c:	200010d0 	.word	0x200010d0
10004740:	d0000000 	.word	0xd0000000

10004744 <__wrap___aeabi_cdrcmple>:
10004744:	b5ff      	push	{r0, r1, r2, r3, r4, r5, r6, r7, lr}
10004746:	4050      	eors	r0, r2
10004748:	4042      	eors	r2, r0
1000474a:	4050      	eors	r0, r2
1000474c:	4059      	eors	r1, r3
1000474e:	404b      	eors	r3, r1
10004750:	4059      	eors	r1, r3
10004752:	e000      	b.n	10004756 <__aeabi_dfcmple_guts>

10004754 <__wrap___aeabi_cdcmpeq>:
10004754:	b5ff      	push	{r0, r1, r2, r3, r4, r5, r6, r7, lr}

10004756 <__aeabi_dfcmple_guts>:
10004756:	4f15      	ldr	r7, [pc, #84]	; (100047ac <__aeabi_dfcmple_guts+0x56>)
10004758:	004c      	lsls	r4, r1, #1
1000475a:	0d64      	lsrs	r4, r4, #21
1000475c:	d003      	beq.n	10004766 <__aeabi_dfcmple_guts+0x10>
1000475e:	42bc      	cmp	r4, r7
10004760:	d104      	bne.n	1000476c <__aeabi_dfcmple_guts+0x16>
10004762:	030c      	lsls	r4, r1, #12
10004764:	d814      	bhi.n	10004790 <__aeabi_dfcmple_guts+0x3a>
10004766:	2000      	movs	r0, #0
10004768:	0d09      	lsrs	r1, r1, #20
1000476a:	0509      	lsls	r1, r1, #20
1000476c:	005c      	lsls	r4, r3, #1
1000476e:	0d64      	lsrs	r4, r4, #21
10004770:	d003      	beq.n	1000477a <__aeabi_dfcmple_guts+0x24>
10004772:	42bc      	cmp	r4, r7
10004774:	d104      	bne.n	10004780 <__aeabi_dfcmple_guts+0x2a>
10004776:	031c      	lsls	r4, r3, #12
10004778:	d80a      	bhi.n	10004790 <__aeabi_dfcmple_guts+0x3a>
1000477a:	2200      	movs	r2, #0
1000477c:	0d1b      	lsrs	r3, r3, #20
1000477e:	051b      	lsls	r3, r3, #20
10004780:	2601      	movs	r6, #1
10004782:	404b      	eors	r3, r1
10004784:	d409      	bmi.n	1000479a <__aeabi_dfcmple_guts+0x44>
10004786:	404b      	eors	r3, r1
10004788:	d503      	bpl.n	10004792 <__aeabi_dfcmple_guts+0x3c>
1000478a:	428b      	cmp	r3, r1
1000478c:	d100      	bne.n	10004790 <__aeabi_dfcmple_guts+0x3a>
1000478e:	4282      	cmp	r2, r0
10004790:	bdff      	pop	{r0, r1, r2, r3, r4, r5, r6, r7, pc}
10004792:	4299      	cmp	r1, r3
10004794:	d1fc      	bne.n	10004790 <__aeabi_dfcmple_guts+0x3a>
10004796:	4290      	cmp	r0, r2
10004798:	bdff      	pop	{r0, r1, r2, r3, r4, r5, r6, r7, pc}
1000479a:	430b      	orrs	r3, r1
1000479c:	18db      	adds	r3, r3, r3
1000479e:	4303      	orrs	r3, r0
100047a0:	4313      	orrs	r3, r2
100047a2:	d0f5      	beq.n	10004790 <__aeabi_dfcmple_guts+0x3a>
100047a4:	43c9      	mvns	r1, r1
100047a6:	1849      	adds	r1, r1, r1
100047a8:	bdff      	pop	{r0, r1, r2, r3, r4, r5, r6, r7, pc}
100047aa:	0000      	.short	0x0000
100047ac:	000007ff 	.word	0x000007ff

100047b0 <__wrap___aeabi_dcmplt>:
100047b0:	b500      	push	{lr}
100047b2:	f7ff ffcf 	bl	10004754 <__wrap___aeabi_cdcmpeq>
100047b6:	4180      	sbcs	r0, r0
100047b8:	bd00      	pop	{pc}
100047ba:	46c0      	nop			; (mov r8, r8)

100047bc <__wrap___aeabi_dcmple>:
100047bc:	b500      	push	{lr}
100047be:	f7ff ffc9 	bl	10004754 <__wrap___aeabi_cdcmpeq>
100047c2:	d901      	bls.n	100047c8 <__wrap___aeabi_dcmple+0xc>
100047c4:	2000      	movs	r0, #0
100047c6:	bd00      	pop	{pc}
100047c8:	2001      	movs	r0, #1
100047ca:	bd00      	pop	{pc}

100047cc <__wrap___aeabi_dcmpge>:
100047cc:	b500      	push	{lr}
100047ce:	f7ff ffb9 	bl	10004744 <__wrap___aeabi_cdrcmple>
100047d2:	d901      	bls.n	100047d8 <__wrap___aeabi_dcmpge+0xc>
100047d4:	2000      	movs	r0, #0
100047d6:	bd00      	pop	{pc}
100047d8:	2001      	movs	r0, #1
100047da:	bd00      	pop	{pc}

100047dc <__wrap___aeabi_dcmpgt>:
100047dc:	b500      	push	{lr}
100047de:	f7ff ffb1 	bl	10004744 <__wrap___aeabi_cdrcmple>
100047e2:	4180      	sbcs	r0, r0
100047e4:	bd00      	pop	{pc}

100047e6 <__wrap___aeabi_dcmpun>:
100047e6:	2001      	movs	r0, #1
100047e8:	0540      	lsls	r0, r0, #21
100047ea:	004a      	lsls	r2, r1, #1
100047ec:	1812      	adds	r2, r2, r0
100047ee:	d804      	bhi.n	100047fa <__wrap___aeabi_dcmpun+0x14>
100047f0:	005a      	lsls	r2, r3, #1
100047f2:	1812      	adds	r2, r2, r0
100047f4:	d801      	bhi.n	100047fa <__wrap___aeabi_dcmpun+0x14>
100047f6:	2000      	movs	r0, #0
100047f8:	4770      	bx	lr
100047fa:	2001      	movs	r0, #1
100047fc:	4770      	bx	lr
100047fe:	2000      	movs	r0, #0
10004800:	4770      	bx	lr
	...

10004804 <__wrap___aeabi_ui2d>:
10004804:	2100      	movs	r1, #0
10004806:	2800      	cmp	r0, #0
10004808:	d105      	bne.n	10004816 <__wrap___aeabi_i2d+0xa>
1000480a:	4770      	bx	lr

1000480c <__wrap___aeabi_i2d>:
1000480c:	17c1      	asrs	r1, r0, #31
1000480e:	4048      	eors	r0, r1
10004810:	1a40      	subs	r0, r0, r1
10004812:	d0fa      	beq.n	1000480a <__wrap___aeabi_ui2d+0x6>
10004814:	07c9      	lsls	r1, r1, #31
10004816:	b513      	push	{r0, r1, r4, lr}
10004818:	4b06      	ldr	r3, [pc, #24]	; (10004834 <__wrap___aeabi_i2d+0x28>)
1000481a:	681b      	ldr	r3, [r3, #0]
1000481c:	4798      	blx	r3
1000481e:	bc0c      	pop	{r2, r3}
10004820:	1c44      	adds	r4, r0, #1
10004822:	40a2      	lsls	r2, r4
10004824:	0510      	lsls	r0, r2, #20
10004826:	0b12      	lsrs	r2, r2, #12
10004828:	4903      	ldr	r1, [pc, #12]	; (10004838 <__wrap___aeabi_i2d+0x2c>)
1000482a:	1b09      	subs	r1, r1, r4
1000482c:	0509      	lsls	r1, r1, #20
1000482e:	4319      	orrs	r1, r3
10004830:	4311      	orrs	r1, r2
10004832:	bd10      	pop	{r4, pc}
10004834:	20001dbc 	.word	0x20001dbc
10004838:	0000041f 	.word	0x0000041f

1000483c <__wrap___aeabi_d2iz>:
1000483c:	b510      	push	{r4, lr}
1000483e:	004c      	lsls	r4, r1, #1
10004840:	0d62      	lsrs	r2, r4, #21
10004842:	2380      	movs	r3, #128	; 0x80
10004844:	18d2      	adds	r2, r2, r3
10004846:	00db      	lsls	r3, r3, #3
10004848:	1ad2      	subs	r2, r2, r3
1000484a:	055b      	lsls	r3, r3, #21
1000484c:	2a7e      	cmp	r2, #126	; 0x7e
1000484e:	dd10      	ble.n	10004872 <__wrap___aeabi_d2iz+0x36>
10004850:	3a9e      	subs	r2, #158	; 0x9e
10004852:	da13      	bge.n	1000487c <__wrap___aeabi_d2iz+0x40>
10004854:	17cc      	asrs	r4, r1, #31
10004856:	0309      	lsls	r1, r1, #12
10004858:	0849      	lsrs	r1, r1, #1
1000485a:	4319      	orrs	r1, r3
1000485c:	4252      	negs	r2, r2
1000485e:	40d1      	lsrs	r1, r2
10004860:	0064      	lsls	r4, r4, #1
10004862:	3401      	adds	r4, #1
10004864:	3215      	adds	r2, #21
10004866:	2a20      	cmp	r2, #32
10004868:	da05      	bge.n	10004876 <__wrap___aeabi_d2iz+0x3a>
1000486a:	40d0      	lsrs	r0, r2
1000486c:	4308      	orrs	r0, r1
1000486e:	4360      	muls	r0, r4
10004870:	bd10      	pop	{r4, pc}
10004872:	2000      	movs	r0, #0
10004874:	bd10      	pop	{r4, pc}
10004876:	4608      	mov	r0, r1
10004878:	4360      	muls	r0, r4
1000487a:	bd10      	pop	{r4, pc}
1000487c:	0fc8      	lsrs	r0, r1, #31
1000487e:	18c0      	adds	r0, r0, r3
10004880:	3801      	subs	r0, #1
10004882:	bd10      	pop	{r4, pc}

10004884 <__wrap___aeabi_d2uiz>:
10004884:	b418      	push	{r3, r4}
10004886:	4b04      	ldr	r3, [pc, #16]	; (10004898 <__wrap___aeabi_d2uiz+0x14>)
10004888:	6a5b      	ldr	r3, [r3, #36]	; 0x24
1000488a:	46fc      	mov	ip, pc
1000488c:	9301      	str	r3, [sp, #4]
1000488e:	bd08      	pop	{r3, pc}
10004890:	4dd5df24 	.word	0x4dd5df24
10004894:	00001000 	.word	0x00001000
10004898:	200010d0 	.word	0x200010d0

1000489c <__aeabi_double_init>:
1000489c:	2313      	movs	r3, #19
1000489e:	b570      	push	{r4, r5, r6, lr}
100048a0:	781d      	ldrb	r5, [r3, #0]
100048a2:	2d01      	cmp	r5, #1
100048a4:	d015      	beq.n	100048d2 <__aeabi_double_init+0x36>
100048a6:	dd10      	ble.n	100048ca <__aeabi_double_init+0x2e>
100048a8:	481c      	ldr	r0, [pc, #112]	; (1000491c <__aeabi_double_init+0x80>)
100048aa:	f7ff fc81 	bl	100041b0 <rom_data_lookup>
100048ae:	4c1c      	ldr	r4, [pc, #112]	; (10004920 <__aeabi_double_init+0x84>)
100048b0:	0001      	movs	r1, r0
100048b2:	2280      	movs	r2, #128	; 0x80
100048b4:	0020      	movs	r0, r4
100048b6:	f000 fb5b 	bl	10004f70 <__wrap___aeabi_memcpy>
100048ba:	2d02      	cmp	r5, #2
100048bc:	d006      	beq.n	100048cc <__aeabi_double_init+0x30>
100048be:	4819      	ldr	r0, [pc, #100]	; (10004924 <__aeabi_double_init+0x88>)
100048c0:	f7ff fc6e 	bl	100041a0 <rom_func_lookup>
100048c4:	4b18      	ldr	r3, [pc, #96]	; (10004928 <__aeabi_double_init+0x8c>)
100048c6:	6018      	str	r0, [r3, #0]
100048c8:	bd70      	pop	{r4, r5, r6, pc}
100048ca:	4c15      	ldr	r4, [pc, #84]	; (10004920 <__aeabi_double_init+0x84>)
100048cc:	4b17      	ldr	r3, [pc, #92]	; (1000492c <__aeabi_double_init+0x90>)
100048ce:	64a3      	str	r3, [r4, #72]	; 0x48
100048d0:	e7f5      	b.n	100048be <__aeabi_double_init+0x22>
100048d2:	4b16      	ldr	r3, [pc, #88]	; (1000492c <__aeabi_double_init+0x90>)
100048d4:	4c12      	ldr	r4, [pc, #72]	; (10004920 <__aeabi_double_init+0x84>)
100048d6:	6023      	str	r3, [r4, #0]
100048d8:	6063      	str	r3, [r4, #4]
100048da:	60a3      	str	r3, [r4, #8]
100048dc:	60e3      	str	r3, [r4, #12]
100048de:	6123      	str	r3, [r4, #16]
100048e0:	6163      	str	r3, [r4, #20]
100048e2:	61a3      	str	r3, [r4, #24]
100048e4:	61e3      	str	r3, [r4, #28]
100048e6:	6223      	str	r3, [r4, #32]
100048e8:	6263      	str	r3, [r4, #36]	; 0x24
100048ea:	62a3      	str	r3, [r4, #40]	; 0x28
100048ec:	62e3      	str	r3, [r4, #44]	; 0x2c
100048ee:	6323      	str	r3, [r4, #48]	; 0x30
100048f0:	6363      	str	r3, [r4, #52]	; 0x34
100048f2:	63a3      	str	r3, [r4, #56]	; 0x38
100048f4:	63e3      	str	r3, [r4, #60]	; 0x3c
100048f6:	6423      	str	r3, [r4, #64]	; 0x40
100048f8:	6463      	str	r3, [r4, #68]	; 0x44
100048fa:	64a3      	str	r3, [r4, #72]	; 0x48
100048fc:	64e3      	str	r3, [r4, #76]	; 0x4c
100048fe:	6523      	str	r3, [r4, #80]	; 0x50
10004900:	6563      	str	r3, [r4, #84]	; 0x54
10004902:	65a3      	str	r3, [r4, #88]	; 0x58
10004904:	65e3      	str	r3, [r4, #92]	; 0x5c
10004906:	6623      	str	r3, [r4, #96]	; 0x60
10004908:	6663      	str	r3, [r4, #100]	; 0x64
1000490a:	66a3      	str	r3, [r4, #104]	; 0x68
1000490c:	66e3      	str	r3, [r4, #108]	; 0x6c
1000490e:	6723      	str	r3, [r4, #112]	; 0x70
10004910:	6763      	str	r3, [r4, #116]	; 0x74
10004912:	67a3      	str	r3, [r4, #120]	; 0x78
10004914:	67e3      	str	r3, [r4, #124]	; 0x7c
10004916:	64a3      	str	r3, [r4, #72]	; 0x48
10004918:	e7d1      	b.n	100048be <__aeabi_double_init+0x22>
1000491a:	46c0      	nop			; (mov r8, r8)
1000491c:	00004453 	.word	0x00004453
10004920:	200010d0 	.word	0x200010d0
10004924:	0000334c 	.word	0x0000334c
10004928:	20001dbc 	.word	0x20001dbc
1000492c:	10004931 	.word	0x10004931

10004930 <double_table_shim_on_use_helper>:
10004930:	b507      	push	{r0, r1, r2, lr}
10004932:	4660      	mov	r0, ip
10004934:	8801      	ldrh	r1, [r0, #0]
10004936:	0a0a      	lsrs	r2, r1, #8
10004938:	3002      	adds	r0, #2
1000493a:	2adf      	cmp	r2, #223	; 0xdf
1000493c:	d1fa      	bne.n	10004934 <double_table_shim_on_use_helper+0x4>
1000493e:	b2c9      	uxtb	r1, r1
10004940:	0882      	lsrs	r2, r0, #2
10004942:	d304      	bcc.n	1000494e <double_table_shim_on_use_helper+0x1e>
10004944:	8802      	ldrh	r2, [r0, #0]
10004946:	8840      	ldrh	r0, [r0, #2]
10004948:	0400      	lsls	r0, r0, #16
1000494a:	4310      	orrs	r0, r2
1000494c:	e000      	b.n	10004950 <double_table_shim_on_use_helper+0x20>
1000494e:	6800      	ldr	r0, [r0, #0]
10004950:	4a01      	ldr	r2, [pc, #4]	; (10004958 <double_table_shim_on_use_helper+0x28>)
10004952:	5050      	str	r0, [r2, r1]
10004954:	9003      	str	r0, [sp, #12]
10004956:	bd07      	pop	{r0, r1, r2, pc}
10004958:	200010d0 	.word	0x200010d0

1000495c <drsub_shim>:
1000495c:	b40f      	push	{r0, r1, r2, r3}
1000495e:	bc03      	pop	{r0, r1}
10004960:	bc0c      	pop	{r2, r3}

10004962 <dsub_shim>:
10004962:	b5f0      	push	{r4, r5, r6, r7, lr}
10004964:	2401      	movs	r4, #1
10004966:	07e4      	lsls	r4, r4, #31
10004968:	4063      	eors	r3, r4
1000496a:	e000      	b.n	1000496e <da_entry>

1000496c <dadd_shim>:
1000496c:	b5f0      	push	{r4, r5, r6, r7, lr}

1000496e <da_entry>:
1000496e:	0d0c      	lsrs	r4, r1, #20
10004970:	0fcf      	lsrs	r7, r1, #31
10004972:	1e66      	subs	r6, r4, #1
10004974:	0536      	lsls	r6, r6, #20
10004976:	1b89      	subs	r1, r1, r6
10004978:	0564      	lsls	r4, r4, #21
1000497a:	d303      	bcc.n	10004984 <l8_1>
1000497c:	43c9      	mvns	r1, r1
1000497e:	4240      	negs	r0, r0
10004980:	d300      	bcc.n	10004984 <l8_1>
10004982:	3101      	adds	r1, #1

10004984 <l8_1>:
10004984:	0d64      	lsrs	r4, r4, #21
10004986:	d003      	beq.n	10004990 <l8_2>
10004988:	1c66      	adds	r6, r4, #1
1000498a:	0af6      	lsrs	r6, r6, #11
1000498c:	d007      	beq.n	1000499e <l8_3>
1000498e:	1be4      	subs	r4, r4, r7

10004990 <l8_2>:
10004990:	2000      	movs	r0, #0
10004992:	007f      	lsls	r7, r7, #1
10004994:	1c79      	adds	r1, r7, #1
10004996:	0789      	lsls	r1, r1, #30
10004998:	1289      	asrs	r1, r1, #10
1000499a:	3c80      	subs	r4, #128	; 0x80
1000499c:	0324      	lsls	r4, r4, #12

1000499e <l8_3>:
1000499e:	0d1d      	lsrs	r5, r3, #20
100049a0:	0fdf      	lsrs	r7, r3, #31
100049a2:	1e6e      	subs	r6, r5, #1
100049a4:	0536      	lsls	r6, r6, #20
100049a6:	1b9b      	subs	r3, r3, r6
100049a8:	056d      	lsls	r5, r5, #21
100049aa:	d303      	bcc.n	100049b4 <l9_1>
100049ac:	43db      	mvns	r3, r3
100049ae:	4252      	negs	r2, r2
100049b0:	d300      	bcc.n	100049b4 <l9_1>
100049b2:	3301      	adds	r3, #1

100049b4 <l9_1>:
100049b4:	0d6d      	lsrs	r5, r5, #21
100049b6:	d003      	beq.n	100049c0 <l9_2>
100049b8:	1c6e      	adds	r6, r5, #1
100049ba:	0af6      	lsrs	r6, r6, #11
100049bc:	d007      	beq.n	100049ce <l9_3>
100049be:	1bed      	subs	r5, r5, r7

100049c0 <l9_2>:
100049c0:	2200      	movs	r2, #0
100049c2:	007f      	lsls	r7, r7, #1
100049c4:	1c7b      	adds	r3, r7, #1
100049c6:	079b      	lsls	r3, r3, #30
100049c8:	129b      	asrs	r3, r3, #10
100049ca:	3d80      	subs	r5, #128	; 0x80
100049cc:	032d      	lsls	r5, r5, #12

100049ce <l9_3>:
100049ce:	1b2f      	subs	r7, r5, r4
100049d0:	1b66      	subs	r6, r4, r5
100049d2:	d458      	bmi.n	10004a86 <da_ygtx>
100049d4:	46a4      	mov	ip, r4
100049d6:	2e20      	cmp	r6, #32
100049d8:	da46      	bge.n	10004a68 <da_xrgty>
100049da:	3720      	adds	r7, #32
100049dc:	0014      	movs	r4, r2
100049de:	40bc      	lsls	r4, r7

100049e0 <da_xgty0>:
100049e0:	001d      	movs	r5, r3
100049e2:	40bd      	lsls	r5, r7
100049e4:	40f2      	lsrs	r2, r6
100049e6:	4133      	asrs	r3, r6
100049e8:	432a      	orrs	r2, r5

100049ea <da_add>:
100049ea:	1880      	adds	r0, r0, r2
100049ec:	4159      	adcs	r1, r3

100049ee <da_pack>:
100049ee:	0fcb      	lsrs	r3, r1, #31
100049f0:	d005      	beq.n	100049fe <da_pack+0x10>
100049f2:	43c9      	mvns	r1, r1
100049f4:	43c0      	mvns	r0, r0
100049f6:	2200      	movs	r2, #0
100049f8:	4264      	negs	r4, r4
100049fa:	4150      	adcs	r0, r2
100049fc:	4151      	adcs	r1, r2
100049fe:	4662      	mov	r2, ip
10004a00:	0d4d      	lsrs	r5, r1, #21
10004a02:	d128      	bne.n	10004a56 <da_0>
10004a04:	0d0d      	lsrs	r5, r1, #20
10004a06:	d107      	bne.n	10004a18 <da_1>
10004a08:	2800      	cmp	r0, #0
10004a0a:	d01f      	beq.n	10004a4c <da_5>

10004a0c <da_2>:
10004a0c:	1924      	adds	r4, r4, r4
10004a0e:	4140      	adcs	r0, r0
10004a10:	4149      	adcs	r1, r1
10004a12:	3a01      	subs	r2, #1
10004a14:	0d0d      	lsrs	r5, r1, #20
10004a16:	d0f9      	beq.n	10004a0c <da_2>

10004a18 <da_1>:
10004a18:	0064      	lsls	r4, r4, #1
10004a1a:	d306      	bcc.n	10004a2a <da_3>

10004a1c <da_4>:
10004a1c:	3001      	adds	r0, #1
10004a1e:	d300      	bcc.n	10004a22 <da_4+0x6>
10004a20:	3101      	adds	r1, #1
10004a22:	2c00      	cmp	r4, #0
10004a24:	d101      	bne.n	10004a2a <da_3>
10004a26:	0840      	lsrs	r0, r0, #1
10004a28:	0040      	lsls	r0, r0, #1

10004a2a <da_3>:
10004a2a:	3a01      	subs	r2, #1
10004a2c:	d40b      	bmi.n	10004a46 <da_6>
10004a2e:	1c94      	adds	r4, r2, #2
10004a30:	0ae4      	lsrs	r4, r4, #11
10004a32:	d104      	bne.n	10004a3e <da_7>
10004a34:	0512      	lsls	r2, r2, #20
10004a36:	4411      	add	r1, r2
10004a38:	07db      	lsls	r3, r3, #31
10004a3a:	4419      	add	r1, r3
10004a3c:	bdf0      	pop	{r4, r5, r6, r7, pc}

10004a3e <da_7>:
10004a3e:	07d9      	lsls	r1, r3, #31
10004a40:	4b20      	ldr	r3, [pc, #128]	; (10004ac4 <da_xmgty+0x4>)
10004a42:	4319      	orrs	r1, r3
10004a44:	e000      	b.n	10004a48 <da_6+0x2>

10004a46 <da_6>:
10004a46:	07d9      	lsls	r1, r3, #31
10004a48:	2000      	movs	r0, #0
10004a4a:	bdf0      	pop	{r4, r5, r6, r7, pc}

10004a4c <da_5>:
10004a4c:	2900      	cmp	r1, #0
10004a4e:	d1dd      	bne.n	10004a0c <da_2>
10004a50:	2c00      	cmp	r4, #0
10004a52:	d1db      	bne.n	10004a0c <da_2>
10004a54:	bdf0      	pop	{r4, r5, r6, r7, pc}

10004a56 <da_0>:
10004a56:	3201      	adds	r2, #1
10004a58:	07c6      	lsls	r6, r0, #31
10004a5a:	0840      	lsrs	r0, r0, #1
10004a5c:	07cd      	lsls	r5, r1, #31
10004a5e:	4328      	orrs	r0, r5
10004a60:	0849      	lsrs	r1, r1, #1
10004a62:	2e00      	cmp	r6, #0
10004a64:	d0e1      	beq.n	10004a2a <da_3>
10004a66:	e7d9      	b.n	10004a1c <da_4>

10004a68 <da_xrgty>:
10004a68:	2e3c      	cmp	r6, #60	; 0x3c
10004a6a:	da29      	bge.n	10004ac0 <da_xmgty>
10004a6c:	3e20      	subs	r6, #32
10004a6e:	3740      	adds	r7, #64	; 0x40
10004a70:	0014      	movs	r4, r2
10004a72:	40bc      	lsls	r4, r7
10004a74:	d000      	beq.n	10004a78 <da_xrgty+0x10>
10004a76:	2401      	movs	r4, #1
10004a78:	40f2      	lsrs	r2, r6
10004a7a:	4314      	orrs	r4, r2
10004a7c:	001a      	movs	r2, r3
10004a7e:	40bb      	lsls	r3, r7
10004a80:	431c      	orrs	r4, r3
10004a82:	17d3      	asrs	r3, r2, #31
10004a84:	e7ac      	b.n	100049e0 <da_xgty0>

10004a86 <da_ygtx>:
10004a86:	46ac      	mov	ip, r5
10004a88:	2f20      	cmp	r7, #32
10004a8a:	da08      	bge.n	10004a9e <da_yrgtx>
10004a8c:	3620      	adds	r6, #32
10004a8e:	0004      	movs	r4, r0
10004a90:	40b4      	lsls	r4, r6

10004a92 <da_ygtx0>:
10004a92:	000d      	movs	r5, r1
10004a94:	40b5      	lsls	r5, r6
10004a96:	40f8      	lsrs	r0, r7
10004a98:	4139      	asrs	r1, r7
10004a9a:	4328      	orrs	r0, r5
10004a9c:	e7a5      	b.n	100049ea <da_add>

10004a9e <da_yrgtx>:
10004a9e:	2f3c      	cmp	r7, #60	; 0x3c
10004aa0:	da0c      	bge.n	10004abc <da_ymgtx>
10004aa2:	3f20      	subs	r7, #32
10004aa4:	3640      	adds	r6, #64	; 0x40
10004aa6:	0004      	movs	r4, r0
10004aa8:	40b4      	lsls	r4, r6
10004aaa:	d000      	beq.n	10004aae <da_yrgtx+0x10>
10004aac:	2401      	movs	r4, #1
10004aae:	40f8      	lsrs	r0, r7
10004ab0:	4304      	orrs	r4, r0
10004ab2:	0008      	movs	r0, r1
10004ab4:	40b1      	lsls	r1, r6
10004ab6:	430c      	orrs	r4, r1
10004ab8:	17c1      	asrs	r1, r0, #31
10004aba:	e7ea      	b.n	10004a92 <da_ygtx0>

10004abc <da_ymgtx>:
10004abc:	0010      	movs	r0, r2
10004abe:	0019      	movs	r1, r3

10004ac0 <da_xmgty>:
10004ac0:	2400      	movs	r4, #0
10004ac2:	e794      	b.n	100049ee <da_pack>
10004ac4:	7ff00000 	.word	0x7ff00000

10004ac8 <dmul_shim>:
10004ac8:	b5f0      	push	{r4, r5, r6, r7, lr}
10004aca:	0d0c      	lsrs	r4, r1, #20
10004acc:	1e66      	subs	r6, r4, #1
10004ace:	0536      	lsls	r6, r6, #20
10004ad0:	1b89      	subs	r1, r1, r6
10004ad2:	0ae6      	lsrs	r6, r4, #11
10004ad4:	0564      	lsls	r4, r4, #21
10004ad6:	0d64      	lsrs	r4, r4, #21
10004ad8:	d002      	beq.n	10004ae0 <l12_1>
10004ada:	1c65      	adds	r5, r4, #1
10004adc:	0aed      	lsrs	r5, r5, #11
10004ade:	d004      	beq.n	10004aea <l12_2>

10004ae0 <l12_1>:
10004ae0:	2000      	movs	r0, #0
10004ae2:	2101      	movs	r1, #1
10004ae4:	0509      	lsls	r1, r1, #20
10004ae6:	3c80      	subs	r4, #128	; 0x80
10004ae8:	0324      	lsls	r4, r4, #12

10004aea <l12_2>:
10004aea:	46a4      	mov	ip, r4
10004aec:	0d1c      	lsrs	r4, r3, #20
10004aee:	1e67      	subs	r7, r4, #1
10004af0:	053f      	lsls	r7, r7, #20
10004af2:	1bdb      	subs	r3, r3, r7
10004af4:	0ae7      	lsrs	r7, r4, #11
10004af6:	0564      	lsls	r4, r4, #21
10004af8:	0d64      	lsrs	r4, r4, #21
10004afa:	d002      	beq.n	10004b02 <l13_1>
10004afc:	1c65      	adds	r5, r4, #1
10004afe:	0aed      	lsrs	r5, r5, #11
10004b00:	d004      	beq.n	10004b0c <l13_2>

10004b02 <l13_1>:
10004b02:	2200      	movs	r2, #0
10004b04:	2301      	movs	r3, #1
10004b06:	051b      	lsls	r3, r3, #20
10004b08:	3c80      	subs	r4, #128	; 0x80
10004b0a:	0324      	lsls	r4, r4, #12

10004b0c <l13_2>:
10004b0c:	4077      	eors	r7, r6
10004b0e:	4464      	add	r4, ip
10004b10:	b497      	push	{r0, r1, r2, r4, r7}
10004b12:	b284      	uxth	r4, r0
10004b14:	b296      	uxth	r6, r2
10004b16:	4374      	muls	r4, r6
10004b18:	0c07      	lsrs	r7, r0, #16
10004b1a:	437e      	muls	r6, r7
10004b1c:	0c15      	lsrs	r5, r2, #16
10004b1e:	436f      	muls	r7, r5
10004b20:	b280      	uxth	r0, r0
10004b22:	4368      	muls	r0, r5
10004b24:	1836      	adds	r6, r6, r0
10004b26:	d302      	bcc.n	10004b2e <l14_1>
10004b28:	2001      	movs	r0, #1
10004b2a:	0400      	lsls	r0, r0, #16
10004b2c:	183f      	adds	r7, r7, r0

10004b2e <l14_1>:
10004b2e:	0430      	lsls	r0, r6, #16
10004b30:	0c35      	lsrs	r5, r6, #16
10004b32:	1900      	adds	r0, r0, r4
10004b34:	417d      	adcs	r5, r7
10004b36:	4684      	mov	ip, r0
10004b38:	b288      	uxth	r0, r1
10004b3a:	b29a      	uxth	r2, r3
10004b3c:	4350      	muls	r0, r2
10004b3e:	0c0c      	lsrs	r4, r1, #16
10004b40:	4362      	muls	r2, r4
10004b42:	0c1f      	lsrs	r7, r3, #16
10004b44:	437c      	muls	r4, r7
10004b46:	b28e      	uxth	r6, r1
10004b48:	437e      	muls	r6, r7
10004b4a:	1992      	adds	r2, r2, r6
10004b4c:	d302      	bcc.n	10004b54 <l15_1>
10004b4e:	2601      	movs	r6, #1
10004b50:	0436      	lsls	r6, r6, #16
10004b52:	19a4      	adds	r4, r4, r6

10004b54 <l15_1>:
10004b54:	0416      	lsls	r6, r2, #16
10004b56:	0c17      	lsrs	r7, r2, #16
10004b58:	1836      	adds	r6, r6, r0
10004b5a:	4167      	adcs	r7, r4
10004b5c:	bc01      	pop	{r0}
10004b5e:	b281      	uxth	r1, r0
10004b60:	b29a      	uxth	r2, r3
10004b62:	4351      	muls	r1, r2
10004b64:	0c04      	lsrs	r4, r0, #16
10004b66:	4362      	muls	r2, r4
10004b68:	0c1b      	lsrs	r3, r3, #16
10004b6a:	435c      	muls	r4, r3
10004b6c:	b280      	uxth	r0, r0
10004b6e:	4358      	muls	r0, r3
10004b70:	1812      	adds	r2, r2, r0
10004b72:	d302      	bcc.n	10004b7a <l16_1>
10004b74:	2001      	movs	r0, #1
10004b76:	0400      	lsls	r0, r0, #16
10004b78:	1824      	adds	r4, r4, r0

10004b7a <l16_1>:
10004b7a:	0410      	lsls	r0, r2, #16
10004b7c:	0c13      	lsrs	r3, r2, #16
10004b7e:	1840      	adds	r0, r0, r1
10004b80:	4163      	adcs	r3, r4
10004b82:	182d      	adds	r5, r5, r0
10004b84:	415e      	adcs	r6, r3
10004b86:	2000      	movs	r0, #0
10004b88:	4147      	adcs	r7, r0
10004b8a:	bc06      	pop	{r1, r2}
10004b8c:	b288      	uxth	r0, r1
10004b8e:	b293      	uxth	r3, r2
10004b90:	4358      	muls	r0, r3
10004b92:	0c0c      	lsrs	r4, r1, #16
10004b94:	4363      	muls	r3, r4
10004b96:	0c12      	lsrs	r2, r2, #16
10004b98:	4354      	muls	r4, r2
10004b9a:	b289      	uxth	r1, r1
10004b9c:	4351      	muls	r1, r2
10004b9e:	185b      	adds	r3, r3, r1
10004ba0:	d302      	bcc.n	10004ba8 <l17_1>
10004ba2:	2101      	movs	r1, #1
10004ba4:	0409      	lsls	r1, r1, #16
10004ba6:	1864      	adds	r4, r4, r1

10004ba8 <l17_1>:
10004ba8:	0419      	lsls	r1, r3, #16
10004baa:	0c1a      	lsrs	r2, r3, #16
10004bac:	1809      	adds	r1, r1, r0
10004bae:	4162      	adcs	r2, r4
10004bb0:	186d      	adds	r5, r5, r1
10004bb2:	4156      	adcs	r6, r2
10004bb4:	2000      	movs	r0, #0
10004bb6:	4147      	adcs	r7, r0
10004bb8:	bc18      	pop	{r3, r4}
10004bba:	02f9      	lsls	r1, r7, #11
10004bbc:	0d72      	lsrs	r2, r6, #21
10004bbe:	4311      	orrs	r1, r2
10004bc0:	02f0      	lsls	r0, r6, #11
10004bc2:	0d6a      	lsrs	r2, r5, #21
10004bc4:	4310      	orrs	r0, r2
10004bc6:	02ed      	lsls	r5, r5, #11
10004bc8:	0d0a      	lsrs	r2, r1, #20
10004bca:	d103      	bne.n	10004bd4 <l17_1+0x2c>
10004bcc:	196d      	adds	r5, r5, r5
10004bce:	4140      	adcs	r0, r0
10004bd0:	4149      	adcs	r1, r1
10004bd2:	3b01      	subs	r3, #1
10004bd4:	4e12      	ldr	r6, [pc, #72]	; (10004c20 <dm_1+0xa>)
10004bd6:	1b9b      	subs	r3, r3, r6
10004bd8:	0076      	lsls	r6, r6, #1
10004bda:	42b3      	cmp	r3, r6
10004bdc:	d20e      	bcs.n	10004bfc <dm_0>
10004bde:	006d      	lsls	r5, r5, #1
10004be0:	d307      	bcc.n	10004bf2 <l17_1+0x4a>
10004be2:	3001      	adds	r0, #1
10004be4:	2600      	movs	r6, #0
10004be6:	4171      	adcs	r1, r6
10004be8:	4666      	mov	r6, ip
10004bea:	4335      	orrs	r5, r6
10004bec:	d101      	bne.n	10004bf2 <l17_1+0x4a>
10004bee:	0840      	lsrs	r0, r0, #1
10004bf0:	0040      	lsls	r0, r0, #1
10004bf2:	051b      	lsls	r3, r3, #20
10004bf4:	18c9      	adds	r1, r1, r3

10004bf6 <dm_2>:
10004bf6:	07e4      	lsls	r4, r4, #31
10004bf8:	4421      	add	r1, r4
10004bfa:	bdf0      	pop	{r4, r5, r6, r7, pc}

10004bfc <dm_0>:
10004bfc:	da0b      	bge.n	10004c16 <dm_1>
10004bfe:	3301      	adds	r3, #1
10004c00:	d106      	bne.n	10004c10 <dm_0+0x14>
10004c02:	3001      	adds	r0, #1
10004c04:	d104      	bne.n	10004c10 <dm_0+0x14>
10004c06:	3101      	adds	r1, #1
10004c08:	0d4f      	lsrs	r7, r1, #21
10004c0a:	d001      	beq.n	10004c10 <dm_0+0x14>
10004c0c:	0849      	lsrs	r1, r1, #1
10004c0e:	e7f2      	b.n	10004bf6 <dm_2>
10004c10:	07e1      	lsls	r1, r4, #31
10004c12:	2000      	movs	r0, #0
10004c14:	bdf0      	pop	{r4, r5, r6, r7, pc}

10004c16 <dm_1>:
10004c16:	3601      	adds	r6, #1
10004c18:	0531      	lsls	r1, r6, #20
10004c1a:	2000      	movs	r0, #0
10004c1c:	e7eb      	b.n	10004bf6 <dm_2>
10004c1e:	0000      	.short	0x0000
10004c20:	000003ff 	.word	0x000003ff

10004c24 <ddiv_shim>:
10004c24:	b5f0      	push	{r4, r5, r6, r7, lr}

10004c26 <ddiv0>:
10004c26:	0d1c      	lsrs	r4, r3, #20
10004c28:	1e67      	subs	r7, r4, #1
10004c2a:	053f      	lsls	r7, r7, #20
10004c2c:	1bdb      	subs	r3, r3, r7
10004c2e:	0ae7      	lsrs	r7, r4, #11
10004c30:	0564      	lsls	r4, r4, #21
10004c32:	0d64      	lsrs	r4, r4, #21
10004c34:	d002      	beq.n	10004c3c <l20_1>
10004c36:	1c66      	adds	r6, r4, #1
10004c38:	0af6      	lsrs	r6, r6, #11
10004c3a:	d004      	beq.n	10004c46 <l20_2>

10004c3c <l20_1>:
10004c3c:	2200      	movs	r2, #0
10004c3e:	2301      	movs	r3, #1
10004c40:	051b      	lsls	r3, r3, #20
10004c42:	3c80      	subs	r4, #128	; 0x80
10004c44:	0324      	lsls	r4, r4, #12

10004c46 <l20_2>:
10004c46:	25d0      	movs	r5, #208	; 0xd0
10004c48:	062d      	lsls	r5, r5, #24
10004c4a:	2600      	movs	r6, #0
10004c4c:	43f6      	mvns	r6, r6
10004c4e:	662e      	str	r6, [r5, #96]	; 0x60
10004c50:	091e      	lsrs	r6, r3, #4
10004c52:	666e      	str	r6, [r5, #100]	; 0x64
10004c54:	0fce      	lsrs	r6, r1, #31
10004c56:	19f6      	adds	r6, r6, r7
10004c58:	46b4      	mov	ip, r6
10004c5a:	0049      	lsls	r1, r1, #1
10004c5c:	0d4f      	lsrs	r7, r1, #21
10004c5e:	d002      	beq.n	10004c66 <l20_2+0x20>
10004c60:	1c7e      	adds	r6, r7, #1
10004c62:	0af6      	lsrs	r6, r6, #11
10004c64:	d003      	beq.n	10004c6e <l20_2+0x28>
10004c66:	2000      	movs	r0, #0
10004c68:	2100      	movs	r1, #0
10004c6a:	3f40      	subs	r7, #64	; 0x40
10004c6c:	033f      	lsls	r7, r7, #12
10004c6e:	1b3e      	subs	r6, r7, r4
10004c70:	00b6      	lsls	r6, r6, #2
10004c72:	44b4      	add	ip, r6
10004c74:	3f01      	subs	r7, #1
10004c76:	057f      	lsls	r7, r7, #21
10004c78:	1bc9      	subs	r1, r1, r7
10004c7a:	0849      	lsrs	r1, r1, #1
10004c7c:	6f2e      	ldr	r6, [r5, #112]	; 0x70
10004c7e:	3601      	adds	r6, #1
10004c80:	0876      	lsrs	r6, r6, #1
10004c82:	029c      	lsls	r4, r3, #10
10004c84:	0d95      	lsrs	r5, r2, #22
10004c86:	4325      	orrs	r5, r4
10004c88:	4375      	muls	r5, r6
10004c8a:	13ed      	asrs	r5, r5, #15
10004c8c:	4375      	muls	r5, r6
10004c8e:	13ad      	asrs	r5, r5, #14
10004c90:	3501      	adds	r5, #1
10004c92:	106d      	asrs	r5, r5, #1
10004c94:	03f6      	lsls	r6, r6, #15
10004c96:	1b76      	subs	r6, r6, r5
10004c98:	b40c      	push	{r2, r3}
10004c9a:	02cc      	lsls	r4, r1, #11
10004c9c:	0d45      	lsrs	r5, r0, #21
10004c9e:	432c      	orrs	r4, r5
10004ca0:	b2a2      	uxth	r2, r4
10004ca2:	b2b3      	uxth	r3, r6
10004ca4:	435a      	muls	r2, r3
10004ca6:	0c27      	lsrs	r7, r4, #16
10004ca8:	437b      	muls	r3, r7
10004caa:	0c35      	lsrs	r5, r6, #16
10004cac:	436f      	muls	r7, r5
10004cae:	b2a4      	uxth	r4, r4
10004cb0:	436c      	muls	r4, r5
10004cb2:	191b      	adds	r3, r3, r4
10004cb4:	d302      	bcc.n	10004cbc <l21_1>
10004cb6:	2401      	movs	r4, #1
10004cb8:	0424      	lsls	r4, r4, #16
10004cba:	193f      	adds	r7, r7, r4

10004cbc <l21_1>:
10004cbc:	041c      	lsls	r4, r3, #16
10004cbe:	0c1d      	lsrs	r5, r3, #16
10004cc0:	18a4      	adds	r4, r4, r2
10004cc2:	417d      	adcs	r5, r7
10004cc4:	1924      	adds	r4, r4, r4
10004cc6:	416d      	adcs	r5, r5
10004cc8:	9a00      	ldr	r2, [sp, #0]
10004cca:	b291      	uxth	r1, r2
10004ccc:	b2ac      	uxth	r4, r5
10004cce:	4361      	muls	r1, r4
10004cd0:	0c17      	lsrs	r7, r2, #16
10004cd2:	437c      	muls	r4, r7
10004cd4:	0c2b      	lsrs	r3, r5, #16
10004cd6:	435f      	muls	r7, r3
10004cd8:	b292      	uxth	r2, r2
10004cda:	435a      	muls	r2, r3
10004cdc:	18a4      	adds	r4, r4, r2
10004cde:	d302      	bcc.n	10004ce6 <l22_1>
10004ce0:	2201      	movs	r2, #1
10004ce2:	0412      	lsls	r2, r2, #16
10004ce4:	18bf      	adds	r7, r7, r2

10004ce6 <l22_1>:
10004ce6:	0422      	lsls	r2, r4, #16
10004ce8:	0c23      	lsrs	r3, r4, #16
10004cea:	1852      	adds	r2, r2, r1
10004cec:	417b      	adcs	r3, r7
10004cee:	9c01      	ldr	r4, [sp, #4]
10004cf0:	436c      	muls	r4, r5
10004cf2:	191b      	adds	r3, r3, r4
10004cf4:	0e52      	lsrs	r2, r2, #25
10004cf6:	01d9      	lsls	r1, r3, #7
10004cf8:	430a      	orrs	r2, r1
10004cfa:	0144      	lsls	r4, r0, #5
10004cfc:	1aa0      	subs	r0, r4, r2
10004cfe:	b281      	uxth	r1, r0
10004d00:	b2b2      	uxth	r2, r6
10004d02:	4351      	muls	r1, r2
10004d04:	1403      	asrs	r3, r0, #16
10004d06:	435a      	muls	r2, r3
10004d08:	0c36      	lsrs	r6, r6, #16
10004d0a:	4373      	muls	r3, r6
10004d0c:	b287      	uxth	r7, r0
10004d0e:	4377      	muls	r7, r6
10004d10:	17d6      	asrs	r6, r2, #31
10004d12:	19d2      	adds	r2, r2, r7
10004d14:	2700      	movs	r7, #0
10004d16:	417e      	adcs	r6, r7
10004d18:	0436      	lsls	r6, r6, #16
10004d1a:	199b      	adds	r3, r3, r6
10004d1c:	0417      	lsls	r7, r2, #16
10004d1e:	0c16      	lsrs	r6, r2, #16
10004d20:	187f      	adds	r7, r7, r1
10004d22:	415e      	adcs	r6, r3
10004d24:	1673      	asrs	r3, r6, #25
10004d26:	18ed      	adds	r5, r5, r3
10004d28:	01f3      	lsls	r3, r6, #7
10004d2a:	2600      	movs	r6, #0
10004d2c:	3380      	adds	r3, #128	; 0x80
10004d2e:	4175      	adcs	r5, r6
10004d30:	0fa9      	lsrs	r1, r5, #30
10004d32:	d106      	bne.n	10004d42 <dd_0>
10004d34:	0064      	lsls	r4, r4, #1
10004d36:	0a69      	lsrs	r1, r5, #9
10004d38:	05e8      	lsls	r0, r5, #23
10004d3a:	0a5b      	lsrs	r3, r3, #9
10004d3c:	4318      	orrs	r0, r3
10004d3e:	d209      	bcs.n	10004d54 <dd_1>
10004d40:	e02f      	b.n	10004da2 <dd_2>

10004d42 <dd_0>:
10004d42:	2204      	movs	r2, #4
10004d44:	4494      	add	ip, r2
10004d46:	3380      	adds	r3, #128	; 0x80
10004d48:	4175      	adcs	r5, r6
10004d4a:	0aa9      	lsrs	r1, r5, #10
10004d4c:	05a8      	lsls	r0, r5, #22
10004d4e:	0a9b      	lsrs	r3, r3, #10
10004d50:	4318      	orrs	r0, r3
10004d52:	d326      	bcc.n	10004da2 <dd_2>

10004d54 <dd_1>:
10004d54:	4140      	adcs	r0, r0
10004d56:	4149      	adcs	r1, r1
10004d58:	0424      	lsls	r4, r4, #16
10004d5a:	9a00      	ldr	r2, [sp, #0]
10004d5c:	9b01      	ldr	r3, [sp, #4]
10004d5e:	000d      	movs	r5, r1
10004d60:	4355      	muls	r5, r2
10004d62:	1b64      	subs	r4, r4, r5
10004d64:	4343      	muls	r3, r0
10004d66:	1ae4      	subs	r4, r4, r3
10004d68:	b295      	uxth	r5, r2
10004d6a:	b286      	uxth	r6, r0
10004d6c:	4375      	muls	r5, r6
10004d6e:	0c17      	lsrs	r7, r2, #16
10004d70:	437e      	muls	r6, r7
10004d72:	0c03      	lsrs	r3, r0, #16
10004d74:	435f      	muls	r7, r3
10004d76:	b292      	uxth	r2, r2
10004d78:	435a      	muls	r2, r3
10004d7a:	18b6      	adds	r6, r6, r2
10004d7c:	d302      	bcc.n	10004d84 <l24_1>
10004d7e:	2201      	movs	r2, #1
10004d80:	0412      	lsls	r2, r2, #16
10004d82:	18bf      	adds	r7, r7, r2

10004d84 <l24_1>:
10004d84:	0432      	lsls	r2, r6, #16
10004d86:	0c33      	lsrs	r3, r6, #16
10004d88:	1952      	adds	r2, r2, r5
10004d8a:	417b      	adcs	r3, r7
10004d8c:	4252      	negs	r2, r2
10004d8e:	419c      	sbcs	r4, r3
10004d90:	2c00      	cmp	r4, #0
10004d92:	d402      	bmi.n	10004d9a <l24_1+0x16>
10004d94:	2200      	movs	r2, #0
10004d96:	3001      	adds	r0, #1
10004d98:	4151      	adcs	r1, r2
10004d9a:	0840      	lsrs	r0, r0, #1
10004d9c:	07ca      	lsls	r2, r1, #31
10004d9e:	4310      	orrs	r0, r2
10004da0:	0849      	lsrs	r1, r1, #1

10004da2 <dd_2>:
10004da2:	b002      	add	sp, #8
10004da4:	4662      	mov	r2, ip
10004da6:	07d7      	lsls	r7, r2, #31
10004da8:	1092      	asrs	r2, r2, #2
10004daa:	4b08      	ldr	r3, [pc, #32]	; (10004dcc <dd_4+0x6>)
10004dac:	18d2      	adds	r2, r2, r3
10004dae:	4b08      	ldr	r3, [pc, #32]	; (10004dd0 <dd_4+0xa>)
10004db0:	429a      	cmp	r2, r3
10004db2:	d203      	bcs.n	10004dbc <dd_3>
10004db4:	0512      	lsls	r2, r2, #20
10004db6:	1889      	adds	r1, r1, r2

10004db8 <dd_5>:
10004db8:	19c9      	adds	r1, r1, r7
10004dba:	bdf0      	pop	{r4, r5, r6, r7, pc}

10004dbc <dd_3>:
10004dbc:	2000      	movs	r0, #0
10004dbe:	2a00      	cmp	r2, #0
10004dc0:	dc01      	bgt.n	10004dc6 <dd_4>
10004dc2:	0039      	movs	r1, r7
10004dc4:	bdf0      	pop	{r4, r5, r6, r7, pc}

10004dc6 <dd_4>:
10004dc6:	3301      	adds	r3, #1
10004dc8:	0519      	lsls	r1, r3, #20
10004dca:	e7f5      	b.n	10004db8 <dd_5>
10004dcc:	000003fd 	.word	0x000003fd
10004dd0:	000007fe 	.word	0x000007fe

10004dd4 <double2uint_shim>:
10004dd4:	2200      	movs	r2, #0

10004dd6 <double2ufix_shim>:
10004dd6:	b500      	push	{lr}
10004dd8:	3220      	adds	r2, #32
10004dda:	f000 f804 	bl	10004de6 <double2ufix64_shim>
10004dde:	0008      	movs	r0, r1
10004de0:	bd00      	pop	{pc}
	...

10004de4 <double2uint64_shim>:
10004de4:	2200      	movs	r2, #0

10004de6 <double2ufix64_shim>:
10004de6:	150b      	asrs	r3, r1, #20
10004de8:	d40a      	bmi.n	10004e00 <ret_dzero>

10004dea <d2fix>:
10004dea:	b510      	push	{r4, lr}
10004dec:	4694      	mov	ip, r2
10004dee:	f000 f831 	bl	10004e54 <dunpacks>
10004df2:	1414      	asrs	r4, r2, #16
10004df4:	3401      	adds	r4, #1
10004df6:	da00      	bge.n	10004dfa <d2fix+0x10>
10004df8:	2100      	movs	r1, #0
10004dfa:	17cb      	asrs	r3, r1, #31
10004dfc:	4c14      	ldr	r4, [pc, #80]	; (10004e50 <d2fix_a+0x4a>)
10004dfe:	4720      	bx	r4

10004e00 <ret_dzero>:
10004e00:	2000      	movs	r0, #0
10004e02:	2100      	movs	r1, #0
10004e04:	4770      	bx	lr

10004e06 <d2fix_a>:
10004e06:	4462      	add	r2, ip
10004e08:	3a34      	subs	r2, #52	; 0x34
10004e0a:	d40c      	bmi.n	10004e26 <d2fix_a+0x20>
10004e0c:	2a0c      	cmp	r2, #12
10004e0e:	da07      	bge.n	10004e20 <d2fix_a+0x1a>
10004e10:	0004      	movs	r4, r0
10004e12:	4091      	lsls	r1, r2
10004e14:	4090      	lsls	r0, r2
10004e16:	4252      	negs	r2, r2
10004e18:	3220      	adds	r2, #32
10004e1a:	40d4      	lsrs	r4, r2
10004e1c:	4321      	orrs	r1, r4
10004e1e:	bd10      	pop	{r4, pc}
10004e20:	43d8      	mvns	r0, r3
10004e22:	43d9      	mvns	r1, r3
10004e24:	bd10      	pop	{r4, pc}
10004e26:	3220      	adds	r2, #32
10004e28:	d407      	bmi.n	10004e3a <d2fix_a+0x34>
10004e2a:	460c      	mov	r4, r1
10004e2c:	4094      	lsls	r4, r2
10004e2e:	4252      	negs	r2, r2
10004e30:	3220      	adds	r2, #32
10004e32:	4111      	asrs	r1, r2
10004e34:	40d0      	lsrs	r0, r2
10004e36:	4320      	orrs	r0, r4
10004e38:	bd10      	pop	{r4, pc}
10004e3a:	0008      	movs	r0, r1
10004e3c:	17c9      	asrs	r1, r1, #31
10004e3e:	3220      	adds	r2, #32
10004e40:	d403      	bmi.n	10004e4a <d2fix_a+0x44>
10004e42:	4252      	negs	r2, r2
10004e44:	3220      	adds	r2, #32
10004e46:	4110      	asrs	r0, r2
10004e48:	bd10      	pop	{r4, pc}
10004e4a:	0018      	movs	r0, r3
10004e4c:	0019      	movs	r1, r3
10004e4e:	bd10      	pop	{r4, pc}
10004e50:	10004e07 	.word	0x10004e07

10004e54 <dunpacks>:
10004e54:	0d0a      	lsrs	r2, r1, #20
10004e56:	0fcc      	lsrs	r4, r1, #31
10004e58:	1e53      	subs	r3, r2, #1
10004e5a:	051b      	lsls	r3, r3, #20
10004e5c:	1ac9      	subs	r1, r1, r3
10004e5e:	0552      	lsls	r2, r2, #21
10004e60:	d303      	bcc.n	10004e6a <l60_1>
10004e62:	43c9      	mvns	r1, r1
10004e64:	4240      	negs	r0, r0
10004e66:	d300      	bcc.n	10004e6a <l60_1>
10004e68:	3101      	adds	r1, #1

10004e6a <l60_1>:
10004e6a:	0d52      	lsrs	r2, r2, #21
10004e6c:	d003      	beq.n	10004e76 <l60_2>
10004e6e:	1c53      	adds	r3, r2, #1
10004e70:	0adb      	lsrs	r3, r3, #11
10004e72:	d007      	beq.n	10004e84 <l60_3>
10004e74:	1b12      	subs	r2, r2, r4

10004e76 <l60_2>:
10004e76:	2000      	movs	r0, #0
10004e78:	0064      	lsls	r4, r4, #1
10004e7a:	1c61      	adds	r1, r4, #1
10004e7c:	0789      	lsls	r1, r1, #30
10004e7e:	1289      	asrs	r1, r1, #10
10004e80:	3a80      	subs	r2, #128	; 0x80
10004e82:	0312      	lsls	r2, r2, #12

10004e84 <l60_3>:
10004e84:	4b01      	ldr	r3, [pc, #4]	; (10004e8c <l60_3+0x8>)
10004e86:	1ad2      	subs	r2, r2, r3
10004e88:	4770      	bx	lr
10004e8a:	0000      	.short	0x0000
10004e8c:	000003ff 	.word	0x000003ff

10004e90 <__wrap___aeabi_lmul>:
10004e90:	4351      	muls	r1, r2
10004e92:	4343      	muls	r3, r0
10004e94:	18c9      	adds	r1, r1, r3
10004e96:	468c      	mov	ip, r1
10004e98:	0c11      	lsrs	r1, r2, #16
10004e9a:	b283      	uxth	r3, r0
10004e9c:	434b      	muls	r3, r1
10004e9e:	b410      	push	{r4}
10004ea0:	0c04      	lsrs	r4, r0, #16
10004ea2:	4361      	muls	r1, r4
10004ea4:	b292      	uxth	r2, r2
10004ea6:	b280      	uxth	r0, r0
10004ea8:	4350      	muls	r0, r2
10004eaa:	4362      	muls	r2, r4
10004eac:	041c      	lsls	r4, r3, #16
10004eae:	0c1b      	lsrs	r3, r3, #16
10004eb0:	1900      	adds	r0, r0, r4
10004eb2:	bc10      	pop	{r4}
10004eb4:	4159      	adcs	r1, r3
10004eb6:	0413      	lsls	r3, r2, #16
10004eb8:	0c12      	lsrs	r2, r2, #16
10004eba:	18c0      	adds	r0, r0, r3
10004ebc:	4151      	adcs	r1, r2
10004ebe:	4461      	add	r1, ip
10004ec0:	4770      	bx	lr
	...

10004ec4 <__aeabi_float_init>:
10004ec4:	2313      	movs	r3, #19
10004ec6:	b510      	push	{r4, lr}
10004ec8:	4812      	ldr	r0, [pc, #72]	; (10004f14 <__aeabi_float_init+0x50>)
10004eca:	781c      	ldrb	r4, [r3, #0]
10004ecc:	f7ff f970 	bl	100041b0 <rom_data_lookup>
10004ed0:	0001      	movs	r1, r0
10004ed2:	2c01      	cmp	r4, #1
10004ed4:	d00a      	beq.n	10004eec <__aeabi_float_init+0x28>
10004ed6:	dd03      	ble.n	10004ee0 <__aeabi_float_init+0x1c>
10004ed8:	2280      	movs	r2, #128	; 0x80
10004eda:	480f      	ldr	r0, [pc, #60]	; (10004f18 <__aeabi_float_init+0x54>)
10004edc:	f000 f848 	bl	10004f70 <__wrap___aeabi_memcpy>
10004ee0:	480e      	ldr	r0, [pc, #56]	; (10004f1c <__aeabi_float_init+0x58>)
10004ee2:	f7ff f95d 	bl	100041a0 <rom_func_lookup>
10004ee6:	4b0e      	ldr	r3, [pc, #56]	; (10004f20 <__aeabi_float_init+0x5c>)
10004ee8:	6018      	str	r0, [r3, #0]
10004eea:	bd10      	pop	{r4, pc}
10004eec:	4c0a      	ldr	r4, [pc, #40]	; (10004f18 <__aeabi_float_init+0x54>)
10004eee:	2254      	movs	r2, #84	; 0x54
10004ef0:	0020      	movs	r0, r4
10004ef2:	f000 f83d 	bl	10004f70 <__wrap___aeabi_memcpy>
10004ef6:	4b0b      	ldr	r3, [pc, #44]	; (10004f24 <__aeabi_float_init+0x60>)
10004ef8:	6563      	str	r3, [r4, #84]	; 0x54
10004efa:	65a3      	str	r3, [r4, #88]	; 0x58
10004efc:	65e3      	str	r3, [r4, #92]	; 0x5c
10004efe:	6623      	str	r3, [r4, #96]	; 0x60
10004f00:	6663      	str	r3, [r4, #100]	; 0x64
10004f02:	66a3      	str	r3, [r4, #104]	; 0x68
10004f04:	66e3      	str	r3, [r4, #108]	; 0x6c
10004f06:	6723      	str	r3, [r4, #112]	; 0x70
10004f08:	6763      	str	r3, [r4, #116]	; 0x74
10004f0a:	67a3      	str	r3, [r4, #120]	; 0x78
10004f0c:	67e3      	str	r3, [r4, #124]	; 0x7c
10004f0e:	6223      	str	r3, [r4, #32]
10004f10:	61e3      	str	r3, [r4, #28]
10004f12:	e7e5      	b.n	10004ee0 <__aeabi_float_init+0x1c>
10004f14:	00004653 	.word	0x00004653
10004f18:	200011d0 	.word	0x200011d0
10004f1c:	0000334c 	.word	0x0000334c
10004f20:	20001dbc 	.word	0x20001dbc
10004f24:	10004f29 	.word	0x10004f29

10004f28 <float_table_shim_on_use_helper>:
10004f28:	b507      	push	{r0, r1, r2, lr}
10004f2a:	4660      	mov	r0, ip
10004f2c:	8801      	ldrh	r1, [r0, #0]
10004f2e:	0a0a      	lsrs	r2, r1, #8
10004f30:	3002      	adds	r0, #2
10004f32:	2adf      	cmp	r2, #223	; 0xdf
10004f34:	d1fa      	bne.n	10004f2c <float_table_shim_on_use_helper+0x4>
10004f36:	b2c9      	uxtb	r1, r1
10004f38:	0882      	lsrs	r2, r0, #2
10004f3a:	d304      	bcc.n	10004f46 <float_table_shim_on_use_helper+0x1e>
10004f3c:	8802      	ldrh	r2, [r0, #0]
10004f3e:	8840      	ldrh	r0, [r0, #2]
10004f40:	0400      	lsls	r0, r0, #16
10004f42:	4310      	orrs	r0, r2
10004f44:	e000      	b.n	10004f48 <float_table_shim_on_use_helper+0x20>
10004f46:	6800      	ldr	r0, [r0, #0]
10004f48:	4a01      	ldr	r2, [pc, #4]	; (10004f50 <float_table_shim_on_use_helper+0x28>)
10004f4a:	5050      	str	r0, [r2, r1]
10004f4c:	9003      	str	r0, [sp, #12]
10004f4e:	bd07      	pop	{r0, r1, r2, pc}
10004f50:	200011d0 	.word	0x200011d0

10004f54 <__aeabi_mem_init>:
10004f54:	4801      	ldr	r0, [pc, #4]	; (10004f5c <__aeabi_mem_init+0x8>)
10004f56:	2104      	movs	r1, #4
10004f58:	4b01      	ldr	r3, [pc, #4]	; (10004f60 <__aeabi_mem_init+0xc>)
10004f5a:	4718      	bx	r3
10004f5c:	20000f50 	.word	0x20000f50
10004f60:	100041c1 	.word	0x100041c1

10004f64 <__wrap_memset>:
10004f64:	4b01      	ldr	r3, [pc, #4]	; (10004f6c <__wrap_memset+0x8>)
10004f66:	681b      	ldr	r3, [r3, #0]
10004f68:	4718      	bx	r3
10004f6a:	0000      	.short	0x0000
10004f6c:	20000f50 	.word	0x20000f50

10004f70 <__wrap___aeabi_memcpy>:
10004f70:	4b01      	ldr	r3, [pc, #4]	; (10004f78 <__wrap___aeabi_memcpy+0x8>)
10004f72:	685b      	ldr	r3, [r3, #4]
10004f74:	4718      	bx	r3
10004f76:	0000      	.short	0x0000
10004f78:	20000f50 	.word	0x20000f50

10004f7c <stdio_out_chars_no_crlf>:
10004f7c:	0003      	movs	r3, r0
10004f7e:	b510      	push	{r4, lr}
10004f80:	0008      	movs	r0, r1
10004f82:	0011      	movs	r1, r2
10004f84:	681b      	ldr	r3, [r3, #0]
10004f86:	4798      	blx	r3
10004f88:	bd10      	pop	{r4, pc}
10004f8a:	46c0      	nop			; (mov r8, r8)

10004f8c <stdio_out_chars_crlf>:
10004f8c:	b5f0      	push	{r4, r5, r6, r7, lr}
10004f8e:	4646      	mov	r6, r8
10004f90:	464f      	mov	r7, r9
10004f92:	46d6      	mov	lr, sl
10004f94:	b5c0      	push	{r6, r7, lr}
10004f96:	7d43      	ldrb	r3, [r0, #21]
10004f98:	4680      	mov	r8, r0
10004f9a:	000e      	movs	r6, r1
10004f9c:	0017      	movs	r7, r2
10004f9e:	2b00      	cmp	r3, #0
10004fa0:	d046      	beq.n	10005030 <stdio_out_chars_crlf+0xa4>
10004fa2:	2a00      	cmp	r2, #0
10004fa4:	dd3f      	ble.n	10005026 <stdio_out_chars_crlf+0x9a>
10004fa6:	1e4b      	subs	r3, r1, #1
10004fa8:	4699      	mov	r9, r3
10004faa:	4b24      	ldr	r3, [pc, #144]	; (1000503c <stdio_out_chars_crlf+0xb0>)
10004fac:	2501      	movs	r5, #1
10004fae:	2400      	movs	r4, #0
10004fb0:	2000      	movs	r0, #0
10004fb2:	469a      	mov	sl, r3
10004fb4:	e00d      	b.n	10004fd2 <stdio_out_chars_crlf+0x46>
10004fb6:	464b      	mov	r3, r9
10004fb8:	5d1b      	ldrb	r3, [r3, r4]
10004fba:	3b0d      	subs	r3, #13
10004fbc:	425a      	negs	r2, r3
10004fbe:	4153      	adcs	r3, r2
10004fc0:	5d32      	ldrb	r2, [r6, r4]
10004fc2:	b2db      	uxtb	r3, r3
10004fc4:	2a0a      	cmp	r2, #10
10004fc6:	d00b      	beq.n	10004fe0 <stdio_out_chars_crlf+0x54>
10004fc8:	002b      	movs	r3, r5
10004fca:	3401      	adds	r4, #1
10004fcc:	3501      	adds	r5, #1
10004fce:	429f      	cmp	r7, r3
10004fd0:	dd1a      	ble.n	10005008 <stdio_out_chars_crlf+0x7c>
10004fd2:	2c00      	cmp	r4, #0
10004fd4:	d1ef      	bne.n	10004fb6 <stdio_out_chars_crlf+0x2a>
10004fd6:	4643      	mov	r3, r8
10004fd8:	5d32      	ldrb	r2, [r6, r4]
10004fda:	7d1b      	ldrb	r3, [r3, #20]
10004fdc:	2a0a      	cmp	r2, #10
10004fde:	d1f3      	bne.n	10004fc8 <stdio_out_chars_crlf+0x3c>
10004fe0:	2b00      	cmp	r3, #0
10004fe2:	d1f1      	bne.n	10004fc8 <stdio_out_chars_crlf+0x3c>
10004fe4:	42a0      	cmp	r0, r4
10004fe6:	da04      	bge.n	10004ff2 <stdio_out_chars_crlf+0x66>
10004fe8:	4643      	mov	r3, r8
10004fea:	1a21      	subs	r1, r4, r0
10004fec:	681b      	ldr	r3, [r3, #0]
10004fee:	1830      	adds	r0, r6, r0
10004ff0:	4798      	blx	r3
10004ff2:	4643      	mov	r3, r8
10004ff4:	4650      	mov	r0, sl
10004ff6:	681b      	ldr	r3, [r3, #0]
10004ff8:	2102      	movs	r1, #2
10004ffa:	4798      	blx	r3
10004ffc:	3401      	adds	r4, #1
10004ffe:	0028      	movs	r0, r5
10005000:	002b      	movs	r3, r5
10005002:	3501      	adds	r5, #1
10005004:	429f      	cmp	r7, r3
10005006:	dce4      	bgt.n	10004fd2 <stdio_out_chars_crlf+0x46>
10005008:	4287      	cmp	r7, r0
1000500a:	dd04      	ble.n	10005016 <stdio_out_chars_crlf+0x8a>
1000500c:	4643      	mov	r3, r8
1000500e:	1a39      	subs	r1, r7, r0
10005010:	681b      	ldr	r3, [r3, #0]
10005012:	1830      	adds	r0, r6, r0
10005014:	4798      	blx	r3
10005016:	19f6      	adds	r6, r6, r7
10005018:	3e01      	subs	r6, #1
1000501a:	7833      	ldrb	r3, [r6, #0]
1000501c:	3b0d      	subs	r3, #13
1000501e:	425a      	negs	r2, r3
10005020:	4153      	adcs	r3, r2
10005022:	4642      	mov	r2, r8
10005024:	7513      	strb	r3, [r2, #20]
10005026:	bce0      	pop	{r5, r6, r7}
10005028:	46ba      	mov	sl, r7
1000502a:	46b1      	mov	r9, r6
1000502c:	46a8      	mov	r8, r5
1000502e:	bdf0      	pop	{r4, r5, r6, r7, pc}
10005030:	6803      	ldr	r3, [r0, #0]
10005032:	0011      	movs	r1, r2
10005034:	0030      	movs	r0, r6
10005036:	4798      	blx	r3
10005038:	e7f5      	b.n	10005026 <stdio_out_chars_crlf+0x9a>
1000503a:	46c0      	nop			; (mov r8, r8)
1000503c:	10007b40 	.word	0x10007b40

10005040 <stdio_buffered_printer>:
10005040:	b5f0      	push	{r4, r5, r6, r7, lr}
10005042:	46c6      	mov	lr, r8
10005044:	000c      	movs	r4, r1
10005046:	6809      	ldr	r1, [r1, #0]
10005048:	0006      	movs	r6, r0
1000504a:	b500      	push	{lr}
1000504c:	2980      	cmp	r1, #128	; 0x80
1000504e:	d006      	beq.n	1000505e <stdio_buffered_printer+0x1e>
10005050:	1c4b      	adds	r3, r1, #1
10005052:	6023      	str	r3, [r4, #0]
10005054:	1864      	adds	r4, r4, r1
10005056:	7126      	strb	r6, [r4, #4]
10005058:	bc80      	pop	{r7}
1000505a:	46b8      	mov	r8, r7
1000505c:	bdf0      	pop	{r4, r5, r6, r7, pc}
1000505e:	4b0f      	ldr	r3, [pc, #60]	; (1000509c <stdio_buffered_printer+0x5c>)
10005060:	681d      	ldr	r5, [r3, #0]
10005062:	2d00      	cmp	r5, #0
10005064:	d016      	beq.n	10005094 <stdio_buffered_printer+0x54>
10005066:	1d23      	adds	r3, r4, #4
10005068:	4698      	mov	r8, r3
1000506a:	4f0d      	ldr	r7, [pc, #52]	; (100050a0 <stdio_buffered_printer+0x60>)
1000506c:	e002      	b.n	10005074 <stdio_buffered_printer+0x34>
1000506e:	692d      	ldr	r5, [r5, #16]
10005070:	2d00      	cmp	r5, #0
10005072:	d00f      	beq.n	10005094 <stdio_buffered_printer+0x54>
10005074:	682b      	ldr	r3, [r5, #0]
10005076:	2b00      	cmp	r3, #0
10005078:	d0f9      	beq.n	1000506e <stdio_buffered_printer+0x2e>
1000507a:	683b      	ldr	r3, [r7, #0]
1000507c:	2b00      	cmp	r3, #0
1000507e:	d001      	beq.n	10005084 <stdio_buffered_printer+0x44>
10005080:	42ab      	cmp	r3, r5
10005082:	d1f4      	bne.n	1000506e <stdio_buffered_printer+0x2e>
10005084:	0028      	movs	r0, r5
10005086:	4641      	mov	r1, r8
10005088:	6822      	ldr	r2, [r4, #0]
1000508a:	f7ff ff7f 	bl	10004f8c <stdio_out_chars_crlf>
1000508e:	692d      	ldr	r5, [r5, #16]
10005090:	2d00      	cmp	r5, #0
10005092:	d1ef      	bne.n	10005074 <stdio_buffered_printer+0x34>
10005094:	2301      	movs	r3, #1
10005096:	2100      	movs	r1, #0
10005098:	e7db      	b.n	10005052 <stdio_buffered_printer+0x12>
1000509a:	46c0      	nop			; (mov r8, r8)
1000509c:	200018e0 	.word	0x200018e0
100050a0:	200018e8 	.word	0x200018e8

100050a4 <stdio_put_string.isra.0>:
100050a4:	b5f0      	push	{r4, r5, r6, r7, lr}
100050a6:	46de      	mov	lr, fp
100050a8:	4657      	mov	r7, sl
100050aa:	464e      	mov	r6, r9
100050ac:	4645      	mov	r5, r8
100050ae:	b5e0      	push	{r5, r6, r7, lr}
100050b0:	b085      	sub	sp, #20
100050b2:	0017      	movs	r7, r2
100050b4:	001c      	movs	r4, r3
100050b6:	0006      	movs	r6, r0
100050b8:	000d      	movs	r5, r1
100050ba:	f7fc fa97 	bl	100015ec <time_us_64>
100050be:	2300      	movs	r3, #0
100050c0:	4a30      	ldr	r2, [pc, #192]	; (10005184 <stdio_put_string.isra.0+0xe0>)
100050c2:	1812      	adds	r2, r2, r0
100050c4:	414b      	adcs	r3, r1
100050c6:	2b00      	cmp	r3, #0
100050c8:	db58      	blt.n	1000517c <stdio_put_string.isra.0+0xd8>
100050ca:	492f      	ldr	r1, [pc, #188]	; (10005188 <stdio_put_string.isra.0+0xe4>)
100050cc:	0008      	movs	r0, r1
100050ce:	468a      	mov	sl, r1
100050d0:	f002 fb3e 	bl	10007750 <__mutex_try_enter_block_until_veneer>
100050d4:	9001      	str	r0, [sp, #4]
100050d6:	1c6b      	adds	r3, r5, #1
100050d8:	d103      	bne.n	100050e2 <stdio_put_string.isra.0+0x3e>
100050da:	0030      	movs	r0, r6
100050dc:	f002 fac0 	bl	10007660 <strlen>
100050e0:	0005      	movs	r5, r0
100050e2:	2c00      	cmp	r4, #0
100050e4:	d125      	bne.n	10005132 <stdio_put_string.isra.0+0x8e>
100050e6:	4b29      	ldr	r3, [pc, #164]	; (1000518c <stdio_put_string.isra.0+0xe8>)
100050e8:	4698      	mov	r8, r3
100050ea:	4b29      	ldr	r3, [pc, #164]	; (10005190 <stdio_put_string.isra.0+0xec>)
100050ec:	681c      	ldr	r4, [r3, #0]
100050ee:	2c00      	cmp	r4, #0
100050f0:	d015      	beq.n	1000511e <stdio_put_string.isra.0+0x7a>
100050f2:	2f00      	cmp	r7, #0
100050f4:	d120      	bne.n	10005138 <stdio_put_string.isra.0+0x94>
100050f6:	4f27      	ldr	r7, [pc, #156]	; (10005194 <stdio_put_string.isra.0+0xf0>)
100050f8:	e002      	b.n	10005100 <stdio_put_string.isra.0+0x5c>
100050fa:	6924      	ldr	r4, [r4, #16]
100050fc:	2c00      	cmp	r4, #0
100050fe:	d00e      	beq.n	1000511e <stdio_put_string.isra.0+0x7a>
10005100:	6823      	ldr	r3, [r4, #0]
10005102:	2b00      	cmp	r3, #0
10005104:	d0f9      	beq.n	100050fa <stdio_put_string.isra.0+0x56>
10005106:	683b      	ldr	r3, [r7, #0]
10005108:	2b00      	cmp	r3, #0
1000510a:	d001      	beq.n	10005110 <stdio_put_string.isra.0+0x6c>
1000510c:	42a3      	cmp	r3, r4
1000510e:	d1f4      	bne.n	100050fa <stdio_put_string.isra.0+0x56>
10005110:	0020      	movs	r0, r4
10005112:	002a      	movs	r2, r5
10005114:	0031      	movs	r1, r6
10005116:	47c0      	blx	r8
10005118:	6924      	ldr	r4, [r4, #16]
1000511a:	2c00      	cmp	r4, #0
1000511c:	d1f0      	bne.n	10005100 <stdio_put_string.isra.0+0x5c>
1000511e:	9b01      	ldr	r3, [sp, #4]
10005120:	2b00      	cmp	r3, #0
10005122:	d127      	bne.n	10005174 <stdio_put_string.isra.0+0xd0>
10005124:	b005      	add	sp, #20
10005126:	bcf0      	pop	{r4, r5, r6, r7}
10005128:	46bb      	mov	fp, r7
1000512a:	46b2      	mov	sl, r6
1000512c:	46a9      	mov	r9, r5
1000512e:	46a0      	mov	r8, r4
10005130:	bdf0      	pop	{r4, r5, r6, r7, pc}
10005132:	4b19      	ldr	r3, [pc, #100]	; (10005198 <stdio_put_string.isra.0+0xf4>)
10005134:	4698      	mov	r8, r3
10005136:	e7d8      	b.n	100050ea <stdio_put_string.isra.0+0x46>
10005138:	4b16      	ldr	r3, [pc, #88]	; (10005194 <stdio_put_string.isra.0+0xf0>)
1000513a:	4699      	mov	r9, r3
1000513c:	ab02      	add	r3, sp, #8
1000513e:	1ddf      	adds	r7, r3, #7
10005140:	230a      	movs	r3, #10
10005142:	469b      	mov	fp, r3
10005144:	e002      	b.n	1000514c <stdio_put_string.isra.0+0xa8>
10005146:	6924      	ldr	r4, [r4, #16]
10005148:	2c00      	cmp	r4, #0
1000514a:	d0e8      	beq.n	1000511e <stdio_put_string.isra.0+0x7a>
1000514c:	6823      	ldr	r3, [r4, #0]
1000514e:	2b00      	cmp	r3, #0
10005150:	d0f9      	beq.n	10005146 <stdio_put_string.isra.0+0xa2>
10005152:	464b      	mov	r3, r9
10005154:	681b      	ldr	r3, [r3, #0]
10005156:	2b00      	cmp	r3, #0
10005158:	d001      	beq.n	1000515e <stdio_put_string.isra.0+0xba>
1000515a:	42a3      	cmp	r3, r4
1000515c:	d1f3      	bne.n	10005146 <stdio_put_string.isra.0+0xa2>
1000515e:	002a      	movs	r2, r5
10005160:	0031      	movs	r1, r6
10005162:	0020      	movs	r0, r4
10005164:	47c0      	blx	r8
10005166:	465b      	mov	r3, fp
10005168:	2201      	movs	r2, #1
1000516a:	0039      	movs	r1, r7
1000516c:	0020      	movs	r0, r4
1000516e:	703b      	strb	r3, [r7, #0]
10005170:	47c0      	blx	r8
10005172:	e7e8      	b.n	10005146 <stdio_put_string.isra.0+0xa2>
10005174:	4650      	mov	r0, sl
10005176:	f002 faab 	bl	100076d0 <__mutex_exit_veneer>
1000517a:	e7d3      	b.n	10005124 <stdio_put_string.isra.0+0x80>
1000517c:	2201      	movs	r2, #1
1000517e:	4b07      	ldr	r3, [pc, #28]	; (1000519c <stdio_put_string.isra.0+0xf8>)
10005180:	4252      	negs	r2, r2
10005182:	e7a2      	b.n	100050ca <stdio_put_string.isra.0+0x26>
10005184:	000f4240 	.word	0x000f4240
10005188:	20000fa8 	.word	0x20000fa8
1000518c:	10004f8d 	.word	0x10004f8d
10005190:	200018e0 	.word	0x200018e0
10005194:	200018e8 	.word	0x200018e8
10005198:	10004f7d 	.word	0x10004f7d
1000519c:	7fffffff 	.word	0x7fffffff

100051a0 <__wrap_putchar>:
100051a0:	b5f0      	push	{r4, r5, r6, r7, lr}
100051a2:	46ce      	mov	lr, r9
100051a4:	4647      	mov	r7, r8
100051a6:	b580      	push	{r7, lr}
100051a8:	b083      	sub	sp, #12
100051aa:	466b      	mov	r3, sp
100051ac:	0006      	movs	r6, r0
100051ae:	1ddd      	adds	r5, r3, #7
100051b0:	7028      	strb	r0, [r5, #0]
100051b2:	f7fc fa1b 	bl	100015ec <time_us_64>
100051b6:	2300      	movs	r3, #0
100051b8:	4a1a      	ldr	r2, [pc, #104]	; (10005224 <__wrap_putchar+0x84>)
100051ba:	1812      	adds	r2, r2, r0
100051bc:	414b      	adcs	r3, r1
100051be:	2b00      	cmp	r3, #0
100051c0:	db2b      	blt.n	1000521a <__wrap_putchar+0x7a>
100051c2:	4919      	ldr	r1, [pc, #100]	; (10005228 <__wrap_putchar+0x88>)
100051c4:	0008      	movs	r0, r1
100051c6:	4688      	mov	r8, r1
100051c8:	f002 fac2 	bl	10007750 <__mutex_try_enter_block_until_veneer>
100051cc:	4b17      	ldr	r3, [pc, #92]	; (1000522c <__wrap_putchar+0x8c>)
100051ce:	4681      	mov	r9, r0
100051d0:	681c      	ldr	r4, [r3, #0]
100051d2:	2c00      	cmp	r4, #0
100051d4:	d014      	beq.n	10005200 <__wrap_putchar+0x60>
100051d6:	4f16      	ldr	r7, [pc, #88]	; (10005230 <__wrap_putchar+0x90>)
100051d8:	e002      	b.n	100051e0 <__wrap_putchar+0x40>
100051da:	6924      	ldr	r4, [r4, #16]
100051dc:	2c00      	cmp	r4, #0
100051de:	d00f      	beq.n	10005200 <__wrap_putchar+0x60>
100051e0:	6823      	ldr	r3, [r4, #0]
100051e2:	2b00      	cmp	r3, #0
100051e4:	d0f9      	beq.n	100051da <__wrap_putchar+0x3a>
100051e6:	683b      	ldr	r3, [r7, #0]
100051e8:	2b00      	cmp	r3, #0
100051ea:	d001      	beq.n	100051f0 <__wrap_putchar+0x50>
100051ec:	42a3      	cmp	r3, r4
100051ee:	d1f4      	bne.n	100051da <__wrap_putchar+0x3a>
100051f0:	0020      	movs	r0, r4
100051f2:	2201      	movs	r2, #1
100051f4:	0029      	movs	r1, r5
100051f6:	f7ff fec9 	bl	10004f8c <stdio_out_chars_crlf>
100051fa:	6924      	ldr	r4, [r4, #16]
100051fc:	2c00      	cmp	r4, #0
100051fe:	d1ef      	bne.n	100051e0 <__wrap_putchar+0x40>
10005200:	464b      	mov	r3, r9
10005202:	2b00      	cmp	r3, #0
10005204:	d105      	bne.n	10005212 <__wrap_putchar+0x72>
10005206:	0030      	movs	r0, r6
10005208:	b003      	add	sp, #12
1000520a:	bcc0      	pop	{r6, r7}
1000520c:	46b9      	mov	r9, r7
1000520e:	46b0      	mov	r8, r6
10005210:	bdf0      	pop	{r4, r5, r6, r7, pc}
10005212:	4640      	mov	r0, r8
10005214:	f002 fa5c 	bl	100076d0 <__mutex_exit_veneer>
10005218:	e7f5      	b.n	10005206 <__wrap_putchar+0x66>
1000521a:	2201      	movs	r2, #1
1000521c:	4b05      	ldr	r3, [pc, #20]	; (10005234 <__wrap_putchar+0x94>)
1000521e:	4252      	negs	r2, r2
10005220:	e7cf      	b.n	100051c2 <__wrap_putchar+0x22>
10005222:	46c0      	nop			; (mov r8, r8)
10005224:	000f4240 	.word	0x000f4240
10005228:	20000fa8 	.word	0x20000fa8
1000522c:	200018e0 	.word	0x200018e0
10005230:	200018e8 	.word	0x200018e8
10005234:	7fffffff 	.word	0x7fffffff

10005238 <__wrap_puts>:
10005238:	b570      	push	{r4, r5, r6, lr}
1000523a:	0004      	movs	r4, r0
1000523c:	f002 fa10 	bl	10007660 <strlen>
10005240:	2300      	movs	r3, #0
10005242:	0001      	movs	r1, r0
10005244:	0005      	movs	r5, r0
10005246:	2201      	movs	r2, #1
10005248:	0020      	movs	r0, r4
1000524a:	f7ff ff2b 	bl	100050a4 <stdio_put_string.isra.0>
1000524e:	4b08      	ldr	r3, [pc, #32]	; (10005270 <__wrap_puts+0x38>)
10005250:	681c      	ldr	r4, [r3, #0]
10005252:	2c00      	cmp	r4, #0
10005254:	d006      	beq.n	10005264 <__wrap_puts+0x2c>
10005256:	6863      	ldr	r3, [r4, #4]
10005258:	2b00      	cmp	r3, #0
1000525a:	d005      	beq.n	10005268 <__wrap_puts+0x30>
1000525c:	4798      	blx	r3
1000525e:	6924      	ldr	r4, [r4, #16]
10005260:	2c00      	cmp	r4, #0
10005262:	d1f8      	bne.n	10005256 <__wrap_puts+0x1e>
10005264:	0028      	movs	r0, r5
10005266:	bd70      	pop	{r4, r5, r6, pc}
10005268:	6924      	ldr	r4, [r4, #16]
1000526a:	2c00      	cmp	r4, #0
1000526c:	d1f3      	bne.n	10005256 <__wrap_puts+0x1e>
1000526e:	e7f9      	b.n	10005264 <__wrap_puts+0x2c>
10005270:	200018e0 	.word	0x200018e0

10005274 <stdio_set_driver_enabled>:
10005274:	4a0a      	ldr	r2, [pc, #40]	; (100052a0 <stdio_set_driver_enabled+0x2c>)
10005276:	6813      	ldr	r3, [r2, #0]
10005278:	2b00      	cmp	r3, #0
1000527a:	d105      	bne.n	10005288 <stdio_set_driver_enabled+0x14>
1000527c:	e00c      	b.n	10005298 <stdio_set_driver_enabled+0x24>
1000527e:	001a      	movs	r2, r3
10005280:	691b      	ldr	r3, [r3, #16]
10005282:	3210      	adds	r2, #16
10005284:	2b00      	cmp	r3, #0
10005286:	d007      	beq.n	10005298 <stdio_set_driver_enabled+0x24>
10005288:	4298      	cmp	r0, r3
1000528a:	d1f8      	bne.n	1000527e <stdio_set_driver_enabled+0xa>
1000528c:	2900      	cmp	r1, #0
1000528e:	d102      	bne.n	10005296 <stdio_set_driver_enabled+0x22>
10005290:	6903      	ldr	r3, [r0, #16]
10005292:	6013      	str	r3, [r2, #0]
10005294:	6101      	str	r1, [r0, #16]
10005296:	4770      	bx	lr
10005298:	2900      	cmp	r1, #0
1000529a:	d0fc      	beq.n	10005296 <stdio_set_driver_enabled+0x22>
1000529c:	6010      	str	r0, [r2, #0]
1000529e:	e7fa      	b.n	10005296 <stdio_set_driver_enabled+0x22>
100052a0:	200018e0 	.word	0x200018e0

100052a4 <__wrap_vprintf>:
100052a4:	b5f0      	push	{r4, r5, r6, r7, lr}
100052a6:	46ce      	mov	lr, r9
100052a8:	4647      	mov	r7, r8
100052aa:	b580      	push	{r7, lr}
100052ac:	b0a5      	sub	sp, #148	; 0x94
100052ae:	0004      	movs	r4, r0
100052b0:	000d      	movs	r5, r1
100052b2:	f7fc f99b 	bl	100015ec <time_us_64>
100052b6:	2300      	movs	r3, #0
100052b8:	4a2a      	ldr	r2, [pc, #168]	; (10005364 <__wrap_vprintf+0xc0>)
100052ba:	1812      	adds	r2, r2, r0
100052bc:	414b      	adcs	r3, r1
100052be:	2b00      	cmp	r3, #0
100052c0:	db49      	blt.n	10005356 <__wrap_vprintf+0xb2>
100052c2:	4e29      	ldr	r6, [pc, #164]	; (10005368 <__wrap_vprintf+0xc4>)
100052c4:	0030      	movs	r0, r6
100052c6:	f002 fa43 	bl	10007750 <__mutex_try_enter_block_until_veneer>
100052ca:	2300      	movs	r3, #0
100052cc:	0007      	movs	r7, r0
100052ce:	9303      	str	r3, [sp, #12]
100052d0:	0022      	movs	r2, r4
100052d2:	002b      	movs	r3, r5
100052d4:	4825      	ldr	r0, [pc, #148]	; (1000536c <__wrap_vprintf+0xc8>)
100052d6:	a903      	add	r1, sp, #12
100052d8:	f7fe ff32 	bl	10004140 <vfctprintf>
100052dc:	9b03      	ldr	r3, [sp, #12]
100052de:	4680      	mov	r8, r0
100052e0:	2b00      	cmp	r3, #0
100052e2:	d114      	bne.n	1000530e <__wrap_vprintf+0x6a>
100052e4:	4b22      	ldr	r3, [pc, #136]	; (10005370 <__wrap_vprintf+0xcc>)
100052e6:	681c      	ldr	r4, [r3, #0]
100052e8:	2c00      	cmp	r4, #0
100052ea:	d006      	beq.n	100052fa <__wrap_vprintf+0x56>
100052ec:	6863      	ldr	r3, [r4, #4]
100052ee:	2b00      	cmp	r3, #0
100052f0:	d00b      	beq.n	1000530a <__wrap_vprintf+0x66>
100052f2:	4798      	blx	r3
100052f4:	6924      	ldr	r4, [r4, #16]
100052f6:	2c00      	cmp	r4, #0
100052f8:	d1f8      	bne.n	100052ec <__wrap_vprintf+0x48>
100052fa:	2f00      	cmp	r7, #0
100052fc:	d127      	bne.n	1000534e <__wrap_vprintf+0xaa>
100052fe:	4640      	mov	r0, r8
10005300:	b025      	add	sp, #148	; 0x94
10005302:	bcc0      	pop	{r6, r7}
10005304:	46b9      	mov	r9, r7
10005306:	46b0      	mov	r8, r6
10005308:	bdf0      	pop	{r4, r5, r6, r7, pc}
1000530a:	6924      	ldr	r4, [r4, #16]
1000530c:	e7ec      	b.n	100052e8 <__wrap_vprintf+0x44>
1000530e:	4b18      	ldr	r3, [pc, #96]	; (10005370 <__wrap_vprintf+0xcc>)
10005310:	681d      	ldr	r5, [r3, #0]
10005312:	4699      	mov	r9, r3
10005314:	2d00      	cmp	r5, #0
10005316:	d022      	beq.n	1000535e <__wrap_vprintf+0xba>
10005318:	4c16      	ldr	r4, [pc, #88]	; (10005374 <__wrap_vprintf+0xd0>)
1000531a:	e002      	b.n	10005322 <__wrap_vprintf+0x7e>
1000531c:	692d      	ldr	r5, [r5, #16]
1000531e:	2d00      	cmp	r5, #0
10005320:	d011      	beq.n	10005346 <__wrap_vprintf+0xa2>
10005322:	682b      	ldr	r3, [r5, #0]
10005324:	2b00      	cmp	r3, #0
10005326:	d0f9      	beq.n	1000531c <__wrap_vprintf+0x78>
10005328:	6823      	ldr	r3, [r4, #0]
1000532a:	2b00      	cmp	r3, #0
1000532c:	d001      	beq.n	10005332 <__wrap_vprintf+0x8e>
1000532e:	429d      	cmp	r5, r3
10005330:	d1f4      	bne.n	1000531c <__wrap_vprintf+0x78>
10005332:	9b03      	ldr	r3, [sp, #12]
10005334:	0028      	movs	r0, r5
10005336:	001a      	movs	r2, r3
10005338:	a904      	add	r1, sp, #16
1000533a:	9301      	str	r3, [sp, #4]
1000533c:	f7ff fe26 	bl	10004f8c <stdio_out_chars_crlf>
10005340:	692d      	ldr	r5, [r5, #16]
10005342:	2d00      	cmp	r5, #0
10005344:	d1ed      	bne.n	10005322 <__wrap_vprintf+0x7e>
10005346:	464b      	mov	r3, r9
10005348:	9503      	str	r5, [sp, #12]
1000534a:	681c      	ldr	r4, [r3, #0]
1000534c:	e7cc      	b.n	100052e8 <__wrap_vprintf+0x44>
1000534e:	0030      	movs	r0, r6
10005350:	f002 f9be 	bl	100076d0 <__mutex_exit_veneer>
10005354:	e7d3      	b.n	100052fe <__wrap_vprintf+0x5a>
10005356:	2201      	movs	r2, #1
10005358:	4b07      	ldr	r3, [pc, #28]	; (10005378 <__wrap_vprintf+0xd4>)
1000535a:	4252      	negs	r2, r2
1000535c:	e7b1      	b.n	100052c2 <__wrap_vprintf+0x1e>
1000535e:	9503      	str	r5, [sp, #12]
10005360:	e7cb      	b.n	100052fa <__wrap_vprintf+0x56>
10005362:	46c0      	nop			; (mov r8, r8)
10005364:	000f4240 	.word	0x000f4240
10005368:	20000fa8 	.word	0x20000fa8
1000536c:	10005041 	.word	0x10005041
10005370:	200018e0 	.word	0x200018e0
10005374:	200018e8 	.word	0x200018e8
10005378:	7fffffff 	.word	0x7fffffff

1000537c <__wrap_printf>:
1000537c:	b40f      	push	{r0, r1, r2, r3}
1000537e:	b500      	push	{lr}
10005380:	b083      	sub	sp, #12
10005382:	a904      	add	r1, sp, #16
10005384:	c901      	ldmia	r1!, {r0}
10005386:	9101      	str	r1, [sp, #4]
10005388:	f7ff ff8c 	bl	100052a4 <__wrap_vprintf>
1000538c:	b003      	add	sp, #12
1000538e:	bc08      	pop	{r3}
10005390:	b004      	add	sp, #16
10005392:	4718      	bx	r3

10005394 <stdio_init_all>:
10005394:	b510      	push	{r4, lr}
10005396:	f000 f9d9 	bl	1000574c <stdio_usb_init>
1000539a:	bd10      	pop	{r4, pc}

1000539c <resetd_init>:
1000539c:	4770      	bx	lr
1000539e:	46c0      	nop			; (mov r8, r8)

100053a0 <resetd_reset>:
100053a0:	2200      	movs	r2, #0
100053a2:	4b01      	ldr	r3, [pc, #4]	; (100053a8 <resetd_reset+0x8>)
100053a4:	701a      	strb	r2, [r3, #0]
100053a6:	4770      	bx	lr
100053a8:	20001e36 	.word	0x20001e36

100053ac <resetd_open>:
100053ac:	794b      	ldrb	r3, [r1, #5]
100053ae:	2000      	movs	r0, #0
100053b0:	2bff      	cmp	r3, #255	; 0xff
100053b2:	d10b      	bne.n	100053cc <resetd_open+0x20>
100053b4:	798b      	ldrb	r3, [r1, #6]
100053b6:	2b00      	cmp	r3, #0
100053b8:	d108      	bne.n	100053cc <resetd_open+0x20>
100053ba:	79cb      	ldrb	r3, [r1, #7]
100053bc:	2b01      	cmp	r3, #1
100053be:	d105      	bne.n	100053cc <resetd_open+0x20>
100053c0:	2a08      	cmp	r2, #8
100053c2:	d903      	bls.n	100053cc <resetd_open+0x20>
100053c4:	788a      	ldrb	r2, [r1, #2]
100053c6:	4b02      	ldr	r3, [pc, #8]	; (100053d0 <resetd_open+0x24>)
100053c8:	3009      	adds	r0, #9
100053ca:	701a      	strb	r2, [r3, #0]
100053cc:	4770      	bx	lr
100053ce:	46c0      	nop			; (mov r8, r8)
100053d0:	20001e36 	.word	0x20001e36

100053d4 <resetd_xfer_cb>:
100053d4:	2001      	movs	r0, #1
100053d6:	4770      	bx	lr

100053d8 <resetd_control_xfer_cb>:
100053d8:	b570      	push	{r4, r5, r6, lr}
100053da:	2901      	cmp	r1, #1
100053dc:	d109      	bne.n	100053f2 <resetd_control_xfer_cb+0x1a>
100053de:	4915      	ldr	r1, [pc, #84]	; (10005434 <resetd_control_xfer_cb+0x5c>)
100053e0:	7953      	ldrb	r3, [r2, #5]
100053e2:	7910      	ldrb	r0, [r2, #4]
100053e4:	7809      	ldrb	r1, [r1, #0]
100053e6:	021b      	lsls	r3, r3, #8
100053e8:	4303      	orrs	r3, r0
100053ea:	2000      	movs	r0, #0
100053ec:	4299      	cmp	r1, r3
100053ee:	d002      	beq.n	100053f6 <resetd_control_xfer_cb+0x1e>
100053f0:	bd70      	pop	{r4, r5, r6, pc}
100053f2:	2001      	movs	r0, #1
100053f4:	e7fc      	b.n	100053f0 <resetd_control_xfer_cb+0x18>
100053f6:	7853      	ldrb	r3, [r2, #1]
100053f8:	2b01      	cmp	r3, #1
100053fa:	d008      	beq.n	1000540e <resetd_control_xfer_cb+0x36>
100053fc:	2b02      	cmp	r3, #2
100053fe:	d1f7      	bne.n	100053f0 <resetd_control_xfer_cb+0x18>
10005400:	2000      	movs	r0, #0
10005402:	2264      	movs	r2, #100	; 0x64
10005404:	2100      	movs	r1, #0
10005406:	f7fd f91d 	bl	10002644 <watchdog_reboot>
1000540a:	2001      	movs	r0, #1
1000540c:	e7f0      	b.n	100053f0 <resetd_control_xfer_cb+0x18>
1000540e:	7894      	ldrb	r4, [r2, #2]
10005410:	78d2      	ldrb	r2, [r2, #3]
10005412:	0005      	movs	r5, r0
10005414:	0212      	lsls	r2, r2, #8
10005416:	4314      	orrs	r4, r2
10005418:	05d2      	lsls	r2, r2, #23
1000541a:	d502      	bpl.n	10005422 <resetd_control_xfer_cb+0x4a>
1000541c:	0a62      	lsrs	r2, r4, #9
1000541e:	4093      	lsls	r3, r2
10005420:	001d      	movs	r5, r3
10005422:	4805      	ldr	r0, [pc, #20]	; (10005438 <resetd_control_xfer_cb+0x60>)
10005424:	f7fe febc 	bl	100041a0 <rom_func_lookup>
10005428:	217f      	movs	r1, #127	; 0x7f
1000542a:	0003      	movs	r3, r0
1000542c:	4021      	ands	r1, r4
1000542e:	0028      	movs	r0, r5
10005430:	4798      	blx	r3
10005432:	46c0      	nop			; (mov r8, r8)
10005434:	20001e36 	.word	0x20001e36
10005438:	00004255 	.word	0x00004255

1000543c <usbd_app_driver_get_cb>:
1000543c:	2301      	movs	r3, #1
1000543e:	7003      	strb	r3, [r0, #0]
10005440:	4800      	ldr	r0, [pc, #0]	; (10005444 <usbd_app_driver_get_cb+0x8>)
10005442:	4770      	bx	lr
10005444:	10007b44 	.word	0x10007b44

10005448 <tud_cdc_line_coding_cb>:
10005448:	7848      	ldrb	r0, [r1, #1]
1000544a:	780b      	ldrb	r3, [r1, #0]
1000544c:	788a      	ldrb	r2, [r1, #2]
1000544e:	0200      	lsls	r0, r0, #8
10005450:	4318      	orrs	r0, r3
10005452:	0412      	lsls	r2, r2, #16
10005454:	4310      	orrs	r0, r2
10005456:	2296      	movs	r2, #150	; 0x96
10005458:	78cb      	ldrb	r3, [r1, #3]
1000545a:	b510      	push	{r4, lr}
1000545c:	061b      	lsls	r3, r3, #24
1000545e:	4303      	orrs	r3, r0
10005460:	00d2      	lsls	r2, r2, #3
10005462:	4293      	cmp	r3, r2
10005464:	d000      	beq.n	10005468 <tud_cdc_line_coding_cb+0x20>
10005466:	bd10      	pop	{r4, pc}
10005468:	4803      	ldr	r0, [pc, #12]	; (10005478 <tud_cdc_line_coding_cb+0x30>)
1000546a:	f7fe fe99 	bl	100041a0 <rom_func_lookup>
1000546e:	2100      	movs	r1, #0
10005470:	0003      	movs	r3, r0
10005472:	0008      	movs	r0, r1
10005474:	4798      	blx	r3
10005476:	46c0      	nop			; (mov r8, r8)
10005478:	00004255 	.word	0x00004255

1000547c <stdio_usb_set_chars_available_callback>:
1000547c:	4b02      	ldr	r3, [pc, #8]	; (10005488 <stdio_usb_set_chars_available_callback+0xc>)
1000547e:	6018      	str	r0, [r3, #0]
10005480:	4b02      	ldr	r3, [pc, #8]	; (1000548c <stdio_usb_set_chars_available_callback+0x10>)
10005482:	6019      	str	r1, [r3, #0]
10005484:	4770      	bx	lr
10005486:	46c0      	nop			; (mov r8, r8)
10005488:	20001844 	.word	0x20001844
1000548c:	20001848 	.word	0x20001848

10005490 <usb_irq>:
10005490:	b510      	push	{r4, lr}
10005492:	4b02      	ldr	r3, [pc, #8]	; (1000549c <usb_irq+0xc>)
10005494:	7818      	ldrb	r0, [r3, #0]
10005496:	f7fc fa0d 	bl	100018b4 <irq_set_pending>
1000549a:	bd10      	pop	{r4, pc}
1000549c:	20001e37 	.word	0x20001e37

100054a0 <timer_task>:
100054a0:	4b11      	ldr	r3, [pc, #68]	; (100054e8 <timer_task+0x48>)
100054a2:	b570      	push	{r4, r5, r6, lr}
100054a4:	681a      	ldr	r2, [r3, #0]
100054a6:	2a00      	cmp	r2, #0
100054a8:	d01a      	beq.n	100054e0 <timer_task+0x40>
100054aa:	f3ef 8110 	mrs	r1, PRIMASK
100054ae:	b672      	cpsid	i
100054b0:	6810      	ldr	r0, [r2, #0]
100054b2:	2800      	cmp	r0, #0
100054b4:	d0fc      	beq.n	100054b0 <timer_task+0x10>
100054b6:	f3bf 8f5f 	dmb	sy
100054ba:	2200      	movs	r2, #0
100054bc:	480b      	ldr	r0, [pc, #44]	; (100054ec <timer_task+0x4c>)
100054be:	6059      	str	r1, [r3, #4]
100054c0:	7002      	strb	r2, [r0, #0]
100054c2:	681b      	ldr	r3, [r3, #0]
100054c4:	f3bf 8f5f 	dmb	sy
100054c8:	601a      	str	r2, [r3, #0]
100054ca:	f381 8810 	msr	PRIMASK, r1
100054ce:	2400      	movs	r4, #0
100054d0:	2500      	movs	r5, #0
100054d2:	4b07      	ldr	r3, [pc, #28]	; (100054f0 <timer_task+0x50>)
100054d4:	7818      	ldrb	r0, [r3, #0]
100054d6:	f7fc f9ed 	bl	100018b4 <irq_set_pending>
100054da:	0029      	movs	r1, r5
100054dc:	0020      	movs	r0, r4
100054de:	bd70      	pop	{r4, r5, r6, pc}
100054e0:	24fa      	movs	r4, #250	; 0xfa
100054e2:	2500      	movs	r5, #0
100054e4:	00a4      	lsls	r4, r4, #2
100054e6:	e7f4      	b.n	100054d2 <timer_task+0x32>
100054e8:	20001d54 	.word	0x20001d54
100054ec:	20001e38 	.word	0x20001e38
100054f0:	20001e37 	.word	0x20001e37

100054f4 <stdio_usb_in_chars>:
100054f4:	b570      	push	{r4, r5, r6, lr}
100054f6:	0004      	movs	r4, r0
100054f8:	2000      	movs	r0, #0
100054fa:	000e      	movs	r6, r1
100054fc:	f001 fb02 	bl	10006b04 <tud_cdc_n_connected>
10005500:	2800      	cmp	r0, #0
10005502:	d035      	beq.n	10005570 <stdio_usb_in_chars+0x7c>
10005504:	2000      	movs	r0, #0
10005506:	f001 fb15 	bl	10006b34 <tud_cdc_n_available>
1000550a:	2800      	cmp	r0, #0
1000550c:	d030      	beq.n	10005570 <stdio_usb_in_chars+0x7c>
1000550e:	f7fc f86d 	bl	100015ec <time_us_64>
10005512:	2300      	movs	r3, #0
10005514:	4a18      	ldr	r2, [pc, #96]	; (10005578 <stdio_usb_in_chars+0x84>)
10005516:	1812      	adds	r2, r2, r0
10005518:	414b      	adcs	r3, r1
1000551a:	2b00      	cmp	r3, #0
1000551c:	db24      	blt.n	10005568 <stdio_usb_in_chars+0x74>
1000551e:	4d17      	ldr	r5, [pc, #92]	; (1000557c <stdio_usb_in_chars+0x88>)
10005520:	0028      	movs	r0, r5
10005522:	f002 f915 	bl	10007750 <__mutex_try_enter_block_until_veneer>
10005526:	2800      	cmp	r0, #0
10005528:	d022      	beq.n	10005570 <stdio_usb_in_chars+0x7c>
1000552a:	2000      	movs	r0, #0
1000552c:	f001 faea 	bl	10006b04 <tud_cdc_n_connected>
10005530:	2800      	cmp	r0, #0
10005532:	d10b      	bne.n	1000554c <stdio_usb_in_chars+0x58>
10005534:	2001      	movs	r0, #1
10005536:	2100      	movs	r1, #0
10005538:	2403      	movs	r4, #3
1000553a:	4240      	negs	r0, r0
1000553c:	f000 fccc 	bl	10005ed8 <tud_task_ext>
10005540:	4264      	negs	r4, r4
10005542:	0028      	movs	r0, r5
10005544:	f002 f8c4 	bl	100076d0 <__mutex_exit_veneer>
10005548:	0020      	movs	r0, r4
1000554a:	bd70      	pop	{r4, r5, r6, pc}
1000554c:	2000      	movs	r0, #0
1000554e:	f001 faf1 	bl	10006b34 <tud_cdc_n_available>
10005552:	2800      	cmp	r0, #0
10005554:	d0ee      	beq.n	10005534 <stdio_usb_in_chars+0x40>
10005556:	0021      	movs	r1, r4
10005558:	0032      	movs	r2, r6
1000555a:	2000      	movs	r0, #0
1000555c:	f001 faf6 	bl	10006b4c <tud_cdc_n_read>
10005560:	1e04      	subs	r4, r0, #0
10005562:	d1ee      	bne.n	10005542 <stdio_usb_in_chars+0x4e>
10005564:	3c03      	subs	r4, #3
10005566:	e7ec      	b.n	10005542 <stdio_usb_in_chars+0x4e>
10005568:	2201      	movs	r2, #1
1000556a:	4b05      	ldr	r3, [pc, #20]	; (10005580 <stdio_usb_in_chars+0x8c>)
1000556c:	4252      	negs	r2, r2
1000556e:	e7d6      	b.n	1000551e <stdio_usb_in_chars+0x2a>
10005570:	2403      	movs	r4, #3
10005572:	4264      	negs	r4, r4
10005574:	e7e8      	b.n	10005548 <stdio_usb_in_chars+0x54>
10005576:	46c0      	nop			; (mov r8, r8)
10005578:	000f4240 	.word	0x000f4240
1000557c:	20001dc4 	.word	0x20001dc4
10005580:	7fffffff 	.word	0x7fffffff

10005584 <stdio_usb_out_chars>:
10005584:	b5f8      	push	{r3, r4, r5, r6, r7, lr}
10005586:	46de      	mov	lr, fp
10005588:	4657      	mov	r7, sl
1000558a:	b580      	push	{r7, lr}
1000558c:	0005      	movs	r5, r0
1000558e:	000c      	movs	r4, r1
10005590:	f7fc f82c 	bl	100015ec <time_us_64>
10005594:	2300      	movs	r3, #0
10005596:	4a36      	ldr	r2, [pc, #216]	; (10005670 <stdio_usb_out_chars+0xec>)
10005598:	1812      	adds	r2, r2, r0
1000559a:	414b      	adcs	r3, r1
1000559c:	2b00      	cmp	r3, #0
1000559e:	db5a      	blt.n	10005656 <stdio_usb_out_chars+0xd2>
100055a0:	4934      	ldr	r1, [pc, #208]	; (10005674 <stdio_usb_out_chars+0xf0>)
100055a2:	0008      	movs	r0, r1
100055a4:	468a      	mov	sl, r1
100055a6:	f002 f8d3 	bl	10007750 <__mutex_try_enter_block_until_veneer>
100055aa:	2800      	cmp	r0, #0
100055ac:	d103      	bne.n	100055b6 <stdio_usb_out_chars+0x32>
100055ae:	bcc0      	pop	{r6, r7}
100055b0:	46bb      	mov	fp, r7
100055b2:	46b2      	mov	sl, r6
100055b4:	bdf8      	pop	{r3, r4, r5, r6, r7, pc}
100055b6:	2000      	movs	r0, #0
100055b8:	f001 faa4 	bl	10006b04 <tud_cdc_n_connected>
100055bc:	2800      	cmp	r0, #0
100055be:	d04e      	beq.n	1000565e <stdio_usb_out_chars+0xda>
100055c0:	2600      	movs	r6, #0
100055c2:	2c00      	cmp	r4, #0
100055c4:	dd43      	ble.n	1000564e <stdio_usb_out_chars+0xca>
100055c6:	4b2c      	ldr	r3, [pc, #176]	; (10005678 <stdio_usb_out_chars+0xf4>)
100055c8:	469b      	mov	fp, r3
100055ca:	e014      	b.n	100055f6 <stdio_usb_out_chars+0x72>
100055cc:	19a9      	adds	r1, r5, r6
100055ce:	2000      	movs	r0, #0
100055d0:	f001 fb30 	bl	10006c34 <tud_cdc_n_write>
100055d4:	0007      	movs	r7, r0
100055d6:	2001      	movs	r0, #1
100055d8:	2100      	movs	r1, #0
100055da:	4240      	negs	r0, r0
100055dc:	f000 fc7c 	bl	10005ed8 <tud_task_ext>
100055e0:	2000      	movs	r0, #0
100055e2:	f001 faeb 	bl	10006bbc <tud_cdc_n_write_flush>
100055e6:	f7fc f801 	bl	100015ec <time_us_64>
100055ea:	4b23      	ldr	r3, [pc, #140]	; (10005678 <stdio_usb_out_chars+0xf4>)
100055ec:	19f6      	adds	r6, r6, r7
100055ee:	6018      	str	r0, [r3, #0]
100055f0:	6059      	str	r1, [r3, #4]
100055f2:	42b4      	cmp	r4, r6
100055f4:	dd2b      	ble.n	1000564e <stdio_usb_out_chars+0xca>
100055f6:	2000      	movs	r0, #0
100055f8:	f001 fb36 	bl	10006c68 <tud_cdc_n_write_available>
100055fc:	1ba7      	subs	r7, r4, r6
100055fe:	0002      	movs	r2, r0
10005600:	42b8      	cmp	r0, r7
10005602:	dd00      	ble.n	10005606 <stdio_usb_out_chars+0x82>
10005604:	003a      	movs	r2, r7
10005606:	2a00      	cmp	r2, #0
10005608:	d1e0      	bne.n	100055cc <stdio_usb_out_chars+0x48>
1000560a:	2001      	movs	r0, #1
1000560c:	2100      	movs	r1, #0
1000560e:	4240      	negs	r0, r0
10005610:	f000 fc62 	bl	10005ed8 <tud_task_ext>
10005614:	2000      	movs	r0, #0
10005616:	f001 fad1 	bl	10006bbc <tud_cdc_n_write_flush>
1000561a:	2000      	movs	r0, #0
1000561c:	f001 fa72 	bl	10006b04 <tud_cdc_n_connected>
10005620:	2800      	cmp	r0, #0
10005622:	d014      	beq.n	1000564e <stdio_usb_out_chars+0xca>
10005624:	2000      	movs	r0, #0
10005626:	f001 fb1f 	bl	10006c68 <tud_cdc_n_write_available>
1000562a:	2800      	cmp	r0, #0
1000562c:	d1e1      	bne.n	100055f2 <stdio_usb_out_chars+0x6e>
1000562e:	f7fb ffdd 	bl	100015ec <time_us_64>
10005632:	465b      	mov	r3, fp
10005634:	000f      	movs	r7, r1
10005636:	681a      	ldr	r2, [r3, #0]
10005638:	685b      	ldr	r3, [r3, #4]
1000563a:	2100      	movs	r1, #0
1000563c:	4684      	mov	ip, r0
1000563e:	480f      	ldr	r0, [pc, #60]	; (1000567c <stdio_usb_out_chars+0xf8>)
10005640:	1812      	adds	r2, r2, r0
10005642:	414b      	adcs	r3, r1
10005644:	429f      	cmp	r7, r3
10005646:	d802      	bhi.n	1000564e <stdio_usb_out_chars+0xca>
10005648:	d1d3      	bne.n	100055f2 <stdio_usb_out_chars+0x6e>
1000564a:	4594      	cmp	ip, r2
1000564c:	d9d1      	bls.n	100055f2 <stdio_usb_out_chars+0x6e>
1000564e:	4650      	mov	r0, sl
10005650:	f002 f83e 	bl	100076d0 <__mutex_exit_veneer>
10005654:	e7ab      	b.n	100055ae <stdio_usb_out_chars+0x2a>
10005656:	2201      	movs	r2, #1
10005658:	4b09      	ldr	r3, [pc, #36]	; (10005680 <stdio_usb_out_chars+0xfc>)
1000565a:	4252      	negs	r2, r2
1000565c:	e7a0      	b.n	100055a0 <stdio_usb_out_chars+0x1c>
1000565e:	2000      	movs	r0, #0
10005660:	2100      	movs	r1, #0
10005662:	4b05      	ldr	r3, [pc, #20]	; (10005678 <stdio_usb_out_chars+0xf4>)
10005664:	6018      	str	r0, [r3, #0]
10005666:	6059      	str	r1, [r3, #4]
10005668:	4650      	mov	r0, sl
1000566a:	f002 f831 	bl	100076d0 <__mutex_exit_veneer>
1000566e:	e79e      	b.n	100055ae <stdio_usb_out_chars+0x2a>
10005670:	000f4240 	.word	0x000f4240
10005674:	20001dc4 	.word	0x20001dc4
10005678:	200010c8 	.word	0x200010c8
1000567c:	0007a120 	.word	0x0007a120
10005680:	7fffffff 	.word	0x7fffffff

10005684 <low_priority_worker_irq>:
10005684:	b510      	push	{r4, lr}
10005686:	4c24      	ldr	r4, [pc, #144]	; (10005718 <low_priority_worker_irq+0x94>)
10005688:	b084      	sub	sp, #16
1000568a:	2100      	movs	r1, #0
1000568c:	0020      	movs	r0, r4
1000568e:	f002 f847 	bl	10007720 <__mutex_try_enter_veneer>
10005692:	2800      	cmp	r0, #0
10005694:	d11c      	bne.n	100056d0 <low_priority_worker_irq+0x4c>
10005696:	4b21      	ldr	r3, [pc, #132]	; (1000571c <low_priority_worker_irq+0x98>)
10005698:	681a      	ldr	r2, [r3, #0]
1000569a:	2a00      	cmp	r2, #0
1000569c:	d016      	beq.n	100056cc <low_priority_worker_irq+0x48>
1000569e:	f3ef 8110 	mrs	r1, PRIMASK
100056a2:	b672      	cpsid	i
100056a4:	6810      	ldr	r0, [r2, #0]
100056a6:	2800      	cmp	r0, #0
100056a8:	d0fc      	beq.n	100056a4 <low_priority_worker_irq+0x20>
100056aa:	f3bf 8f5f 	dmb	sy
100056ae:	2401      	movs	r4, #1
100056b0:	481b      	ldr	r0, [pc, #108]	; (10005720 <low_priority_worker_irq+0x9c>)
100056b2:	6059      	str	r1, [r3, #4]
100056b4:	7802      	ldrb	r2, [r0, #0]
100056b6:	681b      	ldr	r3, [r3, #0]
100056b8:	b2d2      	uxtb	r2, r2
100056ba:	7004      	strb	r4, [r0, #0]
100056bc:	f3bf 8f5f 	dmb	sy
100056c0:	2000      	movs	r0, #0
100056c2:	6018      	str	r0, [r3, #0]
100056c4:	f381 8810 	msr	PRIMASK, r1
100056c8:	2a00      	cmp	r2, #0
100056ca:	d00a      	beq.n	100056e2 <low_priority_worker_irq+0x5e>
100056cc:	b004      	add	sp, #16
100056ce:	bd10      	pop	{r4, pc}
100056d0:	2001      	movs	r0, #1
100056d2:	2100      	movs	r1, #0
100056d4:	4240      	negs	r0, r0
100056d6:	f000 fbff 	bl	10005ed8 <tud_task_ext>
100056da:	0020      	movs	r0, r4
100056dc:	f001 fff8 	bl	100076d0 <__mutex_exit_veneer>
100056e0:	e7f4      	b.n	100056cc <low_priority_worker_irq+0x48>
100056e2:	f7fb fd71 	bl	100011c8 <alarm_pool_get_default>
100056e6:	0004      	movs	r4, r0
100056e8:	f7fb ff80 	bl	100015ec <time_us_64>
100056ec:	22fa      	movs	r2, #250	; 0xfa
100056ee:	2300      	movs	r3, #0
100056f0:	0092      	lsls	r2, r2, #2
100056f2:	1812      	adds	r2, r2, r0
100056f4:	414b      	adcs	r3, r1
100056f6:	2b00      	cmp	r3, #0
100056f8:	db09      	blt.n	1000570e <low_priority_worker_irq+0x8a>
100056fa:	2101      	movs	r1, #1
100056fc:	9102      	str	r1, [sp, #8]
100056fe:	2100      	movs	r1, #0
10005700:	9101      	str	r1, [sp, #4]
10005702:	4908      	ldr	r1, [pc, #32]	; (10005724 <low_priority_worker_irq+0xa0>)
10005704:	0020      	movs	r0, r4
10005706:	9100      	str	r1, [sp, #0]
10005708:	f7fb fd62 	bl	100011d0 <alarm_pool_add_alarm_at>
1000570c:	e7de      	b.n	100056cc <low_priority_worker_irq+0x48>
1000570e:	2201      	movs	r2, #1
10005710:	4b05      	ldr	r3, [pc, #20]	; (10005728 <low_priority_worker_irq+0xa4>)
10005712:	4252      	negs	r2, r2
10005714:	e7f1      	b.n	100056fa <low_priority_worker_irq+0x76>
10005716:	46c0      	nop			; (mov r8, r8)
10005718:	20001dc4 	.word	0x20001dc4
1000571c:	20001d54 	.word	0x20001d54
10005720:	20001e38 	.word	0x20001e38
10005724:	100054a1 	.word	0x100054a1
10005728:	7fffffff 	.word	0x7fffffff

1000572c <tud_cdc_rx_cb>:
1000572c:	4b05      	ldr	r3, [pc, #20]	; (10005744 <tud_cdc_rx_cb+0x18>)
1000572e:	b510      	push	{r4, lr}
10005730:	6818      	ldr	r0, [r3, #0]
10005732:	2800      	cmp	r0, #0
10005734:	d004      	beq.n	10005740 <tud_cdc_rx_cb+0x14>
10005736:	4b04      	ldr	r3, [pc, #16]	; (10005748 <tud_cdc_rx_cb+0x1c>)
10005738:	2200      	movs	r2, #0
1000573a:	6819      	ldr	r1, [r3, #0]
1000573c:	f001 f844 	bl	100067c8 <usbd_defer_func>
10005740:	bd10      	pop	{r4, pc}
10005742:	46c0      	nop			; (mov r8, r8)
10005744:	20001844 	.word	0x20001844
10005748:	20001848 	.word	0x20001848

1000574c <stdio_usb_init>:
1000574c:	23d0      	movs	r3, #208	; 0xd0
1000574e:	b510      	push	{r4, lr}
10005750:	061b      	lsls	r3, r3, #24
10005752:	b084      	sub	sp, #16
10005754:	681c      	ldr	r4, [r3, #0]
10005756:	f7fb fd37 	bl	100011c8 <alarm_pool_get_default>
1000575a:	f7fb fdf5 	bl	10001348 <alarm_pool_core_num>
1000575e:	42a0      	cmp	r0, r4
10005760:	d002      	beq.n	10005768 <stdio_usb_init+0x1c>
10005762:	2000      	movs	r0, #0
10005764:	b004      	add	sp, #16
10005766:	bd10      	pop	{r4, pc}
10005768:	4b26      	ldr	r3, [pc, #152]	; (10005804 <stdio_usb_init+0xb8>)
1000576a:	781b      	ldrb	r3, [r3, #0]
1000576c:	f001 fc66 	bl	1000703c <tusb_init>
10005770:	4825      	ldr	r0, [pc, #148]	; (10005808 <stdio_usb_init+0xbc>)
10005772:	f7fc fb43 	bl	10001dfc <mutex_init>
10005776:	2001      	movs	r0, #1
10005778:	f7fc fb24 	bl	10001dc4 <user_irq_claim_unused>
1000577c:	23ff      	movs	r3, #255	; 0xff
1000577e:	4c23      	ldr	r4, [pc, #140]	; (1000580c <stdio_usb_init+0xc0>)
10005780:	4923      	ldr	r1, [pc, #140]	; (10005810 <stdio_usb_init+0xc4>)
10005782:	7020      	strb	r0, [r4, #0]
10005784:	4018      	ands	r0, r3
10005786:	f7fc f8bb 	bl	10001900 <irq_set_exclusive_handler>
1000578a:	7820      	ldrb	r0, [r4, #0]
1000578c:	2101      	movs	r1, #1
1000578e:	f7fc f873 	bl	10001878 <irq_set_enabled>
10005792:	2005      	movs	r0, #5
10005794:	f7fc f896 	bl	100018c4 <irq_has_shared_handler>
10005798:	2800      	cmp	r0, #0
1000579a:	d122      	bne.n	100057e2 <stdio_usb_init+0x96>
1000579c:	f7fb fd14 	bl	100011c8 <alarm_pool_get_default>
100057a0:	0004      	movs	r4, r0
100057a2:	f7fb ff23 	bl	100015ec <time_us_64>
100057a6:	22fa      	movs	r2, #250	; 0xfa
100057a8:	2300      	movs	r3, #0
100057aa:	0092      	lsls	r2, r2, #2
100057ac:	1812      	adds	r2, r2, r0
100057ae:	414b      	adcs	r3, r1
100057b0:	2b00      	cmp	r3, #0
100057b2:	db22      	blt.n	100057fa <stdio_usb_init+0xae>
100057b4:	2101      	movs	r1, #1
100057b6:	9102      	str	r1, [sp, #8]
100057b8:	2100      	movs	r1, #0
100057ba:	9101      	str	r1, [sp, #4]
100057bc:	4915      	ldr	r1, [pc, #84]	; (10005814 <stdio_usb_init+0xc8>)
100057be:	0020      	movs	r0, r4
100057c0:	9100      	str	r1, [sp, #0]
100057c2:	f7fb fd05 	bl	100011d0 <alarm_pool_add_alarm_at>
100057c6:	2208      	movs	r2, #8
100057c8:	0004      	movs	r4, r0
100057ca:	2100      	movs	r1, #0
100057cc:	4812      	ldr	r0, [pc, #72]	; (10005818 <stdio_usb_init+0xcc>)
100057ce:	f7ff fbc9 	bl	10004f64 <__wrap_memset>
100057d2:	2c00      	cmp	r4, #0
100057d4:	dbc5      	blt.n	10005762 <stdio_usb_init+0x16>
100057d6:	4811      	ldr	r0, [pc, #68]	; (1000581c <stdio_usb_init+0xd0>)
100057d8:	2101      	movs	r1, #1
100057da:	f7ff fd4b 	bl	10005274 <stdio_set_driver_enabled>
100057de:	2001      	movs	r0, #1
100057e0:	e7c0      	b.n	10005764 <stdio_usb_init+0x18>
100057e2:	2200      	movs	r2, #0
100057e4:	490e      	ldr	r1, [pc, #56]	; (10005820 <stdio_usb_init+0xd4>)
100057e6:	2005      	movs	r0, #5
100057e8:	f7fc f8b4 	bl	10001954 <irq_add_shared_handler>
100057ec:	f7fb fb0a 	bl	10000e04 <next_striped_spin_lock_num>
100057f0:	0001      	movs	r1, r0
100057f2:	4809      	ldr	r0, [pc, #36]	; (10005818 <stdio_usb_init+0xcc>)
100057f4:	f7fc fb2e 	bl	10001e54 <critical_section_init_with_lock_num>
100057f8:	e7ed      	b.n	100057d6 <stdio_usb_init+0x8a>
100057fa:	2201      	movs	r2, #1
100057fc:	4b09      	ldr	r3, [pc, #36]	; (10005824 <stdio_usb_init+0xd8>)
100057fe:	4252      	negs	r2, r2
10005800:	e7d8      	b.n	100057b4 <stdio_usb_init+0x68>
10005802:	46c0      	nop			; (mov r8, r8)
10005804:	10007d50 	.word	0x10007d50
10005808:	20001dc4 	.word	0x20001dc4
1000580c:	20001e37 	.word	0x20001e37
10005810:	10005685 	.word	0x10005685
10005814:	100054a1 	.word	0x100054a1
10005818:	20001d54 	.word	0x20001d54
1000581c:	20000f60 	.word	0x20000f60
10005820:	10005491 	.word	0x10005491
10005824:	7fffffff 	.word	0x7fffffff

10005828 <tud_descriptor_device_cb>:
10005828:	4800      	ldr	r0, [pc, #0]	; (1000582c <tud_descriptor_device_cb+0x4>)
1000582a:	4770      	bx	lr
1000582c:	10007bfc 	.word	0x10007bfc

10005830 <tud_descriptor_configuration_cb>:
10005830:	4800      	ldr	r0, [pc, #0]	; (10005834 <tud_descriptor_configuration_cb+0x4>)
10005832:	4770      	bx	lr
10005834:	10007ba8 	.word	0x10007ba8

10005838 <tud_descriptor_string_cb>:
10005838:	b570      	push	{r4, r5, r6, lr}
1000583a:	0004      	movs	r4, r0
1000583c:	4817      	ldr	r0, [pc, #92]	; (1000589c <tud_descriptor_string_cb+0x64>)
1000583e:	7803      	ldrb	r3, [r0, #0]
10005840:	2b00      	cmp	r3, #0
10005842:	d021      	beq.n	10005888 <tud_descriptor_string_cb+0x50>
10005844:	2c00      	cmp	r4, #0
10005846:	d106      	bne.n	10005856 <tud_descriptor_string_cb+0x1e>
10005848:	24c1      	movs	r4, #193	; 0xc1
1000584a:	4815      	ldr	r0, [pc, #84]	; (100058a0 <tud_descriptor_string_cb+0x68>)
1000584c:	4b15      	ldr	r3, [pc, #84]	; (100058a4 <tud_descriptor_string_cb+0x6c>)
1000584e:	00a4      	lsls	r4, r4, #2
10005850:	8043      	strh	r3, [r0, #2]
10005852:	8004      	strh	r4, [r0, #0]
10005854:	bd70      	pop	{r4, r5, r6, pc}
10005856:	2c05      	cmp	r4, #5
10005858:	d81d      	bhi.n	10005896 <tud_descriptor_string_cb+0x5e>
1000585a:	4b13      	ldr	r3, [pc, #76]	; (100058a8 <tud_descriptor_string_cb+0x70>)
1000585c:	4810      	ldr	r0, [pc, #64]	; (100058a0 <tud_descriptor_string_cb+0x68>)
1000585e:	00a4      	lsls	r4, r4, #2
10005860:	58e5      	ldr	r5, [r4, r3]
10005862:	1c81      	adds	r1, r0, #2
10005864:	2300      	movs	r3, #0
10005866:	e004      	b.n	10005872 <tud_descriptor_string_cb+0x3a>
10005868:	3301      	adds	r3, #1
1000586a:	800a      	strh	r2, [r1, #0]
1000586c:	3102      	adds	r1, #2
1000586e:	2b13      	cmp	r3, #19
10005870:	d00e      	beq.n	10005890 <tud_descriptor_string_cb+0x58>
10005872:	5cea      	ldrb	r2, [r5, r3]
10005874:	b2dc      	uxtb	r4, r3
10005876:	2a00      	cmp	r2, #0
10005878:	d1f6      	bne.n	10005868 <tud_descriptor_string_cb+0x30>
1000587a:	23c0      	movs	r3, #192	; 0xc0
1000587c:	3401      	adds	r4, #1
1000587e:	b2e4      	uxtb	r4, r4
10005880:	0064      	lsls	r4, r4, #1
10005882:	009b      	lsls	r3, r3, #2
10005884:	431c      	orrs	r4, r3
10005886:	e7e4      	b.n	10005852 <tud_descriptor_string_cb+0x1a>
10005888:	2111      	movs	r1, #17
1000588a:	f000 f817 	bl	100058bc <pico_get_unique_board_id_string>
1000588e:	e7d9      	b.n	10005844 <tud_descriptor_string_cb+0xc>
10005890:	24ca      	movs	r4, #202	; 0xca
10005892:	00a4      	lsls	r4, r4, #2
10005894:	e7dd      	b.n	10005852 <tud_descriptor_string_cb+0x1a>
10005896:	2000      	movs	r0, #0
10005898:	e7dc      	b.n	10005854 <tud_descriptor_string_cb+0x1c>
1000589a:	46c0      	nop			; (mov r8, r8)
1000589c:	20001e20 	.word	0x20001e20
100058a0:	200018b8 	.word	0x200018b8
100058a4:	00000409 	.word	0x00000409
100058a8:	10007c10 	.word	0x10007c10

100058ac <_retrieve_unique_id_on_boot>:
100058ac:	b510      	push	{r4, lr}
100058ae:	4802      	ldr	r0, [pc, #8]	; (100058b8 <_retrieve_unique_id_on_boot+0xc>)
100058b0:	f000 f8d8 	bl	10005a64 <flash_get_unique_id>
100058b4:	bd10      	pop	{r4, pc}
100058b6:	46c0      	nop			; (mov r8, r8)
100058b8:	20001db4 	.word	0x20001db4

100058bc <pico_get_unique_board_id_string>:
100058bc:	b530      	push	{r4, r5, lr}
100058be:	1e4b      	subs	r3, r1, #1
100058c0:	2901      	cmp	r1, #1
100058c2:	d100      	bne.n	100058c6 <pico_get_unique_board_id_string+0xa>
100058c4:	e0a7      	b.n	10005a16 <pico_get_unique_board_id_string+0x15a>
100058c6:	4a66      	ldr	r2, [pc, #408]	; (10005a60 <pico_get_unique_board_id_string+0x1a4>)
100058c8:	7811      	ldrb	r1, [r2, #0]
100058ca:	110d      	asrs	r5, r1, #4
100058cc:	002c      	movs	r4, r5
100058ce:	3430      	adds	r4, #48	; 0x30
100058d0:	299f      	cmp	r1, #159	; 0x9f
100058d2:	d900      	bls.n	100058d6 <pico_get_unique_board_id_string+0x1a>
100058d4:	e0a2      	b.n	10005a1c <pico_get_unique_board_id_string+0x160>
100058d6:	7004      	strb	r4, [r0, #0]
100058d8:	2b01      	cmp	r3, #1
100058da:	d100      	bne.n	100058de <pico_get_unique_board_id_string+0x22>
100058dc:	e0be      	b.n	10005a5c <pico_get_unique_board_id_string+0x1a0>
100058de:	210f      	movs	r1, #15
100058e0:	7814      	ldrb	r4, [r2, #0]
100058e2:	4021      	ands	r1, r4
100058e4:	000c      	movs	r4, r1
100058e6:	3430      	adds	r4, #48	; 0x30
100058e8:	2909      	cmp	r1, #9
100058ea:	dd00      	ble.n	100058ee <pico_get_unique_board_id_string+0x32>
100058ec:	e098      	b.n	10005a20 <pico_get_unique_board_id_string+0x164>
100058ee:	7044      	strb	r4, [r0, #1]
100058f0:	2b02      	cmp	r3, #2
100058f2:	d100      	bne.n	100058f6 <pico_get_unique_board_id_string+0x3a>
100058f4:	e0b2      	b.n	10005a5c <pico_get_unique_board_id_string+0x1a0>
100058f6:	7854      	ldrb	r4, [r2, #1]
100058f8:	1125      	asrs	r5, r4, #4
100058fa:	0029      	movs	r1, r5
100058fc:	3130      	adds	r1, #48	; 0x30
100058fe:	2c9f      	cmp	r4, #159	; 0x9f
10005900:	d900      	bls.n	10005904 <pico_get_unique_board_id_string+0x48>
10005902:	e090      	b.n	10005a26 <pico_get_unique_board_id_string+0x16a>
10005904:	7081      	strb	r1, [r0, #2]
10005906:	2b03      	cmp	r3, #3
10005908:	d100      	bne.n	1000590c <pico_get_unique_board_id_string+0x50>
1000590a:	e0a7      	b.n	10005a5c <pico_get_unique_board_id_string+0x1a0>
1000590c:	210f      	movs	r1, #15
1000590e:	4021      	ands	r1, r4
10005910:	000c      	movs	r4, r1
10005912:	3430      	adds	r4, #48	; 0x30
10005914:	2909      	cmp	r1, #9
10005916:	dd00      	ble.n	1000591a <pico_get_unique_board_id_string+0x5e>
10005918:	e087      	b.n	10005a2a <pico_get_unique_board_id_string+0x16e>
1000591a:	70c4      	strb	r4, [r0, #3]
1000591c:	2b04      	cmp	r3, #4
1000591e:	d100      	bne.n	10005922 <pico_get_unique_board_id_string+0x66>
10005920:	e09c      	b.n	10005a5c <pico_get_unique_board_id_string+0x1a0>
10005922:	7894      	ldrb	r4, [r2, #2]
10005924:	1125      	asrs	r5, r4, #4
10005926:	0029      	movs	r1, r5
10005928:	3130      	adds	r1, #48	; 0x30
1000592a:	2c9f      	cmp	r4, #159	; 0x9f
1000592c:	d900      	bls.n	10005930 <pico_get_unique_board_id_string+0x74>
1000592e:	e07f      	b.n	10005a30 <pico_get_unique_board_id_string+0x174>
10005930:	7101      	strb	r1, [r0, #4]
10005932:	2b05      	cmp	r3, #5
10005934:	d100      	bne.n	10005938 <pico_get_unique_board_id_string+0x7c>
10005936:	e091      	b.n	10005a5c <pico_get_unique_board_id_string+0x1a0>
10005938:	210f      	movs	r1, #15
1000593a:	4021      	ands	r1, r4
1000593c:	000c      	movs	r4, r1
1000593e:	3430      	adds	r4, #48	; 0x30
10005940:	2909      	cmp	r1, #9
10005942:	dd00      	ble.n	10005946 <pico_get_unique_board_id_string+0x8a>
10005944:	e076      	b.n	10005a34 <pico_get_unique_board_id_string+0x178>
10005946:	7144      	strb	r4, [r0, #5]
10005948:	2b06      	cmp	r3, #6
1000594a:	d100      	bne.n	1000594e <pico_get_unique_board_id_string+0x92>
1000594c:	e086      	b.n	10005a5c <pico_get_unique_board_id_string+0x1a0>
1000594e:	78d4      	ldrb	r4, [r2, #3]
10005950:	1125      	asrs	r5, r4, #4
10005952:	0029      	movs	r1, r5
10005954:	3130      	adds	r1, #48	; 0x30
10005956:	2c9f      	cmp	r4, #159	; 0x9f
10005958:	d900      	bls.n	1000595c <pico_get_unique_board_id_string+0xa0>
1000595a:	e06e      	b.n	10005a3a <pico_get_unique_board_id_string+0x17e>
1000595c:	7181      	strb	r1, [r0, #6]
1000595e:	2b07      	cmp	r3, #7
10005960:	d100      	bne.n	10005964 <pico_get_unique_board_id_string+0xa8>
10005962:	e07b      	b.n	10005a5c <pico_get_unique_board_id_string+0x1a0>
10005964:	210f      	movs	r1, #15
10005966:	4021      	ands	r1, r4
10005968:	000c      	movs	r4, r1
1000596a:	3430      	adds	r4, #48	; 0x30
1000596c:	2909      	cmp	r1, #9
1000596e:	dc66      	bgt.n	10005a3e <pico_get_unique_board_id_string+0x182>
10005970:	71c4      	strb	r4, [r0, #7]
10005972:	2b08      	cmp	r3, #8
10005974:	d100      	bne.n	10005978 <pico_get_unique_board_id_string+0xbc>
10005976:	e071      	b.n	10005a5c <pico_get_unique_board_id_string+0x1a0>
10005978:	7914      	ldrb	r4, [r2, #4]
1000597a:	1125      	asrs	r5, r4, #4
1000597c:	0029      	movs	r1, r5
1000597e:	3130      	adds	r1, #48	; 0x30
10005980:	2c9f      	cmp	r4, #159	; 0x9f
10005982:	d85f      	bhi.n	10005a44 <pico_get_unique_board_id_string+0x188>
10005984:	7201      	strb	r1, [r0, #8]
10005986:	2b09      	cmp	r3, #9
10005988:	d068      	beq.n	10005a5c <pico_get_unique_board_id_string+0x1a0>
1000598a:	210f      	movs	r1, #15
1000598c:	4021      	ands	r1, r4
1000598e:	000c      	movs	r4, r1
10005990:	3430      	adds	r4, #48	; 0x30
10005992:	2909      	cmp	r1, #9
10005994:	dc58      	bgt.n	10005a48 <pico_get_unique_board_id_string+0x18c>
10005996:	7244      	strb	r4, [r0, #9]
10005998:	2b0a      	cmp	r3, #10
1000599a:	d05f      	beq.n	10005a5c <pico_get_unique_board_id_string+0x1a0>
1000599c:	7954      	ldrb	r4, [r2, #5]
1000599e:	1125      	asrs	r5, r4, #4
100059a0:	0029      	movs	r1, r5
100059a2:	3130      	adds	r1, #48	; 0x30
100059a4:	2c9f      	cmp	r4, #159	; 0x9f
100059a6:	d852      	bhi.n	10005a4e <pico_get_unique_board_id_string+0x192>
100059a8:	7281      	strb	r1, [r0, #10]
100059aa:	2b0b      	cmp	r3, #11
100059ac:	d056      	beq.n	10005a5c <pico_get_unique_board_id_string+0x1a0>
100059ae:	210f      	movs	r1, #15
100059b0:	4021      	ands	r1, r4
100059b2:	000c      	movs	r4, r1
100059b4:	3430      	adds	r4, #48	; 0x30
100059b6:	2909      	cmp	r1, #9
100059b8:	dc4b      	bgt.n	10005a52 <pico_get_unique_board_id_string+0x196>
100059ba:	72c4      	strb	r4, [r0, #11]
100059bc:	2b0c      	cmp	r3, #12
100059be:	d04d      	beq.n	10005a5c <pico_get_unique_board_id_string+0x1a0>
100059c0:	7994      	ldrb	r4, [r2, #6]
100059c2:	1125      	asrs	r5, r4, #4
100059c4:	0029      	movs	r1, r5
100059c6:	3130      	adds	r1, #48	; 0x30
100059c8:	2c9f      	cmp	r4, #159	; 0x9f
100059ca:	d900      	bls.n	100059ce <pico_get_unique_board_id_string+0x112>
100059cc:	3107      	adds	r1, #7
100059ce:	7301      	strb	r1, [r0, #12]
100059d0:	2b0d      	cmp	r3, #13
100059d2:	d043      	beq.n	10005a5c <pico_get_unique_board_id_string+0x1a0>
100059d4:	210f      	movs	r1, #15
100059d6:	4021      	ands	r1, r4
100059d8:	000c      	movs	r4, r1
100059da:	3430      	adds	r4, #48	; 0x30
100059dc:	2909      	cmp	r1, #9
100059de:	dd01      	ble.n	100059e4 <pico_get_unique_board_id_string+0x128>
100059e0:	3137      	adds	r1, #55	; 0x37
100059e2:	000c      	movs	r4, r1
100059e4:	7344      	strb	r4, [r0, #13]
100059e6:	2b0e      	cmp	r3, #14
100059e8:	d038      	beq.n	10005a5c <pico_get_unique_board_id_string+0x1a0>
100059ea:	79d1      	ldrb	r1, [r2, #7]
100059ec:	110c      	asrs	r4, r1, #4
100059ee:	0022      	movs	r2, r4
100059f0:	3230      	adds	r2, #48	; 0x30
100059f2:	299f      	cmp	r1, #159	; 0x9f
100059f4:	d900      	bls.n	100059f8 <pico_get_unique_board_id_string+0x13c>
100059f6:	3207      	adds	r2, #7
100059f8:	7382      	strb	r2, [r0, #14]
100059fa:	2b0f      	cmp	r3, #15
100059fc:	d02e      	beq.n	10005a5c <pico_get_unique_board_id_string+0x1a0>
100059fe:	220f      	movs	r2, #15
10005a00:	400a      	ands	r2, r1
10005a02:	0011      	movs	r1, r2
10005a04:	3137      	adds	r1, #55	; 0x37
10005a06:	2a09      	cmp	r2, #9
10005a08:	dc01      	bgt.n	10005a0e <pico_get_unique_board_id_string+0x152>
10005a0a:	3230      	adds	r2, #48	; 0x30
10005a0c:	0011      	movs	r1, r2
10005a0e:	73c1      	strb	r1, [r0, #15]
10005a10:	2b10      	cmp	r3, #16
10005a12:	d023      	beq.n	10005a5c <pico_get_unique_board_id_string+0x1a0>
10005a14:	3010      	adds	r0, #16
10005a16:	2300      	movs	r3, #0
10005a18:	7003      	strb	r3, [r0, #0]
10005a1a:	bd30      	pop	{r4, r5, pc}
10005a1c:	3407      	adds	r4, #7
10005a1e:	e75a      	b.n	100058d6 <pico_get_unique_board_id_string+0x1a>
10005a20:	3137      	adds	r1, #55	; 0x37
10005a22:	000c      	movs	r4, r1
10005a24:	e763      	b.n	100058ee <pico_get_unique_board_id_string+0x32>
10005a26:	3107      	adds	r1, #7
10005a28:	e76c      	b.n	10005904 <pico_get_unique_board_id_string+0x48>
10005a2a:	3137      	adds	r1, #55	; 0x37
10005a2c:	000c      	movs	r4, r1
10005a2e:	e774      	b.n	1000591a <pico_get_unique_board_id_string+0x5e>
10005a30:	3107      	adds	r1, #7
10005a32:	e77d      	b.n	10005930 <pico_get_unique_board_id_string+0x74>
10005a34:	3137      	adds	r1, #55	; 0x37
10005a36:	000c      	movs	r4, r1
10005a38:	e785      	b.n	10005946 <pico_get_unique_board_id_string+0x8a>
10005a3a:	3107      	adds	r1, #7
10005a3c:	e78e      	b.n	1000595c <pico_get_unique_board_id_string+0xa0>
10005a3e:	3137      	adds	r1, #55	; 0x37
10005a40:	000c      	movs	r4, r1
10005a42:	e795      	b.n	10005970 <pico_get_unique_board_id_string+0xb4>
10005a44:	3107      	adds	r1, #7
10005a46:	e79d      	b.n	10005984 <pico_get_unique_board_id_string+0xc8>
10005a48:	3137      	adds	r1, #55	; 0x37
10005a4a:	000c      	movs	r4, r1
10005a4c:	e7a3      	b.n	10005996 <pico_get_unique_board_id_string+0xda>
10005a4e:	3107      	adds	r1, #7
10005a50:	e7aa      	b.n	100059a8 <pico_get_unique_board_id_string+0xec>
10005a52:	3137      	adds	r1, #55	; 0x37
10005a54:	000c      	movs	r4, r1
10005a56:	72c4      	strb	r4, [r0, #11]
10005a58:	2b0c      	cmp	r3, #12
10005a5a:	d1b1      	bne.n	100059c0 <pico_get_unique_board_id_string+0x104>
10005a5c:	18c0      	adds	r0, r0, r3
10005a5e:	e7da      	b.n	10005a16 <pico_get_unique_board_id_string+0x15a>
10005a60:	20001db4 	.word	0x20001db4

10005a64 <flash_get_unique_id>:
10005a64:	b530      	push	{r4, r5, lr}
10005a66:	2500      	movs	r5, #0
10005a68:	b089      	sub	sp, #36	; 0x24
10005a6a:	0004      	movs	r4, r0
10005a6c:	2209      	movs	r2, #9
10005a6e:	2100      	movs	r1, #0
10005a70:	a801      	add	r0, sp, #4
10005a72:	9500      	str	r5, [sp, #0]
10005a74:	f7ff fa76 	bl	10004f64 <__wrap_memset>
10005a78:	2209      	movs	r2, #9
10005a7a:	2100      	movs	r1, #0
10005a7c:	a805      	add	r0, sp, #20
10005a7e:	9504      	str	r5, [sp, #16]
10005a80:	f7ff fa70 	bl	10004f64 <__wrap_memset>
10005a84:	234b      	movs	r3, #75	; 0x4b
10005a86:	466a      	mov	r2, sp
10005a88:	4668      	mov	r0, sp
10005a8a:	7013      	strb	r3, [r2, #0]
10005a8c:	a904      	add	r1, sp, #16
10005a8e:	220d      	movs	r2, #13
10005a90:	f001 fe16 	bl	100076c0 <__flash_do_cmd_veneer>
10005a94:	2115      	movs	r1, #21
10005a96:	2208      	movs	r2, #8
10005a98:	0020      	movs	r0, r4
10005a9a:	4469      	add	r1, sp
10005a9c:	f7ff fa68 	bl	10004f70 <__wrap___aeabi_memcpy>
10005aa0:	b009      	add	sp, #36	; 0x24
10005aa2:	bd30      	pop	{r4, r5, pc}

10005aa4 <dcd_int_enable>:
10005aa4:	b510      	push	{r4, lr}
10005aa6:	2101      	movs	r1, #1
10005aa8:	2005      	movs	r0, #5
10005aaa:	f7fb fee5 	bl	10001878 <irq_set_enabled>
10005aae:	bd10      	pop	{r4, pc}

10005ab0 <dcd_set_address>:
10005ab0:	b510      	push	{r4, lr}
10005ab2:	2200      	movs	r2, #0
10005ab4:	2100      	movs	r1, #0
10005ab6:	4802      	ldr	r0, [pc, #8]	; (10005ac0 <dcd_set_address+0x10>)
10005ab8:	f000 f95a 	bl	10005d70 <hw_endpoint_xfer_start>
10005abc:	bd10      	pop	{r4, pc}
10005abe:	46c0      	nop			; (mov r8, r8)
10005ac0:	2000190c 	.word	0x2000190c

10005ac4 <dcd_connect>:
10005ac4:	2280      	movs	r2, #128	; 0x80
10005ac6:	4b02      	ldr	r3, [pc, #8]	; (10005ad0 <dcd_connect+0xc>)
10005ac8:	0252      	lsls	r2, r2, #9
10005aca:	64da      	str	r2, [r3, #76]	; 0x4c
10005acc:	4770      	bx	lr
10005ace:	46c0      	nop			; (mov r8, r8)
10005ad0:	50112000 	.word	0x50112000

10005ad4 <dcd_init>:
10005ad4:	b5f0      	push	{r4, r5, r6, r7, lr}
10005ad6:	46c6      	mov	lr, r8
10005ad8:	b500      	push	{lr}
10005ada:	0006      	movs	r6, r0
10005adc:	f000 f922 	bl	10005d24 <rp2040_usb_init>
10005ae0:	230c      	movs	r3, #12
10005ae2:	4d1b      	ldr	r5, [pc, #108]	; (10005b50 <dcd_init+0x7c>)
10005ae4:	22ff      	movs	r2, #255	; 0xff
10005ae6:	67ab      	str	r3, [r5, #120]	; 0x78
10005ae8:	2005      	movs	r0, #5
10005aea:	491a      	ldr	r1, [pc, #104]	; (10005b54 <dcd_init+0x80>)
10005aec:	f7fb ff32 	bl	10001954 <irq_add_shared_handler>
10005af0:	2340      	movs	r3, #64	; 0x40
10005af2:	4698      	mov	r8, r3
10005af4:	4c18      	ldr	r4, [pc, #96]	; (10005b58 <dcd_init+0x84>)
10005af6:	2240      	movs	r2, #64	; 0x40
10005af8:	2100      	movs	r1, #0
10005afa:	0020      	movs	r0, r4
10005afc:	f7ff fa32 	bl	10004f64 <__wrap_memset>
10005b00:	4643      	mov	r3, r8
10005b02:	2701      	movs	r7, #1
10005b04:	8323      	strh	r3, [r4, #24]
10005b06:	2121      	movs	r1, #33	; 0x21
10005b08:	2300      	movs	r3, #0
10005b0a:	4a14      	ldr	r2, [pc, #80]	; (10005b5c <dcd_init+0x88>)
10005b0c:	7067      	strb	r7, [r4, #1]
10005b0e:	60a2      	str	r2, [r4, #8]
10005b10:	6013      	str	r3, [r2, #0]
10005b12:	5463      	strb	r3, [r4, r1]
10005b14:	315f      	adds	r1, #95	; 0x5f
10005b16:	8461      	strh	r1, [r4, #34]	; 0x22
10005b18:	4641      	mov	r1, r8
10005b1a:	8721      	strh	r1, [r4, #56]	; 0x38
10005b1c:	3905      	subs	r1, #5
10005b1e:	5463      	strb	r3, [r4, r1]
10005b20:	4a0f      	ldr	r2, [pc, #60]	; (10005b60 <dcd_init+0x8c>)
10005b22:	4910      	ldr	r1, [pc, #64]	; (10005b64 <dcd_init+0x90>)
10005b24:	6063      	str	r3, [r4, #4]
10005b26:	60e2      	str	r2, [r4, #12]
10005b28:	62a1      	str	r1, [r4, #40]	; 0x28
10005b2a:	600b      	str	r3, [r1, #0]
10005b2c:	6263      	str	r3, [r4, #36]	; 0x24
10005b2e:	62e2      	str	r2, [r4, #44]	; 0x2c
10005b30:	f001 fdde 	bl	100076f0 <__reset_non_control_endpoints_veneer>
10005b34:	2380      	movs	r3, #128	; 0x80
10005b36:	059b      	lsls	r3, r3, #22
10005b38:	642f      	str	r7, [r5, #64]	; 0x40
10005b3a:	64eb      	str	r3, [r5, #76]	; 0x4c
10005b3c:	2390      	movs	r3, #144	; 0x90
10005b3e:	4a0a      	ldr	r2, [pc, #40]	; (10005b68 <dcd_init+0x94>)
10005b40:	0030      	movs	r0, r6
10005b42:	50ea      	str	r2, [r5, r3]
10005b44:	f7ff ffbe 	bl	10005ac4 <dcd_connect>
10005b48:	bc80      	pop	{r7}
10005b4a:	46b8      	mov	r8, r7
10005b4c:	bdf0      	pop	{r4, r5, r6, r7, pc}
10005b4e:	46c0      	nop			; (mov r8, r8)
10005b50:	50110000 	.word	0x50110000
10005b54:	20000591 	.word	0x20000591
10005b58:	200018ec 	.word	0x200018ec
10005b5c:	50100084 	.word	0x50100084
10005b60:	50100100 	.word	0x50100100
10005b64:	50100080 	.word	0x50100080
10005b68:	0001d010 	.word	0x0001d010

10005b6c <dcd_edpt0_status_complete>:
10005b6c:	780b      	ldrb	r3, [r1, #0]
10005b6e:	065b      	lsls	r3, r3, #25
10005b70:	d102      	bne.n	10005b78 <dcd_edpt0_status_complete+0xc>
10005b72:	784b      	ldrb	r3, [r1, #1]
10005b74:	2b05      	cmp	r3, #5
10005b76:	d000      	beq.n	10005b7a <dcd_edpt0_status_complete+0xe>
10005b78:	4770      	bx	lr
10005b7a:	788a      	ldrb	r2, [r1, #2]
10005b7c:	4b01      	ldr	r3, [pc, #4]	; (10005b84 <dcd_edpt0_status_complete+0x18>)
10005b7e:	601a      	str	r2, [r3, #0]
10005b80:	e7fa      	b.n	10005b78 <dcd_edpt0_status_complete+0xc>
10005b82:	46c0      	nop			; (mov r8, r8)
10005b84:	50110000 	.word	0x50110000

10005b88 <dcd_edpt_open>:
10005b88:	b5f0      	push	{r4, r5, r6, r7, lr}
10005b8a:	46c6      	mov	lr, r8
10005b8c:	b500      	push	{lr}
10005b8e:	794b      	ldrb	r3, [r1, #5]
10005b90:	790c      	ldrb	r4, [r1, #4]
10005b92:	021b      	lsls	r3, r3, #8
10005b94:	7888      	ldrb	r0, [r1, #2]
10005b96:	4323      	orrs	r3, r4
10005b98:	78cc      	ldrb	r4, [r1, #3]
10005b9a:	217f      	movs	r1, #127	; 0x7f
10005b9c:	07a4      	lsls	r4, r4, #30
10005b9e:	4001      	ands	r1, r0
10005ba0:	09c5      	lsrs	r5, r0, #7
10005ba2:	0fa2      	lsrs	r2, r4, #30
10005ba4:	004f      	lsls	r7, r1, #1
10005ba6:	0014      	movs	r4, r2
10005ba8:	4e32      	ldr	r6, [pc, #200]	; (10005c74 <dcd_edpt_open+0xec>)
10005baa:	197a      	adds	r2, r7, r5
10005bac:	0152      	lsls	r2, r2, #5
10005bae:	18b2      	adds	r2, r6, r2
10005bb0:	7090      	strb	r0, [r2, #2]
10005bb2:	2001      	movs	r0, #1
10005bb4:	4068      	eors	r0, r5
10005bb6:	7050      	strb	r0, [r2, #1]
10005bb8:	2000      	movs	r0, #0
10005bba:	055b      	lsls	r3, r3, #21
10005bbc:	0d5b      	lsrs	r3, r3, #21
10005bbe:	70d0      	strb	r0, [r2, #3]
10005bc0:	8313      	strh	r3, [r2, #24]
10005bc2:	76d4      	strb	r4, [r2, #27]
10005bc4:	4680      	mov	r8, r0
10005bc6:	00ca      	lsls	r2, r1, #3
10005bc8:	2d01      	cmp	r5, #1
10005bca:	d033      	beq.n	10005c34 <dcd_edpt_open+0xac>
10005bcc:	482a      	ldr	r0, [pc, #168]	; (10005c78 <dcd_edpt_open+0xf0>)
10005bce:	4684      	mov	ip, r0
10005bd0:	0188      	lsls	r0, r1, #6
10005bd2:	4462      	add	r2, ip
10005bd4:	4684      	mov	ip, r0
10005bd6:	44b4      	add	ip, r6
10005bd8:	4660      	mov	r0, ip
10005bda:	6082      	str	r2, [r0, #8]
10005bdc:	4640      	mov	r0, r8
10005bde:	6010      	str	r0, [r2, #0]
10005be0:	2900      	cmp	r1, #0
10005be2:	d033      	beq.n	10005c4c <dcd_edpt_open+0xc4>
10005be4:	4a25      	ldr	r2, [pc, #148]	; (10005c7c <dcd_edpt_open+0xf4>)
10005be6:	00c9      	lsls	r1, r1, #3
10005be8:	4690      	mov	r8, r2
10005bea:	4662      	mov	r2, ip
10005bec:	4441      	add	r1, r8
10005bee:	6051      	str	r1, [r2, #4]
10005bf0:	223f      	movs	r2, #63	; 0x3f
10005bf2:	333f      	adds	r3, #63	; 0x3f
10005bf4:	4393      	bics	r3, r2
10005bf6:	2c02      	cmp	r4, #2
10005bf8:	d100      	bne.n	10005bfc <dcd_edpt_open+0x74>
10005bfa:	005b      	lsls	r3, r3, #1
10005bfc:	4820      	ldr	r0, [pc, #128]	; (10005c80 <dcd_edpt_open+0xf8>)
10005bfe:	197a      	adds	r2, r7, r5
10005c00:	6801      	ldr	r1, [r0, #0]
10005c02:	0152      	lsls	r2, r2, #5
10005c04:	18b2      	adds	r2, r6, r2
10005c06:	60d1      	str	r1, [r2, #12]
10005c08:	4a1e      	ldr	r2, [pc, #120]	; (10005c84 <dcd_edpt_open+0xfc>)
10005c0a:	18cb      	adds	r3, r1, r3
10005c0c:	6003      	str	r3, [r0, #0]
10005c0e:	4051      	eors	r1, r2
10005c10:	4053      	eors	r3, r2
10005c12:	2280      	movs	r2, #128	; 0x80
10005c14:	4688      	mov	r8, r1
10005c16:	0152      	lsls	r2, r2, #5
10005c18:	4293      	cmp	r3, r2
10005c1a:	d828      	bhi.n	10005c6e <dcd_edpt_open+0xe6>
10005c1c:	4643      	mov	r3, r8
10005c1e:	06a4      	lsls	r4, r4, #26
10005c20:	431c      	orrs	r4, r3
10005c22:	2380      	movs	r3, #128	; 0x80
10005c24:	197f      	adds	r7, r7, r5
10005c26:	017f      	lsls	r7, r7, #5
10005c28:	061b      	lsls	r3, r3, #24
10005c2a:	19f6      	adds	r6, r6, r7
10005c2c:	431c      	orrs	r4, r3
10005c2e:	6873      	ldr	r3, [r6, #4]
10005c30:	601c      	str	r4, [r3, #0]
10005c32:	e011      	b.n	10005c58 <dcd_edpt_open+0xd0>
10005c34:	4814      	ldr	r0, [pc, #80]	; (10005c88 <dcd_edpt_open+0x100>)
10005c36:	4684      	mov	ip, r0
10005c38:	0188      	lsls	r0, r1, #6
10005c3a:	4462      	add	r2, ip
10005c3c:	4684      	mov	ip, r0
10005c3e:	44b4      	add	ip, r6
10005c40:	4660      	mov	r0, ip
10005c42:	6282      	str	r2, [r0, #40]	; 0x28
10005c44:	4640      	mov	r0, r8
10005c46:	6010      	str	r0, [r2, #0]
10005c48:	2900      	cmp	r1, #0
10005c4a:	d109      	bne.n	10005c60 <dcd_edpt_open+0xd8>
10005c4c:	2300      	movs	r3, #0
10005c4e:	016d      	lsls	r5, r5, #5
10005c50:	1976      	adds	r6, r6, r5
10005c52:	6073      	str	r3, [r6, #4]
10005c54:	4b0d      	ldr	r3, [pc, #52]	; (10005c8c <dcd_edpt_open+0x104>)
10005c56:	60f3      	str	r3, [r6, #12]
10005c58:	2001      	movs	r0, #1
10005c5a:	bc80      	pop	{r7}
10005c5c:	46b8      	mov	r8, r7
10005c5e:	bdf0      	pop	{r4, r5, r6, r7, pc}
10005c60:	4a08      	ldr	r2, [pc, #32]	; (10005c84 <dcd_edpt_open+0xfc>)
10005c62:	00c9      	lsls	r1, r1, #3
10005c64:	4690      	mov	r8, r2
10005c66:	4662      	mov	r2, ip
10005c68:	4441      	add	r1, r8
10005c6a:	6251      	str	r1, [r2, #36]	; 0x24
10005c6c:	e7c0      	b.n	10005bf0 <dcd_edpt_open+0x68>
10005c6e:	f7fc ffa7 	bl	10002bc0 <hard_assertion_failure>
10005c72:	e7d3      	b.n	10005c1c <dcd_edpt_open+0x94>
10005c74:	200018ec 	.word	0x200018ec
10005c78:	50100084 	.word	0x50100084
10005c7c:	50100004 	.word	0x50100004
10005c80:	20001d50 	.word	0x20001d50
10005c84:	50100000 	.word	0x50100000
10005c88:	50100080 	.word	0x50100080
10005c8c:	50100100 	.word	0x50100100

10005c90 <dcd_edpt_close_all>:
10005c90:	b510      	push	{r4, lr}
10005c92:	f001 fd2d 	bl	100076f0 <__reset_non_control_endpoints_veneer>
10005c96:	bd10      	pop	{r4, pc}

10005c98 <dcd_edpt_xfer>:
10005c98:	b510      	push	{r4, lr}
10005c9a:	207f      	movs	r0, #127	; 0x7f
10005c9c:	000c      	movs	r4, r1
10005c9e:	4020      	ands	r0, r4
10005ca0:	0040      	lsls	r0, r0, #1
10005ca2:	09e4      	lsrs	r4, r4, #7
10005ca4:	0011      	movs	r1, r2
10005ca6:	1900      	adds	r0, r0, r4
10005ca8:	001a      	movs	r2, r3
10005caa:	4b03      	ldr	r3, [pc, #12]	; (10005cb8 <dcd_edpt_xfer+0x20>)
10005cac:	0140      	lsls	r0, r0, #5
10005cae:	18c0      	adds	r0, r0, r3
10005cb0:	f000 f85e 	bl	10005d70 <hw_endpoint_xfer_start>
10005cb4:	2001      	movs	r0, #1
10005cb6:	bd10      	pop	{r4, pc}
10005cb8:	200018ec 	.word	0x200018ec

10005cbc <dcd_edpt_stall>:
10005cbc:	227f      	movs	r2, #127	; 0x7f
10005cbe:	0013      	movs	r3, r2
10005cc0:	b510      	push	{r4, lr}
10005cc2:	400b      	ands	r3, r1
10005cc4:	420a      	tst	r2, r1
10005cc6:	d00b      	beq.n	10005ce0 <dcd_edpt_stall+0x24>
10005cc8:	09c9      	lsrs	r1, r1, #7
10005cca:	2280      	movs	r2, #128	; 0x80
10005ccc:	0058      	lsls	r0, r3, #1
10005cce:	1840      	adds	r0, r0, r1
10005cd0:	4906      	ldr	r1, [pc, #24]	; (10005cec <dcd_edpt_stall+0x30>)
10005cd2:	0140      	lsls	r0, r0, #5
10005cd4:	1840      	adds	r0, r0, r1
10005cd6:	0112      	lsls	r2, r2, #4
10005cd8:	2100      	movs	r1, #0
10005cda:	f001 fd51 	bl	10007780 <___hw_endpoint_buffer_control_update32_veneer>
10005cde:	bd10      	pop	{r4, pc}
10005ce0:	2202      	movs	r2, #2
10005ce2:	4803      	ldr	r0, [pc, #12]	; (10005cf0 <dcd_edpt_stall+0x34>)
10005ce4:	09c9      	lsrs	r1, r1, #7
10005ce6:	1a52      	subs	r2, r2, r1
10005ce8:	6682      	str	r2, [r0, #104]	; 0x68
10005cea:	e7ee      	b.n	10005cca <dcd_edpt_stall+0xe>
10005cec:	200018ec 	.word	0x200018ec
10005cf0:	50112000 	.word	0x50112000

10005cf4 <dcd_edpt_clear_stall>:
10005cf4:	227f      	movs	r2, #127	; 0x7f
10005cf6:	0010      	movs	r0, r2
10005cf8:	b510      	push	{r4, lr}
10005cfa:	4008      	ands	r0, r1
10005cfc:	420a      	tst	r2, r1
10005cfe:	d100      	bne.n	10005d02 <dcd_edpt_clear_stall+0xe>
10005d00:	bd10      	pop	{r4, pc}
10005d02:	2300      	movs	r3, #0
10005d04:	09c9      	lsrs	r1, r1, #7
10005d06:	0040      	lsls	r0, r0, #1
10005d08:	1840      	adds	r0, r0, r1
10005d0a:	4904      	ldr	r1, [pc, #16]	; (10005d1c <dcd_edpt_clear_stall+0x28>)
10005d0c:	0140      	lsls	r0, r0, #5
10005d0e:	1808      	adds	r0, r1, r0
10005d10:	2200      	movs	r2, #0
10005d12:	4903      	ldr	r1, [pc, #12]	; (10005d20 <dcd_edpt_clear_stall+0x2c>)
10005d14:	70c3      	strb	r3, [r0, #3]
10005d16:	f001 fd33 	bl	10007780 <___hw_endpoint_buffer_control_update32_veneer>
10005d1a:	e7f1      	b.n	10005d00 <dcd_edpt_clear_stall+0xc>
10005d1c:	200018ec 	.word	0x200018ec
10005d20:	fffff7ff 	.word	0xfffff7ff

10005d24 <rp2040_usb_init>:
10005d24:	2280      	movs	r2, #128	; 0x80
10005d26:	4b0d      	ldr	r3, [pc, #52]	; (10005d5c <rp2040_usb_init+0x38>)
10005d28:	0452      	lsls	r2, r2, #17
10005d2a:	b510      	push	{r4, lr}
10005d2c:	601a      	str	r2, [r3, #0]
10005d2e:	4b0c      	ldr	r3, [pc, #48]	; (10005d60 <rp2040_usb_init+0x3c>)
10005d30:	490c      	ldr	r1, [pc, #48]	; (10005d64 <rp2040_usb_init+0x40>)
10005d32:	601a      	str	r2, [r3, #0]
10005d34:	0010      	movs	r0, r2
10005d36:	688b      	ldr	r3, [r1, #8]
10005d38:	4398      	bics	r0, r3
10005d3a:	d1fb      	bne.n	10005d34 <rp2040_usb_init+0x10>
10005d3c:	4c0a      	ldr	r4, [pc, #40]	; (10005d68 <rp2040_usb_init+0x44>)
10005d3e:	229c      	movs	r2, #156	; 0x9c
10005d40:	2100      	movs	r1, #0
10005d42:	0020      	movs	r0, r4
10005d44:	f7ff f90e 	bl	10004f64 <__wrap_memset>
10005d48:	2280      	movs	r2, #128	; 0x80
10005d4a:	2100      	movs	r1, #0
10005d4c:	0152      	lsls	r2, r2, #5
10005d4e:	4807      	ldr	r0, [pc, #28]	; (10005d6c <rp2040_usb_init+0x48>)
10005d50:	f7ff f908 	bl	10004f64 <__wrap_memset>
10005d54:	2309      	movs	r3, #9
10005d56:	6763      	str	r3, [r4, #116]	; 0x74
10005d58:	bd10      	pop	{r4, pc}
10005d5a:	46c0      	nop			; (mov r8, r8)
10005d5c:	4000e000 	.word	0x4000e000
10005d60:	4000f000 	.word	0x4000f000
10005d64:	4000c000 	.word	0x4000c000
10005d68:	50110000 	.word	0x50110000
10005d6c:	50100000 	.word	0x50100000

10005d70 <hw_endpoint_xfer_start>:
10005d70:	b570      	push	{r4, r5, r6, lr}
10005d72:	7e83      	ldrb	r3, [r0, #26]
10005d74:	0004      	movs	r4, r0
10005d76:	000d      	movs	r5, r1
10005d78:	0016      	movs	r6, r2
10005d7a:	2b00      	cmp	r3, #0
10005d7c:	d117      	bne.n	10005dae <hw_endpoint_xfer_start+0x3e>
10005d7e:	2300      	movs	r3, #0
10005d80:	82e3      	strh	r3, [r4, #22]
10005d82:	3301      	adds	r3, #1
10005d84:	0020      	movs	r0, r4
10005d86:	82a6      	strh	r6, [r4, #20]
10005d88:	76a3      	strb	r3, [r4, #26]
10005d8a:	6125      	str	r5, [r4, #16]
10005d8c:	f001 fcd0 	bl	10007730 <__e15_is_bulkin_ep_veneer>
10005d90:	2800      	cmp	r0, #0
10005d92:	d004      	beq.n	10005d9e <hw_endpoint_xfer_start+0x2e>
10005d94:	2180      	movs	r1, #128	; 0x80
10005d96:	2390      	movs	r3, #144	; 0x90
10005d98:	4a08      	ldr	r2, [pc, #32]	; (10005dbc <hw_endpoint_xfer_start+0x4c>)
10005d9a:	0289      	lsls	r1, r1, #10
10005d9c:	50d1      	str	r1, [r2, r3]
10005d9e:	0020      	movs	r0, r4
10005da0:	f001 fcae 	bl	10007700 <__e15_is_critical_frame_period_veneer>
10005da4:	2800      	cmp	r0, #0
10005da6:	d005      	beq.n	10005db4 <hw_endpoint_xfer_start+0x44>
10005da8:	2301      	movs	r3, #1
10005daa:	7723      	strb	r3, [r4, #28]
10005dac:	bd70      	pop	{r4, r5, r6, pc}
10005dae:	f001 fcdf 	bl	10007770 <__hw_endpoint_reset_transfer_veneer>
10005db2:	e7e4      	b.n	10005d7e <hw_endpoint_xfer_start+0xe>
10005db4:	0020      	movs	r0, r4
10005db6:	f001 fcd3 	bl	10007760 <__hw_endpoint_start_next_buffer_veneer>
10005dba:	e7f7      	b.n	10005dac <hw_endpoint_xfer_start+0x3c>
10005dbc:	50112000 	.word	0x50112000

10005dc0 <tud_mounted>:
10005dc0:	4b02      	ldr	r3, [pc, #8]	; (10005dcc <tud_mounted+0xc>)
10005dc2:	7858      	ldrb	r0, [r3, #1]
10005dc4:	1e43      	subs	r3, r0, #1
10005dc6:	4198      	sbcs	r0, r3
10005dc8:	b2c0      	uxtb	r0, r0
10005dca:	4770      	bx	lr
10005dcc:	20001614 	.word	0x20001614

10005dd0 <tud_suspended>:
10005dd0:	4b02      	ldr	r3, [pc, #8]	; (10005ddc <tud_suspended+0xc>)
10005dd2:	7818      	ldrb	r0, [r3, #0]
10005dd4:	0740      	lsls	r0, r0, #29
10005dd6:	0fc0      	lsrs	r0, r0, #31
10005dd8:	4770      	bx	lr
10005dda:	46c0      	nop			; (mov r8, r8)
10005ddc:	20001614 	.word	0x20001614

10005de0 <tud_inited>:
10005de0:	4b03      	ldr	r3, [pc, #12]	; (10005df0 <tud_inited+0x10>)
10005de2:	7818      	ldrb	r0, [r3, #0]
10005de4:	38ff      	subs	r0, #255	; 0xff
10005de6:	1e43      	subs	r3, r0, #1
10005de8:	4198      	sbcs	r0, r3
10005dea:	b2c0      	uxtb	r0, r0
10005dec:	4770      	bx	lr
10005dee:	46c0      	nop			; (mov r8, r8)
10005df0:	20000f9c 	.word	0x20000f9c

10005df4 <tud_init>:
10005df4:	b5f8      	push	{r3, r4, r5, r6, r7, lr}
10005df6:	46ce      	mov	lr, r9
10005df8:	4647      	mov	r7, r8
10005dfa:	b580      	push	{r7, lr}
10005dfc:	4e2c      	ldr	r6, [pc, #176]	; (10005eb0 <tud_init+0xbc>)
10005dfe:	0005      	movs	r5, r0
10005e00:	7833      	ldrb	r3, [r6, #0]
10005e02:	2001      	movs	r0, #1
10005e04:	2bff      	cmp	r3, #255	; 0xff
10005e06:	d003      	beq.n	10005e10 <tud_init+0x1c>
10005e08:	bcc0      	pop	{r6, r7}
10005e0a:	46b9      	mov	r9, r7
10005e0c:	46b0      	mov	r8, r6
10005e0e:	bdf8      	pop	{r3, r4, r5, r6, r7, pc}
10005e10:	2253      	movs	r2, #83	; 0x53
10005e12:	2100      	movs	r1, #0
10005e14:	4827      	ldr	r0, [pc, #156]	; (10005eb4 <tud_init+0xc0>)
10005e16:	f7ff f8a5 	bl	10004f64 <__wrap_memset>
10005e1a:	4c27      	ldr	r4, [pc, #156]	; (10005eb8 <tud_init+0xc4>)
10005e1c:	0020      	movs	r0, r4
10005e1e:	f7fb ffed 	bl	10001dfc <mutex_init>
10005e22:	4b26      	ldr	r3, [pc, #152]	; (10005ebc <tud_init+0xc8>)
10005e24:	601c      	str	r4, [r3, #0]
10005e26:	4c26      	ldr	r4, [pc, #152]	; (10005ec0 <tud_init+0xcc>)
10005e28:	0020      	movs	r0, r4
10005e2a:	3014      	adds	r0, #20
10005e2c:	f7fc f802 	bl	10001e34 <critical_section_init>
10005e30:	0020      	movs	r0, r4
10005e32:	f001 fbd1 	bl	100075d8 <tu_fifo_clear>
10005e36:	4b23      	ldr	r3, [pc, #140]	; (10005ec4 <tud_init+0xd0>)
10005e38:	4f23      	ldr	r7, [pc, #140]	; (10005ec8 <tud_init+0xd4>)
10005e3a:	601c      	str	r4, [r3, #0]
10005e3c:	4b23      	ldr	r3, [pc, #140]	; (10005ecc <tud_init+0xd8>)
10005e3e:	4698      	mov	r8, r3
10005e40:	2b00      	cmp	r3, #0
10005e42:	d004      	beq.n	10005e4e <tud_init+0x5a>
10005e44:	0038      	movs	r0, r7
10005e46:	f7ff faf9 	bl	1000543c <usbd_app_driver_get_cb>
10005e4a:	4b21      	ldr	r3, [pc, #132]	; (10005ed0 <tud_init+0xdc>)
10005e4c:	6018      	str	r0, [r3, #0]
10005e4e:	4642      	mov	r2, r8
10005e50:	2400      	movs	r4, #0
10005e52:	783b      	ldrb	r3, [r7, #0]
10005e54:	2a00      	cmp	r2, #0
10005e56:	d023      	beq.n	10005ea0 <tud_init+0xac>
10005e58:	4a1e      	ldr	r2, [pc, #120]	; (10005ed4 <tud_init+0xe0>)
10005e5a:	4690      	mov	r8, r2
10005e5c:	4a1c      	ldr	r2, [pc, #112]	; (10005ed0 <tud_init+0xdc>)
10005e5e:	4691      	mov	r9, r2
10005e60:	42a3      	cmp	r3, r4
10005e62:	d812      	bhi.n	10005e8a <tud_init+0x96>
10005e64:	d10f      	bne.n	10005e86 <tud_init+0x92>
10005e66:	4643      	mov	r3, r8
10005e68:	4798      	blx	r3
10005e6a:	3401      	adds	r4, #1
10005e6c:	783b      	ldrb	r3, [r7, #0]
10005e6e:	b2e4      	uxtb	r4, r4
10005e70:	42a3      	cmp	r3, r4
10005e72:	d2f5      	bcs.n	10005e60 <tud_init+0x6c>
10005e74:	0028      	movs	r0, r5
10005e76:	7035      	strb	r5, [r6, #0]
10005e78:	f7ff fe2c 	bl	10005ad4 <dcd_init>
10005e7c:	0028      	movs	r0, r5
10005e7e:	f7ff fe11 	bl	10005aa4 <dcd_int_enable>
10005e82:	2001      	movs	r0, #1
10005e84:	e7c0      	b.n	10005e08 <tud_init+0x14>
10005e86:	2000      	movs	r0, #0
10005e88:	e7be      	b.n	10005e08 <tud_init+0x14>
10005e8a:	464a      	mov	r2, r9
10005e8c:	6812      	ldr	r2, [r2, #0]
10005e8e:	0063      	lsls	r3, r4, #1
10005e90:	4694      	mov	ip, r2
10005e92:	191b      	adds	r3, r3, r4
10005e94:	00db      	lsls	r3, r3, #3
10005e96:	4463      	add	r3, ip
10005e98:	2b00      	cmp	r3, #0
10005e9a:	d0f4      	beq.n	10005e86 <tud_init+0x92>
10005e9c:	681b      	ldr	r3, [r3, #0]
10005e9e:	e7e3      	b.n	10005e68 <tud_init+0x74>
10005ea0:	f000 feee 	bl	10006c80 <cdcd_init>
10005ea4:	783b      	ldrb	r3, [r7, #0]
10005ea6:	2000      	movs	r0, #0
10005ea8:	2b00      	cmp	r3, #0
10005eaa:	d1ad      	bne.n	10005e08 <tud_init+0x14>
10005eac:	e7e2      	b.n	10005e74 <tud_init+0x80>
10005eae:	46c0      	nop			; (mov r8, r8)
10005eb0:	20000f9c 	.word	0x20000f9c
10005eb4:	20001614 	.word	0x20001614
10005eb8:	200015cc 	.word	0x200015cc
10005ebc:	20001668 	.word	0x20001668
10005ec0:	20000f80 	.word	0x20000f80
10005ec4:	2000166c 	.word	0x2000166c
10005ec8:	20001e31 	.word	0x20001e31
10005ecc:	1000543d 	.word	0x1000543d
10005ed0:	200012ec 	.word	0x200012ec
10005ed4:	10006c81 	.word	0x10006c81

10005ed8 <tud_task_ext>:
10005ed8:	b5f0      	push	{r4, r5, r6, r7, lr}
10005eda:	46de      	mov	lr, fp
10005edc:	4657      	mov	r7, sl
10005ede:	464e      	mov	r6, r9
10005ee0:	4645      	mov	r5, r8
10005ee2:	b5e0      	push	{r5, r6, r7, lr}
10005ee4:	b08b      	sub	sp, #44	; 0x2c
10005ee6:	f001 f8af 	bl	10007048 <tusb_inited>
10005eea:	2800      	cmp	r0, #0
10005eec:	d100      	bne.n	10005ef0 <tud_task_ext+0x18>
10005eee:	e10f      	b.n	10006110 <tud_task_ext+0x238>
10005ef0:	4bc7      	ldr	r3, [pc, #796]	; (10006210 <tud_task_ext+0x338>)
10005ef2:	4dc8      	ldr	r5, [pc, #800]	; (10006214 <tud_task_ext+0x33c>)
10005ef4:	4699      	mov	r9, r3
10005ef6:	4bc8      	ldr	r3, [pc, #800]	; (10006218 <tud_task_ext+0x340>)
10005ef8:	ac07      	add	r4, sp, #28
10005efa:	469b      	mov	fp, r3
10005efc:	682e      	ldr	r6, [r5, #0]
10005efe:	6972      	ldr	r2, [r6, #20]
10005f00:	f3ef 8110 	mrs	r1, PRIMASK
10005f04:	b672      	cpsid	i
10005f06:	6813      	ldr	r3, [r2, #0]
10005f08:	2b00      	cmp	r3, #0
10005f0a:	d0fc      	beq.n	10005f06 <tud_task_ext+0x2e>
10005f0c:	f3bf 8f5f 	dmb	sy
10005f10:	61b1      	str	r1, [r6, #24]
10005f12:	0030      	movs	r0, r6
10005f14:	0021      	movs	r1, r4
10005f16:	f001 f9a1 	bl	1000725c <tu_fifo_read>
10005f1a:	6972      	ldr	r2, [r6, #20]
10005f1c:	69b3      	ldr	r3, [r6, #24]
10005f1e:	f3bf 8f5f 	dmb	sy
10005f22:	2100      	movs	r1, #0
10005f24:	6011      	str	r1, [r2, #0]
10005f26:	f383 8810 	msr	PRIMASK, r3
10005f2a:	2800      	cmp	r0, #0
10005f2c:	d100      	bne.n	10005f30 <tud_task_ext+0x58>
10005f2e:	e0ef      	b.n	10006110 <tud_task_ext+0x238>
10005f30:	7863      	ldrb	r3, [r4, #1]
10005f32:	2b08      	cmp	r3, #8
10005f34:	d8e2      	bhi.n	10005efc <tud_task_ext+0x24>
10005f36:	464a      	mov	r2, r9
10005f38:	009b      	lsls	r3, r3, #2
10005f3a:	58d3      	ldr	r3, [r2, r3]
10005f3c:	469f      	mov	pc, r3
10005f3e:	6863      	ldr	r3, [r4, #4]
10005f40:	2b00      	cmp	r3, #0
10005f42:	d0db      	beq.n	10005efc <tud_task_ext+0x24>
10005f44:	68a0      	ldr	r0, [r4, #8]
10005f46:	4798      	blx	r3
10005f48:	e7d8      	b.n	10005efc <tud_task_ext+0x24>
10005f4a:	227f      	movs	r2, #127	; 0x7f
10005f4c:	7921      	ldrb	r1, [r4, #4]
10005f4e:	4eb2      	ldr	r6, [pc, #712]	; (10006218 <tud_task_ext+0x340>)
10005f50:	400a      	ands	r2, r1
10005f52:	0050      	lsls	r0, r2, #1
10005f54:	09cb      	lsrs	r3, r1, #7
10005f56:	1836      	adds	r6, r6, r0
10005f58:	18f6      	adds	r6, r6, r3
10005f5a:	0030      	movs	r0, r6
10005f5c:	2701      	movs	r7, #1
10005f5e:	3030      	adds	r0, #48	; 0x30
10005f60:	78c3      	ldrb	r3, [r0, #3]
10005f62:	43bb      	bics	r3, r7
10005f64:	70c3      	strb	r3, [r0, #3]
10005f66:	78c3      	ldrb	r3, [r0, #3]
10005f68:	3703      	adds	r7, #3
10005f6a:	43bb      	bics	r3, r7
10005f6c:	70c3      	strb	r3, [r0, #3]
10005f6e:	2a00      	cmp	r2, #0
10005f70:	d100      	bne.n	10005f74 <tud_task_ext+0x9c>
10005f72:	e0f2      	b.n	1000615a <tud_task_ext+0x282>
10005f74:	4aa9      	ldr	r2, [pc, #676]	; (1000621c <tud_task_ext+0x344>)
10005f76:	7cf3      	ldrb	r3, [r6, #19]
10005f78:	2a00      	cmp	r2, #0
10005f7a:	d006      	beq.n	10005f8a <tud_task_ext+0xb2>
10005f7c:	4aa8      	ldr	r2, [pc, #672]	; (10006220 <tud_task_ext+0x348>)
10005f7e:	7812      	ldrb	r2, [r2, #0]
10005f80:	4293      	cmp	r3, r2
10005f82:	d200      	bcs.n	10005f86 <tud_task_ext+0xae>
10005f84:	e160      	b.n	10006248 <tud_task_ext+0x370>
10005f86:	1a9b      	subs	r3, r3, r2
10005f88:	b2db      	uxtb	r3, r3
10005f8a:	2b00      	cmp	r3, #0
10005f8c:	d000      	beq.n	10005f90 <tud_task_ext+0xb8>
10005f8e:	e0bf      	b.n	10006110 <tud_task_ext+0x238>
10005f90:	4ea4      	ldr	r6, [pc, #656]	; (10006224 <tud_task_ext+0x34c>)
10005f92:	7962      	ldrb	r2, [r4, #5]
10005f94:	7820      	ldrb	r0, [r4, #0]
10005f96:	68a3      	ldr	r3, [r4, #8]
10005f98:	47b0      	blx	r6
10005f9a:	e7af      	b.n	10005efc <tud_task_ext+0x24>
10005f9c:	465b      	mov	r3, fp
10005f9e:	2201      	movs	r2, #1
10005fa0:	781b      	ldrb	r3, [r3, #0]
10005fa2:	2101      	movs	r1, #1
10005fa4:	4313      	orrs	r3, r2
10005fa6:	465a      	mov	r2, fp
10005fa8:	7013      	strb	r3, [r2, #0]
10005faa:	2333      	movs	r3, #51	; 0x33
10005fac:	4658      	mov	r0, fp
10005fae:	5cd2      	ldrb	r2, [r2, r3]
10005fb0:	465e      	mov	r6, fp
10005fb2:	438a      	bics	r2, r1
10005fb4:	54c2      	strb	r2, [r0, r3]
10005fb6:	5cc2      	ldrb	r2, [r0, r3]
10005fb8:	2004      	movs	r0, #4
10005fba:	4382      	bics	r2, r0
10005fbc:	54f2      	strb	r2, [r6, r3]
10005fbe:	3301      	adds	r3, #1
10005fc0:	5cf2      	ldrb	r2, [r6, r3]
10005fc2:	438a      	bics	r2, r1
10005fc4:	54f2      	strb	r2, [r6, r3]
10005fc6:	5cf2      	ldrb	r2, [r6, r3]
10005fc8:	4382      	bics	r2, r0
10005fca:	54f2      	strb	r2, [r6, r3]
10005fcc:	7823      	ldrb	r3, [r4, #0]
10005fce:	2000      	movs	r0, #0
10005fd0:	469a      	mov	sl, r3
10005fd2:	f000 fd05 	bl	100069e0 <usbd_control_set_complete_callback>
10005fd6:	2260      	movs	r2, #96	; 0x60
10005fd8:	7923      	ldrb	r3, [r4, #4]
10005fda:	401a      	ands	r2, r3
10005fdc:	2a60      	cmp	r2, #96	; 0x60
10005fde:	d00d      	beq.n	10005ffc <tud_task_ext+0x124>
10005fe0:	2a40      	cmp	r2, #64	; 0x40
10005fe2:	d100      	bne.n	10005fe6 <tud_task_ext+0x10e>
10005fe4:	e0bf      	b.n	10006166 <tud_task_ext+0x28e>
10005fe6:	06db      	lsls	r3, r3, #27
10005fe8:	0edb      	lsrs	r3, r3, #27
10005fea:	2b01      	cmp	r3, #1
10005fec:	d100      	bne.n	10005ff0 <tud_task_ext+0x118>
10005fee:	e136      	b.n	1000625e <tud_task_ext+0x386>
10005ff0:	2b02      	cmp	r3, #2
10005ff2:	d100      	bne.n	10005ff6 <tud_task_ext+0x11e>
10005ff4:	e0d4      	b.n	100061a0 <tud_task_ext+0x2c8>
10005ff6:	2b00      	cmp	r3, #0
10005ff8:	d100      	bne.n	10005ffc <tud_task_ext+0x124>
10005ffa:	e0c3      	b.n	10006184 <tud_task_ext+0x2ac>
10005ffc:	7820      	ldrb	r0, [r4, #0]
10005ffe:	2100      	movs	r1, #0
10006000:	f7ff fe5c 	bl	10005cbc <dcd_edpt_stall>
10006004:	2180      	movs	r1, #128	; 0x80
10006006:	7820      	ldrb	r0, [r4, #0]
10006008:	f7ff fe58 	bl	10005cbc <dcd_edpt_stall>
1000600c:	e776      	b.n	10005efc <tud_task_ext+0x24>
1000600e:	4e82      	ldr	r6, [pc, #520]	; (10006218 <tud_task_ext+0x340>)
10006010:	7833      	ldrb	r3, [r6, #0]
10006012:	07db      	lsls	r3, r3, #31
10006014:	d400      	bmi.n	10006018 <tud_task_ext+0x140>
10006016:	e771      	b.n	10005efc <tud_task_ext+0x24>
10006018:	4b83      	ldr	r3, [pc, #524]	; (10006228 <tud_task_ext+0x350>)
1000601a:	2b00      	cmp	r3, #0
1000601c:	d100      	bne.n	10006020 <tud_task_ext+0x148>
1000601e:	e76d      	b.n	10005efc <tud_task_ext+0x24>
10006020:	e000      	b.n	10006024 <tud_task_ext+0x14c>
10006022:	bf00      	nop
10006024:	e76a      	b.n	10005efc <tud_task_ext+0x24>
10006026:	4e7c      	ldr	r6, [pc, #496]	; (10006218 <tud_task_ext+0x340>)
10006028:	7833      	ldrb	r3, [r6, #0]
1000602a:	07db      	lsls	r3, r3, #31
1000602c:	d400      	bmi.n	10006030 <tud_task_ext+0x158>
1000602e:	e765      	b.n	10005efc <tud_task_ext+0x24>
10006030:	4b7e      	ldr	r3, [pc, #504]	; (1000622c <tud_task_ext+0x354>)
10006032:	2b00      	cmp	r3, #0
10006034:	d100      	bne.n	10006038 <tud_task_ext+0x160>
10006036:	e761      	b.n	10005efc <tud_task_ext+0x24>
10006038:	7830      	ldrb	r0, [r6, #0]
1000603a:	0700      	lsls	r0, r0, #28
1000603c:	0fc0      	lsrs	r0, r0, #31
1000603e:	e000      	b.n	10006042 <tud_task_ext+0x16a>
10006040:	bf00      	nop
10006042:	e75b      	b.n	10005efc <tud_task_ext+0x24>
10006044:	4b76      	ldr	r3, [pc, #472]	; (10006220 <tud_task_ext+0x348>)
10006046:	4a75      	ldr	r2, [pc, #468]	; (1000621c <tud_task_ext+0x344>)
10006048:	4698      	mov	r8, r3
1000604a:	2600      	movs	r6, #0
1000604c:	7827      	ldrb	r7, [r4, #0]
1000604e:	781b      	ldrb	r3, [r3, #0]
10006050:	2a00      	cmp	r2, #0
10006052:	d100      	bne.n	10006056 <tud_task_ext+0x17e>
10006054:	e079      	b.n	1000614a <tud_task_ext+0x272>
10006056:	4a76      	ldr	r2, [pc, #472]	; (10006230 <tud_task_ext+0x358>)
10006058:	4692      	mov	sl, r2
1000605a:	429e      	cmp	r6, r3
1000605c:	d35f      	bcc.n	1000611e <tud_task_ext+0x246>
1000605e:	d119      	bne.n	10006094 <tud_task_ext+0x1bc>
10006060:	4b74      	ldr	r3, [pc, #464]	; (10006234 <tud_task_ext+0x35c>)
10006062:	0038      	movs	r0, r7
10006064:	4798      	blx	r3
10006066:	4643      	mov	r3, r8
10006068:	3601      	adds	r6, #1
1000606a:	781b      	ldrb	r3, [r3, #0]
1000606c:	b2f6      	uxtb	r6, r6
1000606e:	42b3      	cmp	r3, r6
10006070:	d2f3      	bcs.n	1000605a <tud_task_ext+0x182>
10006072:	4e69      	ldr	r6, [pc, #420]	; (10006218 <tud_task_ext+0x340>)
10006074:	2253      	movs	r2, #83	; 0x53
10006076:	2100      	movs	r1, #0
10006078:	0030      	movs	r0, r6
1000607a:	f7fe ff73 	bl	10004f64 <__wrap_memset>
1000607e:	2210      	movs	r2, #16
10006080:	21ff      	movs	r1, #255	; 0xff
10006082:	1cf0      	adds	r0, r6, #3
10006084:	f7fe ff6e 	bl	10004f64 <__wrap_memset>
10006088:	0030      	movs	r0, r6
1000608a:	2220      	movs	r2, #32
1000608c:	21ff      	movs	r1, #255	; 0xff
1000608e:	3013      	adds	r0, #19
10006090:	f7fe ff68 	bl	10004f64 <__wrap_memset>
10006094:	f000 fc9a 	bl	100069cc <usbd_control_reset>
10006098:	4b67      	ldr	r3, [pc, #412]	; (10006238 <tud_task_ext+0x360>)
1000609a:	2b00      	cmp	r3, #0
1000609c:	d100      	bne.n	100060a0 <tud_task_ext+0x1c8>
1000609e:	e72d      	b.n	10005efc <tud_task_ext+0x24>
100060a0:	e000      	b.n	100060a4 <tud_task_ext+0x1cc>
100060a2:	bf00      	nop
100060a4:	e72a      	b.n	10005efc <tud_task_ext+0x24>
100060a6:	4b5e      	ldr	r3, [pc, #376]	; (10006220 <tud_task_ext+0x348>)
100060a8:	4a5c      	ldr	r2, [pc, #368]	; (1000621c <tud_task_ext+0x344>)
100060aa:	4698      	mov	r8, r3
100060ac:	2600      	movs	r6, #0
100060ae:	7827      	ldrb	r7, [r4, #0]
100060b0:	781b      	ldrb	r3, [r3, #0]
100060b2:	2a00      	cmp	r2, #0
100060b4:	d01f      	beq.n	100060f6 <tud_task_ext+0x21e>
100060b6:	4a5e      	ldr	r2, [pc, #376]	; (10006230 <tud_task_ext+0x358>)
100060b8:	4692      	mov	sl, r2
100060ba:	429e      	cmp	r6, r3
100060bc:	d33a      	bcc.n	10006134 <tud_task_ext+0x25c>
100060be:	d121      	bne.n	10006104 <tud_task_ext+0x22c>
100060c0:	4b5c      	ldr	r3, [pc, #368]	; (10006234 <tud_task_ext+0x35c>)
100060c2:	0038      	movs	r0, r7
100060c4:	4798      	blx	r3
100060c6:	4643      	mov	r3, r8
100060c8:	3601      	adds	r6, #1
100060ca:	781b      	ldrb	r3, [r3, #0]
100060cc:	b2f6      	uxtb	r6, r6
100060ce:	42b3      	cmp	r3, r6
100060d0:	d2f3      	bcs.n	100060ba <tud_task_ext+0x1e2>
100060d2:	4e51      	ldr	r6, [pc, #324]	; (10006218 <tud_task_ext+0x340>)
100060d4:	2253      	movs	r2, #83	; 0x53
100060d6:	2100      	movs	r1, #0
100060d8:	0030      	movs	r0, r6
100060da:	f7fe ff43 	bl	10004f64 <__wrap_memset>
100060de:	2210      	movs	r2, #16
100060e0:	21ff      	movs	r1, #255	; 0xff
100060e2:	1cf0      	adds	r0, r6, #3
100060e4:	f7fe ff3e 	bl	10004f64 <__wrap_memset>
100060e8:	0030      	movs	r0, r6
100060ea:	2220      	movs	r2, #32
100060ec:	21ff      	movs	r1, #255	; 0xff
100060ee:	3013      	adds	r0, #19
100060f0:	f7fe ff38 	bl	10004f64 <__wrap_memset>
100060f4:	e007      	b.n	10006106 <tud_task_ext+0x22e>
100060f6:	0038      	movs	r0, r7
100060f8:	f000 fe00 	bl	10006cfc <cdcd_reset>
100060fc:	4643      	mov	r3, r8
100060fe:	781b      	ldrb	r3, [r3, #0]
10006100:	2b00      	cmp	r3, #0
10006102:	d0e6      	beq.n	100060d2 <tud_task_ext+0x1fa>
10006104:	4e44      	ldr	r6, [pc, #272]	; (10006218 <tud_task_ext+0x340>)
10006106:	f000 fc61 	bl	100069cc <usbd_control_reset>
1000610a:	7923      	ldrb	r3, [r4, #4]
1000610c:	70b3      	strb	r3, [r6, #2]
1000610e:	e6f5      	b.n	10005efc <tud_task_ext+0x24>
10006110:	b00b      	add	sp, #44	; 0x2c
10006112:	bcf0      	pop	{r4, r5, r6, r7}
10006114:	46bb      	mov	fp, r7
10006116:	46b2      	mov	sl, r6
10006118:	46a9      	mov	r9, r5
1000611a:	46a0      	mov	r8, r4
1000611c:	bdf0      	pop	{r4, r5, r6, r7, pc}
1000611e:	4652      	mov	r2, sl
10006120:	6812      	ldr	r2, [r2, #0]
10006122:	0073      	lsls	r3, r6, #1
10006124:	4694      	mov	ip, r2
10006126:	199b      	adds	r3, r3, r6
10006128:	00db      	lsls	r3, r3, #3
1000612a:	4463      	add	r3, ip
1000612c:	2b00      	cmp	r3, #0
1000612e:	d0b1      	beq.n	10006094 <tud_task_ext+0x1bc>
10006130:	685b      	ldr	r3, [r3, #4]
10006132:	e796      	b.n	10006062 <tud_task_ext+0x18a>
10006134:	4652      	mov	r2, sl
10006136:	6812      	ldr	r2, [r2, #0]
10006138:	0073      	lsls	r3, r6, #1
1000613a:	4694      	mov	ip, r2
1000613c:	199b      	adds	r3, r3, r6
1000613e:	00db      	lsls	r3, r3, #3
10006140:	4463      	add	r3, ip
10006142:	2b00      	cmp	r3, #0
10006144:	d0de      	beq.n	10006104 <tud_task_ext+0x22c>
10006146:	685b      	ldr	r3, [r3, #4]
10006148:	e7bb      	b.n	100060c2 <tud_task_ext+0x1ea>
1000614a:	0038      	movs	r0, r7
1000614c:	f000 fdd6 	bl	10006cfc <cdcd_reset>
10006150:	4643      	mov	r3, r8
10006152:	781b      	ldrb	r3, [r3, #0]
10006154:	2b00      	cmp	r3, #0
10006156:	d19d      	bne.n	10006094 <tud_task_ext+0x1bc>
10006158:	e78b      	b.n	10006072 <tud_task_ext+0x19a>
1000615a:	7962      	ldrb	r2, [r4, #5]
1000615c:	7820      	ldrb	r0, [r4, #0]
1000615e:	68a3      	ldr	r3, [r4, #8]
10006160:	f000 fc52 	bl	10006a08 <usbd_control_xfer_cb>
10006164:	e6ca      	b.n	10005efc <tud_task_ext+0x24>
10006166:	4835      	ldr	r0, [pc, #212]	; (1000623c <tud_task_ext+0x364>)
10006168:	2800      	cmp	r0, #0
1000616a:	d100      	bne.n	1000616e <tud_task_ext+0x296>
1000616c:	e746      	b.n	10005ffc <tud_task_ext+0x124>
1000616e:	f000 fc37 	bl	100069e0 <usbd_control_set_complete_callback>
10006172:	2101      	movs	r1, #1
10006174:	4650      	mov	r0, sl
10006176:	aa08      	add	r2, sp, #32
10006178:	e000      	b.n	1000617c <tud_task_ext+0x2a4>
1000617a:	bf00      	nop
1000617c:	2800      	cmp	r0, #0
1000617e:	d000      	beq.n	10006182 <tud_task_ext+0x2aa>
10006180:	e6bc      	b.n	10005efc <tud_task_ext+0x24>
10006182:	e73b      	b.n	10005ffc <tud_task_ext+0x124>
10006184:	2a20      	cmp	r2, #32
10006186:	d100      	bne.n	1000618a <tud_task_ext+0x2b2>
10006188:	e09e      	b.n	100062c8 <tud_task_ext+0x3f0>
1000618a:	2a00      	cmp	r2, #0
1000618c:	d000      	beq.n	10006190 <tud_task_ext+0x2b8>
1000618e:	e735      	b.n	10005ffc <tud_task_ext+0x124>
10006190:	7963      	ldrb	r3, [r4, #5]
10006192:	2b09      	cmp	r3, #9
10006194:	d900      	bls.n	10006198 <tud_task_ext+0x2c0>
10006196:	e731      	b.n	10005ffc <tud_task_ext+0x124>
10006198:	4a29      	ldr	r2, [pc, #164]	; (10006240 <tud_task_ext+0x368>)
1000619a:	009b      	lsls	r3, r3, #2
1000619c:	58d3      	ldr	r3, [r2, r3]
1000619e:	469f      	mov	pc, r3
100061a0:	2370      	movs	r3, #112	; 0x70
100061a2:	7a21      	ldrb	r1, [r4, #8]
100061a4:	420b      	tst	r3, r1
100061a6:	d000      	beq.n	100061aa <tud_task_ext+0x2d2>
100061a8:	e728      	b.n	10005ffc <tud_task_ext+0x124>
100061aa:	4658      	mov	r0, fp
100061ac:	330f      	adds	r3, #15
100061ae:	400b      	ands	r3, r1
100061b0:	005b      	lsls	r3, r3, #1
100061b2:	09ce      	lsrs	r6, r1, #7
100061b4:	18c0      	adds	r0, r0, r3
100061b6:	4f19      	ldr	r7, [pc, #100]	; (1000621c <tud_task_ext+0x344>)
100061b8:	1980      	adds	r0, r0, r6
100061ba:	7cc0      	ldrb	r0, [r0, #19]
100061bc:	2f00      	cmp	r7, #0
100061be:	d006      	beq.n	100061ce <tud_task_ext+0x2f6>
100061c0:	4f17      	ldr	r7, [pc, #92]	; (10006220 <tud_task_ext+0x348>)
100061c2:	783f      	ldrb	r7, [r7, #0]
100061c4:	42b8      	cmp	r0, r7
100061c6:	d200      	bcs.n	100061ca <tud_task_ext+0x2f2>
100061c8:	e0a0      	b.n	1000630c <tud_task_ext+0x434>
100061ca:	1bc0      	subs	r0, r0, r7
100061cc:	b2c0      	uxtb	r0, r0
100061ce:	2800      	cmp	r0, #0
100061d0:	d000      	beq.n	100061d4 <tud_task_ext+0x2fc>
100061d2:	e096      	b.n	10006302 <tud_task_ext+0x42a>
100061d4:	2a00      	cmp	r2, #0
100061d6:	d000      	beq.n	100061da <tud_task_ext+0x302>
100061d8:	e147      	b.n	1000646a <tud_task_ext+0x592>
100061da:	4f1a      	ldr	r7, [pc, #104]	; (10006244 <tud_task_ext+0x36c>)
100061dc:	2002      	movs	r0, #2
100061de:	7962      	ldrb	r2, [r4, #5]
100061e0:	4690      	mov	r8, r2
100061e2:	4382      	bics	r2, r0
100061e4:	2a01      	cmp	r2, #1
100061e6:	d100      	bne.n	100061ea <tud_task_ext+0x312>
100061e8:	e142      	b.n	10006470 <tud_task_ext+0x598>
100061ea:	4642      	mov	r2, r8
100061ec:	2a00      	cmp	r2, #0
100061ee:	d000      	beq.n	100061f2 <tud_task_ext+0x31a>
100061f0:	e704      	b.n	10005ffc <tud_task_ext+0x124>
100061f2:	445b      	add	r3, fp
100061f4:	199e      	adds	r6, r3, r6
100061f6:	3630      	adds	r6, #48	; 0x30
100061f8:	78f3      	ldrb	r3, [r6, #3]
100061fa:	aa06      	add	r2, sp, #24
100061fc:	079b      	lsls	r3, r3, #30
100061fe:	0fdb      	lsrs	r3, r3, #31
10006200:	3202      	adds	r2, #2
10006202:	8013      	strh	r3, [r2, #0]
10006204:	4650      	mov	r0, sl
10006206:	2302      	movs	r3, #2
10006208:	a908      	add	r1, sp, #32
1000620a:	f000 fb81 	bl	10006910 <tud_control_xfer>
1000620e:	e675      	b.n	10005efc <tud_task_ext+0x24>
10006210:	10007c90 	.word	0x10007c90
10006214:	2000166c 	.word	0x2000166c
10006218:	20001614 	.word	0x20001614
1000621c:	1000543d 	.word	0x1000543d
10006220:	20001e31 	.word	0x20001e31
10006224:	10006ef5 	.word	0x10006ef5
	...
10006230:	200012ec 	.word	0x200012ec
10006234:	10006cfd 	.word	0x10006cfd
	...
10006240:	10007cb4 	.word	0x10007cb4
10006244:	10007d1c 	.word	0x10007d1c
10006248:	005a      	lsls	r2, r3, #1
1000624a:	18d3      	adds	r3, r2, r3
1000624c:	4ab1      	ldr	r2, [pc, #708]	; (10006514 <tud_task_ext+0x63c>)
1000624e:	00db      	lsls	r3, r3, #3
10006250:	6812      	ldr	r2, [r2, #0]
10006252:	18d3      	adds	r3, r2, r3
10006254:	2b00      	cmp	r3, #0
10006256:	d100      	bne.n	1000625a <tud_task_ext+0x382>
10006258:	e75a      	b.n	10006110 <tud_task_ext+0x238>
1000625a:	691e      	ldr	r6, [r3, #16]
1000625c:	e699      	b.n	10005f92 <tud_task_ext+0xba>
1000625e:	7a23      	ldrb	r3, [r4, #8]
10006260:	2b0f      	cmp	r3, #15
10006262:	d900      	bls.n	10006266 <tud_task_ext+0x38e>
10006264:	e6ca      	b.n	10005ffc <tud_task_ext+0x124>
10006266:	4aac      	ldr	r2, [pc, #688]	; (10006518 <tud_task_ext+0x640>)
10006268:	445b      	add	r3, fp
1000626a:	78db      	ldrb	r3, [r3, #3]
1000626c:	2a00      	cmp	r2, #0
1000626e:	d005      	beq.n	1000627c <tud_task_ext+0x3a4>
10006270:	4aaa      	ldr	r2, [pc, #680]	; (1000651c <tud_task_ext+0x644>)
10006272:	7812      	ldrb	r2, [r2, #0]
10006274:	4293      	cmp	r3, r2
10006276:	d35e      	bcc.n	10006336 <tud_task_ext+0x45e>
10006278:	1a9b      	subs	r3, r3, r2
1000627a:	b2db      	uxtb	r3, r3
1000627c:	2b00      	cmp	r3, #0
1000627e:	d000      	beq.n	10006282 <tud_task_ext+0x3aa>
10006280:	e6bc      	b.n	10005ffc <tud_task_ext+0x124>
10006282:	48a7      	ldr	r0, [pc, #668]	; (10006520 <tud_task_ext+0x648>)
10006284:	4ea7      	ldr	r6, [pc, #668]	; (10006524 <tud_task_ext+0x64c>)
10006286:	f000 fbab 	bl	100069e0 <usbd_control_set_complete_callback>
1000628a:	2101      	movs	r1, #1
1000628c:	4650      	mov	r0, sl
1000628e:	68f3      	ldr	r3, [r6, #12]
10006290:	aa08      	add	r2, sp, #32
10006292:	4798      	blx	r3
10006294:	2800      	cmp	r0, #0
10006296:	d000      	beq.n	1000629a <tud_task_ext+0x3c2>
10006298:	e630      	b.n	10005efc <tud_task_ext+0x24>
1000629a:	2260      	movs	r2, #96	; 0x60
1000629c:	0016      	movs	r6, r2
1000629e:	7923      	ldrb	r3, [r4, #4]
100062a0:	401e      	ands	r6, r3
100062a2:	421a      	tst	r2, r3
100062a4:	d000      	beq.n	100062a8 <tud_task_ext+0x3d0>
100062a6:	e6a9      	b.n	10005ffc <tud_task_ext+0x124>
100062a8:	7963      	ldrb	r3, [r4, #5]
100062aa:	3b0a      	subs	r3, #10
100062ac:	2b01      	cmp	r3, #1
100062ae:	d900      	bls.n	100062b2 <tud_task_ext+0x3da>
100062b0:	e6a4      	b.n	10005ffc <tud_task_ext+0x124>
100062b2:	f000 fb95 	bl	100069e0 <usbd_control_set_complete_callback>
100062b6:	7963      	ldrb	r3, [r4, #5]
100062b8:	2b0a      	cmp	r3, #10
100062ba:	d100      	bne.n	100062be <tud_task_ext+0x3e6>
100062bc:	e120      	b.n	10006500 <tud_task_ext+0x628>
100062be:	4650      	mov	r0, sl
100062c0:	a908      	add	r1, sp, #32
100062c2:	f000 fb0d 	bl	100068e0 <tud_control_status>
100062c6:	e619      	b.n	10005efc <tud_task_ext+0x24>
100062c8:	7a23      	ldrb	r3, [r4, #8]
100062ca:	2b0f      	cmp	r3, #15
100062cc:	d900      	bls.n	100062d0 <tud_task_ext+0x3f8>
100062ce:	e695      	b.n	10005ffc <tud_task_ext+0x124>
100062d0:	4a91      	ldr	r2, [pc, #580]	; (10006518 <tud_task_ext+0x640>)
100062d2:	445b      	add	r3, fp
100062d4:	78db      	ldrb	r3, [r3, #3]
100062d6:	2a00      	cmp	r2, #0
100062d8:	d006      	beq.n	100062e8 <tud_task_ext+0x410>
100062da:	4a90      	ldr	r2, [pc, #576]	; (1000651c <tud_task_ext+0x644>)
100062dc:	7812      	ldrb	r2, [r2, #0]
100062de:	4293      	cmp	r3, r2
100062e0:	d200      	bcs.n	100062e4 <tud_task_ext+0x40c>
100062e2:	e0e6      	b.n	100064b2 <tud_task_ext+0x5da>
100062e4:	1a9b      	subs	r3, r3, r2
100062e6:	b2db      	uxtb	r3, r3
100062e8:	2b00      	cmp	r3, #0
100062ea:	d000      	beq.n	100062ee <tud_task_ext+0x416>
100062ec:	e686      	b.n	10005ffc <tud_task_ext+0x124>
100062ee:	488c      	ldr	r0, [pc, #560]	; (10006520 <tud_task_ext+0x648>)
100062f0:	4e8c      	ldr	r6, [pc, #560]	; (10006524 <tud_task_ext+0x64c>)
100062f2:	f000 fb75 	bl	100069e0 <usbd_control_set_complete_callback>
100062f6:	2101      	movs	r1, #1
100062f8:	4650      	mov	r0, sl
100062fa:	68f3      	ldr	r3, [r6, #12]
100062fc:	aa08      	add	r2, sp, #32
100062fe:	4798      	blx	r3
10006300:	e73c      	b.n	1000617c <tud_task_ext+0x2a4>
10006302:	2700      	movs	r7, #0
10006304:	2a00      	cmp	r2, #0
10006306:	d100      	bne.n	1000630a <tud_task_ext+0x432>
10006308:	e768      	b.n	100061dc <tud_task_ext+0x304>
1000630a:	e677      	b.n	10005ffc <tud_task_ext+0x124>
1000630c:	0047      	lsls	r7, r0, #1
1000630e:	1838      	adds	r0, r7, r0
10006310:	4f80      	ldr	r7, [pc, #512]	; (10006514 <tud_task_ext+0x63c>)
10006312:	00c0      	lsls	r0, r0, #3
10006314:	683f      	ldr	r7, [r7, #0]
10006316:	183f      	adds	r7, r7, r0
10006318:	2a00      	cmp	r2, #0
1000631a:	d100      	bne.n	1000631e <tud_task_ext+0x446>
1000631c:	e75e      	b.n	100061dc <tud_task_ext+0x304>
1000631e:	2f00      	cmp	r7, #0
10006320:	d100      	bne.n	10006324 <tud_task_ext+0x44c>
10006322:	e66b      	b.n	10005ffc <tud_task_ext+0x124>
10006324:	68f8      	ldr	r0, [r7, #12]
10006326:	f000 fb5b 	bl	100069e0 <usbd_control_set_complete_callback>
1000632a:	2101      	movs	r1, #1
1000632c:	4650      	mov	r0, sl
1000632e:	68fb      	ldr	r3, [r7, #12]
10006330:	aa08      	add	r2, sp, #32
10006332:	4798      	blx	r3
10006334:	e722      	b.n	1000617c <tud_task_ext+0x2a4>
10006336:	4a77      	ldr	r2, [pc, #476]	; (10006514 <tud_task_ext+0x63c>)
10006338:	005e      	lsls	r6, r3, #1
1000633a:	18f3      	adds	r3, r6, r3
1000633c:	6816      	ldr	r6, [r2, #0]
1000633e:	00db      	lsls	r3, r3, #3
10006340:	18f6      	adds	r6, r6, r3
10006342:	2e00      	cmp	r6, #0
10006344:	d100      	bne.n	10006348 <tud_task_ext+0x470>
10006346:	e659      	b.n	10005ffc <tud_task_ext+0x124>
10006348:	68f0      	ldr	r0, [r6, #12]
1000634a:	e79c      	b.n	10006286 <tud_task_ext+0x3ae>
1000634c:	79a2      	ldrb	r2, [r4, #6]
1000634e:	9201      	str	r2, [sp, #4]
10006350:	7873      	ldrb	r3, [r6, #1]
10006352:	429a      	cmp	r2, r3
10006354:	d007      	beq.n	10006366 <tud_task_ext+0x48e>
10006356:	7873      	ldrb	r3, [r6, #1]
10006358:	2b00      	cmp	r3, #0
1000635a:	d000      	beq.n	1000635e <tud_task_ext+0x486>
1000635c:	e146      	b.n	100065ec <tud_task_ext+0x714>
1000635e:	9b01      	ldr	r3, [sp, #4]
10006360:	2b00      	cmp	r3, #0
10006362:	d000      	beq.n	10006366 <tud_task_ext+0x48e>
10006364:	e0ea      	b.n	1000653c <tud_task_ext+0x664>
10006366:	465b      	mov	r3, fp
10006368:	9a01      	ldr	r2, [sp, #4]
1000636a:	4650      	mov	r0, sl
1000636c:	a908      	add	r1, sp, #32
1000636e:	705a      	strb	r2, [r3, #1]
10006370:	f000 fab6 	bl	100068e0 <tud_control_status>
10006374:	e5c2      	b.n	10005efc <tud_task_ext+0x24>
10006376:	7873      	ldrb	r3, [r6, #1]
10006378:	aa06      	add	r2, sp, #24
1000637a:	3202      	adds	r2, #2
1000637c:	7013      	strb	r3, [r2, #0]
1000637e:	4650      	mov	r0, sl
10006380:	2301      	movs	r3, #1
10006382:	a908      	add	r1, sp, #32
10006384:	f000 fac4 	bl	10006910 <tud_control_xfer>
10006388:	e5b8      	b.n	10005efc <tud_task_ext+0x24>
1000638a:	88e0      	ldrh	r0, [r4, #6]
1000638c:	0a03      	lsrs	r3, r0, #8
1000638e:	b2c0      	uxtb	r0, r0
10006390:	2b0f      	cmp	r3, #15
10006392:	d900      	bls.n	10006396 <tud_task_ext+0x4be>
10006394:	e632      	b.n	10005ffc <tud_task_ext+0x124>
10006396:	4964      	ldr	r1, [pc, #400]	; (10006528 <tud_task_ext+0x650>)
10006398:	009a      	lsls	r2, r3, #2
1000639a:	588a      	ldr	r2, [r1, r2]
1000639c:	4697      	mov	pc, r2
1000639e:	a808      	add	r0, sp, #32
100063a0:	f000 fb24 	bl	100069ec <usbd_control_set_request>
100063a4:	4650      	mov	r0, sl
100063a6:	79a1      	ldrb	r1, [r4, #6]
100063a8:	f7ff fb82 	bl	10005ab0 <dcd_set_address>
100063ac:	2202      	movs	r2, #2
100063ae:	7833      	ldrb	r3, [r6, #0]
100063b0:	4313      	orrs	r3, r2
100063b2:	7033      	strb	r3, [r6, #0]
100063b4:	e5a2      	b.n	10005efc <tud_task_ext+0x24>
100063b6:	88e3      	ldrh	r3, [r4, #6]
100063b8:	2b01      	cmp	r3, #1
100063ba:	d000      	beq.n	100063be <tud_task_ext+0x4e6>
100063bc:	e61e      	b.n	10005ffc <tud_task_ext+0x124>
100063be:	2208      	movs	r2, #8
100063c0:	7833      	ldrb	r3, [r6, #0]
100063c2:	4393      	bics	r3, r2
100063c4:	465a      	mov	r2, fp
100063c6:	7013      	strb	r3, [r2, #0]
100063c8:	e779      	b.n	100062be <tud_task_ext+0x3e6>
100063ca:	2002      	movs	r0, #2
100063cc:	7831      	ldrb	r1, [r6, #0]
100063ce:	ab06      	add	r3, sp, #24
100063d0:	1c9a      	adds	r2, r3, #2
100063d2:	068b      	lsls	r3, r1, #26
100063d4:	0889      	lsrs	r1, r1, #2
100063d6:	0fdb      	lsrs	r3, r3, #31
100063d8:	4001      	ands	r1, r0
100063da:	430b      	orrs	r3, r1
100063dc:	e711      	b.n	10006202 <tud_task_ext+0x32a>
100063de:	88e3      	ldrh	r3, [r4, #6]
100063e0:	2b01      	cmp	r3, #1
100063e2:	d000      	beq.n	100063e6 <tud_task_ext+0x50e>
100063e4:	e60a      	b.n	10005ffc <tud_task_ext+0x124>
100063e6:	2208      	movs	r2, #8
100063e8:	7833      	ldrb	r3, [r6, #0]
100063ea:	4313      	orrs	r3, r2
100063ec:	e7ea      	b.n	100063c4 <tud_task_ext+0x4ec>
100063ee:	4b4f      	ldr	r3, [pc, #316]	; (1000652c <tud_task_ext+0x654>)
100063f0:	2b00      	cmp	r3, #0
100063f2:	d100      	bne.n	100063f6 <tud_task_ext+0x51e>
100063f4:	e602      	b.n	10005ffc <tud_task_ext+0x124>
100063f6:	e000      	b.n	100063fa <tud_task_ext+0x522>
100063f8:	bf00      	nop
100063fa:	1e02      	subs	r2, r0, #0
100063fc:	d100      	bne.n	10006400 <tud_task_ext+0x528>
100063fe:	e5fd      	b.n	10005ffc <tud_task_ext+0x124>
10006400:	78d3      	ldrb	r3, [r2, #3]
10006402:	7891      	ldrb	r1, [r2, #2]
10006404:	021b      	lsls	r3, r3, #8
10006406:	430b      	orrs	r3, r1
10006408:	4650      	mov	r0, sl
1000640a:	a908      	add	r1, sp, #32
1000640c:	f000 fa80 	bl	10006910 <tud_control_xfer>
10006410:	e6b4      	b.n	1000617c <tud_task_ext+0x2a4>
10006412:	4b47      	ldr	r3, [pc, #284]	; (10006530 <tud_task_ext+0x658>)
10006414:	2b00      	cmp	r3, #0
10006416:	d100      	bne.n	1000641a <tud_task_ext+0x542>
10006418:	e5f0      	b.n	10005ffc <tud_task_ext+0x124>
1000641a:	e000      	b.n	1000641e <tud_task_ext+0x546>
1000641c:	bf00      	nop
1000641e:	1e02      	subs	r2, r0, #0
10006420:	d100      	bne.n	10006424 <tud_task_ext+0x54c>
10006422:	e5eb      	b.n	10005ffc <tud_task_ext+0x124>
10006424:	4650      	mov	r0, sl
10006426:	7813      	ldrb	r3, [r2, #0]
10006428:	a908      	add	r1, sp, #32
1000642a:	f000 fa71 	bl	10006910 <tud_control_xfer>
1000642e:	e6a5      	b.n	1000617c <tud_task_ext+0x2a4>
10006430:	8921      	ldrh	r1, [r4, #8]
10006432:	f7ff fa01 	bl	10005838 <tud_descriptor_string_cb>
10006436:	1e02      	subs	r2, r0, #0
10006438:	d1f4      	bne.n	10006424 <tud_task_ext+0x54c>
1000643a:	e5df      	b.n	10005ffc <tud_task_ext+0x124>
1000643c:	2b02      	cmp	r3, #2
1000643e:	d100      	bne.n	10006442 <tud_task_ext+0x56a>
10006440:	e112      	b.n	10006668 <tud_task_ext+0x790>
10006442:	4b3c      	ldr	r3, [pc, #240]	; (10006534 <tud_task_ext+0x65c>)
10006444:	2b00      	cmp	r3, #0
10006446:	d100      	bne.n	1000644a <tud_task_ext+0x572>
10006448:	e5d8      	b.n	10005ffc <tud_task_ext+0x124>
1000644a:	e000      	b.n	1000644e <tud_task_ext+0x576>
1000644c:	bf00      	nop
1000644e:	0002      	movs	r2, r0
10006450:	2a00      	cmp	r2, #0
10006452:	d100      	bne.n	10006456 <tud_task_ext+0x57e>
10006454:	e5d2      	b.n	10005ffc <tud_task_ext+0x124>
10006456:	e7d3      	b.n	10006400 <tud_task_ext+0x528>
10006458:	f7ff f9e6 	bl	10005828 <tud_descriptor_device_cb>
1000645c:	2312      	movs	r3, #18
1000645e:	0002      	movs	r2, r0
10006460:	a908      	add	r1, sp, #32
10006462:	4650      	mov	r0, sl
10006464:	f000 fa54 	bl	10006910 <tud_control_xfer>
10006468:	e688      	b.n	1000617c <tud_task_ext+0x2a4>
1000646a:	482d      	ldr	r0, [pc, #180]	; (10006520 <tud_task_ext+0x648>)
1000646c:	4f2d      	ldr	r7, [pc, #180]	; (10006524 <tud_task_ext+0x64c>)
1000646e:	e75a      	b.n	10006326 <tud_task_ext+0x44e>
10006470:	88e2      	ldrh	r2, [r4, #6]
10006472:	2a00      	cmp	r2, #0
10006474:	d108      	bne.n	10006488 <tud_task_ext+0x5b0>
10006476:	4642      	mov	r2, r8
10006478:	445b      	add	r3, fp
1000647a:	199e      	adds	r6, r3, r6
1000647c:	3630      	adds	r6, #48	; 0x30
1000647e:	78f3      	ldrb	r3, [r6, #3]
10006480:	2a01      	cmp	r2, #1
10006482:	d021      	beq.n	100064c8 <tud_task_ext+0x5f0>
10006484:	079b      	lsls	r3, r3, #30
10006486:	d52e      	bpl.n	100064e6 <tud_task_ext+0x60e>
10006488:	2f00      	cmp	r7, #0
1000648a:	d100      	bne.n	1000648e <tud_task_ext+0x5b6>
1000648c:	e536      	b.n	10005efc <tud_task_ext+0x24>
1000648e:	68f8      	ldr	r0, [r7, #12]
10006490:	f000 faa6 	bl	100069e0 <usbd_control_set_complete_callback>
10006494:	68fb      	ldr	r3, [r7, #12]
10006496:	aa08      	add	r2, sp, #32
10006498:	2101      	movs	r1, #1
1000649a:	4650      	mov	r0, sl
1000649c:	4798      	blx	r3
1000649e:	2000      	movs	r0, #0
100064a0:	f000 fa9e 	bl	100069e0 <usbd_control_set_complete_callback>
100064a4:	2334      	movs	r3, #52	; 0x34
100064a6:	465a      	mov	r2, fp
100064a8:	5cd3      	ldrb	r3, [r2, r3]
100064aa:	07db      	lsls	r3, r3, #31
100064ac:	d500      	bpl.n	100064b0 <tud_task_ext+0x5d8>
100064ae:	e525      	b.n	10005efc <tud_task_ext+0x24>
100064b0:	e705      	b.n	100062be <tud_task_ext+0x3e6>
100064b2:	4a18      	ldr	r2, [pc, #96]	; (10006514 <tud_task_ext+0x63c>)
100064b4:	005e      	lsls	r6, r3, #1
100064b6:	18f3      	adds	r3, r6, r3
100064b8:	6816      	ldr	r6, [r2, #0]
100064ba:	00db      	lsls	r3, r3, #3
100064bc:	18f6      	adds	r6, r6, r3
100064be:	2e00      	cmp	r6, #0
100064c0:	d100      	bne.n	100064c4 <tud_task_ext+0x5ec>
100064c2:	e59b      	b.n	10005ffc <tud_task_ext+0x124>
100064c4:	68f0      	ldr	r0, [r6, #12]
100064c6:	e714      	b.n	100062f2 <tud_task_ext+0x41a>
100064c8:	079b      	lsls	r3, r3, #30
100064ca:	d5dd      	bpl.n	10006488 <tud_task_ext+0x5b0>
100064cc:	4b1a      	ldr	r3, [pc, #104]	; (10006538 <tud_task_ext+0x660>)
100064ce:	7818      	ldrb	r0, [r3, #0]
100064d0:	f7ff fc10 	bl	10005cf4 <dcd_edpt_clear_stall>
100064d4:	2202      	movs	r2, #2
100064d6:	78f3      	ldrb	r3, [r6, #3]
100064d8:	4393      	bics	r3, r2
100064da:	4642      	mov	r2, r8
100064dc:	70f3      	strb	r3, [r6, #3]
100064de:	78f3      	ldrb	r3, [r6, #3]
100064e0:	4393      	bics	r3, r2
100064e2:	70f3      	strb	r3, [r6, #3]
100064e4:	e7d0      	b.n	10006488 <tud_task_ext+0x5b0>
100064e6:	4b14      	ldr	r3, [pc, #80]	; (10006538 <tud_task_ext+0x660>)
100064e8:	7818      	ldrb	r0, [r3, #0]
100064ea:	f7ff fbe7 	bl	10005cbc <dcd_edpt_stall>
100064ee:	2202      	movs	r2, #2
100064f0:	78f3      	ldrb	r3, [r6, #3]
100064f2:	4313      	orrs	r3, r2
100064f4:	2201      	movs	r2, #1
100064f6:	70f3      	strb	r3, [r6, #3]
100064f8:	78f3      	ldrb	r3, [r6, #3]
100064fa:	4313      	orrs	r3, r2
100064fc:	70f3      	strb	r3, [r6, #3]
100064fe:	e7c3      	b.n	10006488 <tud_task_ext+0x5b0>
10006500:	ab06      	add	r3, sp, #24
10006502:	1c9a      	adds	r2, r3, #2
10006504:	4650      	mov	r0, sl
10006506:	2301      	movs	r3, #1
10006508:	a908      	add	r1, sp, #32
1000650a:	7016      	strb	r6, [r2, #0]
1000650c:	f000 fa00 	bl	10006910 <tud_control_xfer>
10006510:	e4f4      	b.n	10005efc <tud_task_ext+0x24>
10006512:	46c0      	nop			; (mov r8, r8)
10006514:	200012ec 	.word	0x200012ec
10006518:	1000543d 	.word	0x1000543d
1000651c:	20001e31 	.word	0x20001e31
10006520:	10006e11 	.word	0x10006e11
10006524:	10007d1c 	.word	0x10007d1c
10006528:	10007cdc 	.word	0x10007cdc
	...
10006538:	20000f9c 	.word	0x20000f9c
1000653c:	1e58      	subs	r0, r3, #1
1000653e:	b2c0      	uxtb	r0, r0
10006540:	f7ff f976 	bl	10005830 <tud_descriptor_configuration_cb>
10006544:	2800      	cmp	r0, #0
10006546:	d100      	bne.n	1000654a <tud_task_ext+0x672>
10006548:	e558      	b.n	10005ffc <tud_task_ext+0x124>
1000654a:	7843      	ldrb	r3, [r0, #1]
1000654c:	9305      	str	r3, [sp, #20]
1000654e:	2b02      	cmp	r3, #2
10006550:	d000      	beq.n	10006554 <tud_task_ext+0x67c>
10006552:	e553      	b.n	10005ffc <tud_task_ext+0x124>
10006554:	2101      	movs	r1, #1
10006556:	79c2      	ldrb	r2, [r0, #7]
10006558:	0007      	movs	r7, r0
1000655a:	1193      	asrs	r3, r2, #6
1000655c:	1152      	asrs	r2, r2, #5
1000655e:	400b      	ands	r3, r1
10006560:	400a      	ands	r2, r1
10006562:	0112      	lsls	r2, r2, #4
10006564:	015b      	lsls	r3, r3, #5
10006566:	4313      	orrs	r3, r2
10006568:	465a      	mov	r2, fp
1000656a:	7812      	ldrb	r2, [r2, #0]
1000656c:	312f      	adds	r1, #47	; 0x2f
1000656e:	438a      	bics	r2, r1
10006570:	4313      	orrs	r3, r2
10006572:	465a      	mov	r2, fp
10006574:	7013      	strb	r3, [r2, #0]
10006576:	78c3      	ldrb	r3, [r0, #3]
10006578:	7882      	ldrb	r2, [r0, #2]
1000657a:	021b      	lsls	r3, r3, #8
1000657c:	4313      	orrs	r3, r2
1000657e:	18c3      	adds	r3, r0, r3
10006580:	3709      	adds	r7, #9
10006582:	9303      	str	r3, [sp, #12]
10006584:	9b03      	ldr	r3, [sp, #12]
10006586:	42bb      	cmp	r3, r7
10006588:	d800      	bhi.n	1000658c <tud_task_ext+0x6b4>
1000658a:	e0ac      	b.n	100066e6 <tud_task_ext+0x80e>
1000658c:	2201      	movs	r2, #1
1000658e:	787b      	ldrb	r3, [r7, #1]
10006590:	9200      	str	r2, [sp, #0]
10006592:	2b0b      	cmp	r3, #11
10006594:	d103      	bne.n	1000659e <tud_task_ext+0x6c6>
10006596:	78fb      	ldrb	r3, [r7, #3]
10006598:	9300      	str	r3, [sp, #0]
1000659a:	783b      	ldrb	r3, [r7, #0]
1000659c:	18ff      	adds	r7, r7, r3
1000659e:	787b      	ldrb	r3, [r7, #1]
100065a0:	2b04      	cmp	r3, #4
100065a2:	d000      	beq.n	100065a6 <tud_task_ext+0x6ce>
100065a4:	e52a      	b.n	10005ffc <tud_task_ext+0x124>
100065a6:	2600      	movs	r6, #0
100065a8:	9b03      	ldr	r3, [sp, #12]
100065aa:	4a58      	ldr	r2, [pc, #352]	; (1000670c <tud_task_ext+0x834>)
100065ac:	1bdb      	subs	r3, r3, r7
100065ae:	b29b      	uxth	r3, r3
100065b0:	9302      	str	r3, [sp, #8]
100065b2:	4b57      	ldr	r3, [pc, #348]	; (10006710 <tud_task_ext+0x838>)
100065b4:	9304      	str	r3, [sp, #16]
100065b6:	781b      	ldrb	r3, [r3, #0]
100065b8:	42b2      	cmp	r2, r6
100065ba:	d063      	beq.n	10006684 <tud_task_ext+0x7ac>
100065bc:	46b8      	mov	r8, r7
100065be:	42b3      	cmp	r3, r6
100065c0:	d856      	bhi.n	10006670 <tud_task_ext+0x798>
100065c2:	d000      	beq.n	100065c6 <tud_task_ext+0x6ee>
100065c4:	e51a      	b.n	10005ffc <tud_task_ext+0x124>
100065c6:	4b53      	ldr	r3, [pc, #332]	; (10006714 <tud_task_ext+0x83c>)
100065c8:	4f53      	ldr	r7, [pc, #332]	; (10006718 <tud_task_ext+0x840>)
100065ca:	4641      	mov	r1, r8
100065cc:	4650      	mov	r0, sl
100065ce:	9a02      	ldr	r2, [sp, #8]
100065d0:	4798      	blx	r3
100065d2:	2808      	cmp	r0, #8
100065d4:	d903      	bls.n	100065de <tud_task_ext+0x706>
100065d6:	9a02      	ldr	r2, [sp, #8]
100065d8:	4282      	cmp	r2, r0
100065da:	d300      	bcc.n	100065de <tud_task_ext+0x706>
100065dc:	e08a      	b.n	100066f4 <tud_task_ext+0x81c>
100065de:	9b04      	ldr	r3, [sp, #16]
100065e0:	3601      	adds	r6, #1
100065e2:	781b      	ldrb	r3, [r3, #0]
100065e4:	b2f6      	uxtb	r6, r6
100065e6:	42b3      	cmp	r3, r6
100065e8:	d2e9      	bcs.n	100065be <tud_task_ext+0x6e6>
100065ea:	e507      	b.n	10005ffc <tud_task_ext+0x124>
100065ec:	4650      	mov	r0, sl
100065ee:	f7ff fb4f 	bl	10005c90 <dcd_edpt_close_all>
100065f2:	78b3      	ldrb	r3, [r6, #2]
100065f4:	4a45      	ldr	r2, [pc, #276]	; (1000670c <tud_task_ext+0x834>)
100065f6:	9300      	str	r3, [sp, #0]
100065f8:	4b45      	ldr	r3, [pc, #276]	; (10006710 <tud_task_ext+0x838>)
100065fa:	2600      	movs	r6, #0
100065fc:	4698      	mov	r8, r3
100065fe:	781b      	ldrb	r3, [r3, #0]
10006600:	2a00      	cmp	r2, #0
10006602:	d00d      	beq.n	10006620 <tud_task_ext+0x748>
10006604:	4f45      	ldr	r7, [pc, #276]	; (1000671c <tud_task_ext+0x844>)
10006606:	42b3      	cmp	r3, r6
10006608:	d825      	bhi.n	10006656 <tud_task_ext+0x77e>
1000660a:	d120      	bne.n	1000664e <tud_task_ext+0x776>
1000660c:	4b44      	ldr	r3, [pc, #272]	; (10006720 <tud_task_ext+0x848>)
1000660e:	4650      	mov	r0, sl
10006610:	4798      	blx	r3
10006612:	4643      	mov	r3, r8
10006614:	3601      	adds	r6, #1
10006616:	781b      	ldrb	r3, [r3, #0]
10006618:	b2f6      	uxtb	r6, r6
1000661a:	42b3      	cmp	r3, r6
1000661c:	d2f3      	bcs.n	10006606 <tud_task_ext+0x72e>
1000661e:	e006      	b.n	1000662e <tud_task_ext+0x756>
10006620:	4650      	mov	r0, sl
10006622:	f000 fb6b 	bl	10006cfc <cdcd_reset>
10006626:	4643      	mov	r3, r8
10006628:	781b      	ldrb	r3, [r3, #0]
1000662a:	2b00      	cmp	r3, #0
1000662c:	d10f      	bne.n	1000664e <tud_task_ext+0x776>
1000662e:	2253      	movs	r2, #83	; 0x53
10006630:	2100      	movs	r1, #0
10006632:	4658      	mov	r0, fp
10006634:	f7fe fc96 	bl	10004f64 <__wrap_memset>
10006638:	465b      	mov	r3, fp
1000663a:	2210      	movs	r2, #16
1000663c:	21ff      	movs	r1, #255	; 0xff
1000663e:	1cd8      	adds	r0, r3, #3
10006640:	f7fe fc90 	bl	10004f64 <__wrap_memset>
10006644:	2220      	movs	r2, #32
10006646:	21ff      	movs	r1, #255	; 0xff
10006648:	4836      	ldr	r0, [pc, #216]	; (10006724 <tud_task_ext+0x84c>)
1000664a:	f7fe fc8b 	bl	10004f64 <__wrap_memset>
1000664e:	465b      	mov	r3, fp
10006650:	9a00      	ldr	r2, [sp, #0]
10006652:	709a      	strb	r2, [r3, #2]
10006654:	e683      	b.n	1000635e <tud_task_ext+0x486>
10006656:	2318      	movs	r3, #24
10006658:	683a      	ldr	r2, [r7, #0]
1000665a:	4373      	muls	r3, r6
1000665c:	4694      	mov	ip, r2
1000665e:	4463      	add	r3, ip
10006660:	2b00      	cmp	r3, #0
10006662:	d0f4      	beq.n	1000664e <tud_task_ext+0x776>
10006664:	685b      	ldr	r3, [r3, #4]
10006666:	e7d2      	b.n	1000660e <tud_task_ext+0x736>
10006668:	f7ff f8e2 	bl	10005830 <tud_descriptor_configuration_cb>
1000666c:	0002      	movs	r2, r0
1000666e:	e6ef      	b.n	10006450 <tud_task_ext+0x578>
10006670:	4b2a      	ldr	r3, [pc, #168]	; (1000671c <tud_task_ext+0x844>)
10006672:	681f      	ldr	r7, [r3, #0]
10006674:	2318      	movs	r3, #24
10006676:	4373      	muls	r3, r6
10006678:	18ff      	adds	r7, r7, r3
1000667a:	2f00      	cmp	r7, #0
1000667c:	d100      	bne.n	10006680 <tud_task_ext+0x7a8>
1000667e:	e4bd      	b.n	10005ffc <tud_task_ext+0x124>
10006680:	68bb      	ldr	r3, [r7, #8]
10006682:	e7a2      	b.n	100065ca <tud_task_ext+0x6f2>
10006684:	9b02      	ldr	r3, [sp, #8]
10006686:	0039      	movs	r1, r7
10006688:	001a      	movs	r2, r3
1000668a:	4650      	mov	r0, sl
1000668c:	4698      	mov	r8, r3
1000668e:	f000 fb4b 	bl	10006d28 <cdcd_open>
10006692:	2808      	cmp	r0, #8
10006694:	d800      	bhi.n	10006698 <tud_task_ext+0x7c0>
10006696:	e4b1      	b.n	10005ffc <tud_task_ext+0x124>
10006698:	4642      	mov	r2, r8
1000669a:	4282      	cmp	r2, r0
1000669c:	d200      	bcs.n	100066a0 <tud_task_ext+0x7c8>
1000669e:	e4ad      	b.n	10005ffc <tud_task_ext+0x124>
100066a0:	4b1d      	ldr	r3, [pc, #116]	; (10006718 <tud_task_ext+0x840>)
100066a2:	4698      	mov	r8, r3
100066a4:	9b00      	ldr	r3, [sp, #0]
100066a6:	2b01      	cmp	r3, #1
100066a8:	d028      	beq.n	100066fc <tud_task_ext+0x824>
100066aa:	2200      	movs	r2, #0
100066ac:	e00a      	b.n	100066c4 <tud_task_ext+0x7ec>
100066ae:	78bb      	ldrb	r3, [r7, #2]
100066b0:	18d3      	adds	r3, r2, r3
100066b2:	b2db      	uxtb	r3, r3
100066b4:	445b      	add	r3, fp
100066b6:	78d9      	ldrb	r1, [r3, #3]
100066b8:	29ff      	cmp	r1, #255	; 0xff
100066ba:	d000      	beq.n	100066be <tud_task_ext+0x7e6>
100066bc:	e49e      	b.n	10005ffc <tud_task_ext+0x124>
100066be:	3201      	adds	r2, #1
100066c0:	70de      	strb	r6, [r3, #3]
100066c2:	b2d2      	uxtb	r2, r2
100066c4:	9b00      	ldr	r3, [sp, #0]
100066c6:	429a      	cmp	r2, r3
100066c8:	d1f1      	bne.n	100066ae <tud_task_ext+0x7d6>
100066ca:	4680      	mov	r8, r0
100066cc:	0033      	movs	r3, r6
100066ce:	0002      	movs	r2, r0
100066d0:	0039      	movs	r1, r7
100066d2:	4814      	ldr	r0, [pc, #80]	; (10006724 <tud_task_ext+0x84c>)
100066d4:	f000 fd3c 	bl	10007150 <tu_edpt_bind_driver>
100066d8:	9b04      	ldr	r3, [sp, #16]
100066da:	4447      	add	r7, r8
100066dc:	781b      	ldrb	r3, [r3, #0]
100066de:	42b3      	cmp	r3, r6
100066e0:	d300      	bcc.n	100066e4 <tud_task_ext+0x80c>
100066e2:	e74f      	b.n	10006584 <tud_task_ext+0x6ac>
100066e4:	e48a      	b.n	10005ffc <tud_task_ext+0x124>
100066e6:	4b10      	ldr	r3, [pc, #64]	; (10006728 <tud_task_ext+0x850>)
100066e8:	2b00      	cmp	r3, #0
100066ea:	d100      	bne.n	100066ee <tud_task_ext+0x816>
100066ec:	e63b      	b.n	10006366 <tud_task_ext+0x48e>
100066ee:	e000      	b.n	100066f2 <tud_task_ext+0x81a>
100066f0:	bf00      	nop
100066f2:	e638      	b.n	10006366 <tud_task_ext+0x48e>
100066f4:	003b      	movs	r3, r7
100066f6:	4647      	mov	r7, r8
100066f8:	4698      	mov	r8, r3
100066fa:	e7d3      	b.n	100066a4 <tud_task_ext+0x7cc>
100066fc:	4642      	mov	r2, r8
100066fe:	4b05      	ldr	r3, [pc, #20]	; (10006714 <tud_task_ext+0x83c>)
10006700:	6892      	ldr	r2, [r2, #8]
10006702:	429a      	cmp	r2, r3
10006704:	d1d1      	bne.n	100066aa <tud_task_ext+0x7d2>
10006706:	9b05      	ldr	r3, [sp, #20]
10006708:	9300      	str	r3, [sp, #0]
1000670a:	e7ce      	b.n	100066aa <tud_task_ext+0x7d2>
1000670c:	1000543d 	.word	0x1000543d
10006710:	20001e31 	.word	0x20001e31
10006714:	10006d29 	.word	0x10006d29
10006718:	10007d1c 	.word	0x10007d1c
1000671c:	200012ec 	.word	0x200012ec
10006720:	10006cfd 	.word	0x10006cfd
10006724:	20001627 	.word	0x20001627
10006728:	00000000 	.word	0x00000000

1000672c <usbd_open_edpt_pair>:
1000672c:	b5f8      	push	{r3, r4, r5, r6, r7, lr}
1000672e:	4657      	mov	r7, sl
10006730:	464e      	mov	r6, r9
10006732:	46de      	mov	lr, fp
10006734:	4645      	mov	r5, r8
10006736:	000c      	movs	r4, r1
10006738:	b5e0      	push	{r5, r6, r7, lr}
1000673a:	0016      	movs	r6, r2
1000673c:	001f      	movs	r7, r3
1000673e:	2a00      	cmp	r2, #0
10006740:	d03c      	beq.n	100067bc <usbd_open_edpt_pair+0x90>
10006742:	2370      	movs	r3, #112	; 0x70
10006744:	4698      	mov	r8, r3
10006746:	4b1e      	ldr	r3, [pc, #120]	; (100067c0 <usbd_open_edpt_pair+0x94>)
10006748:	2500      	movs	r5, #0
1000674a:	469b      	mov	fp, r3
1000674c:	4b1d      	ldr	r3, [pc, #116]	; (100067c4 <usbd_open_edpt_pair+0x98>)
1000674e:	469a      	mov	sl, r3
10006750:	e01a      	b.n	10006788 <usbd_open_edpt_pair+0x5c>
10006752:	465b      	mov	r3, fp
10006754:	781b      	ldrb	r3, [r3, #0]
10006756:	0020      	movs	r0, r4
10006758:	4699      	mov	r9, r3
1000675a:	4653      	mov	r3, sl
1000675c:	7899      	ldrb	r1, [r3, #2]
1000675e:	f000 fcbb 	bl	100070d8 <tu_edpt_validate>
10006762:	2800      	cmp	r0, #0
10006764:	d01c      	beq.n	100067a0 <usbd_open_edpt_pair+0x74>
10006766:	0021      	movs	r1, r4
10006768:	4648      	mov	r0, r9
1000676a:	f7ff fa0d 	bl	10005b88 <dcd_edpt_open>
1000676e:	2800      	cmp	r0, #0
10006770:	d016      	beq.n	100067a0 <usbd_open_edpt_pair+0x74>
10006772:	78a3      	ldrb	r3, [r4, #2]
10006774:	09da      	lsrs	r2, r3, #7
10006776:	2a01      	cmp	r2, #1
10006778:	d019      	beq.n	100067ae <usbd_open_edpt_pair+0x82>
1000677a:	9a0a      	ldr	r2, [sp, #40]	; 0x28
1000677c:	3501      	adds	r5, #1
1000677e:	7013      	strb	r3, [r2, #0]
10006780:	7823      	ldrb	r3, [r4, #0]
10006782:	18e4      	adds	r4, r4, r3
10006784:	42b5      	cmp	r5, r6
10006786:	da19      	bge.n	100067bc <usbd_open_edpt_pair+0x90>
10006788:	7863      	ldrb	r3, [r4, #1]
1000678a:	2b05      	cmp	r3, #5
1000678c:	d108      	bne.n	100067a0 <usbd_open_edpt_pair+0x74>
1000678e:	78e3      	ldrb	r3, [r4, #3]
10006790:	079b      	lsls	r3, r3, #30
10006792:	0f9b      	lsrs	r3, r3, #30
10006794:	42bb      	cmp	r3, r7
10006796:	d103      	bne.n	100067a0 <usbd_open_edpt_pair+0x74>
10006798:	4642      	mov	r2, r8
1000679a:	78a3      	ldrb	r3, [r4, #2]
1000679c:	421a      	tst	r2, r3
1000679e:	d0d8      	beq.n	10006752 <usbd_open_edpt_pair+0x26>
100067a0:	2000      	movs	r0, #0
100067a2:	bcf0      	pop	{r4, r5, r6, r7}
100067a4:	46bb      	mov	fp, r7
100067a6:	46b2      	mov	sl, r6
100067a8:	46a9      	mov	r9, r5
100067aa:	46a0      	mov	r8, r4
100067ac:	bdf8      	pop	{r3, r4, r5, r6, r7, pc}
100067ae:	9a0b      	ldr	r2, [sp, #44]	; 0x2c
100067b0:	3501      	adds	r5, #1
100067b2:	7013      	strb	r3, [r2, #0]
100067b4:	7823      	ldrb	r3, [r4, #0]
100067b6:	18e4      	adds	r4, r4, r3
100067b8:	42b5      	cmp	r5, r6
100067ba:	dbe5      	blt.n	10006788 <usbd_open_edpt_pair+0x5c>
100067bc:	2001      	movs	r0, #1
100067be:	e7f0      	b.n	100067a2 <usbd_open_edpt_pair+0x76>
100067c0:	20000f9c 	.word	0x20000f9c
100067c4:	20001614 	.word	0x20001614

100067c8 <usbd_defer_func>:
100067c8:	2380      	movs	r3, #128	; 0x80
100067ca:	b510      	push	{r4, lr}
100067cc:	011b      	lsls	r3, r3, #4
100067ce:	b084      	sub	sp, #16
100067d0:	9301      	str	r3, [sp, #4]
100067d2:	4b0e      	ldr	r3, [pc, #56]	; (1000680c <usbd_defer_func+0x44>)
100067d4:	9002      	str	r0, [sp, #8]
100067d6:	681c      	ldr	r4, [r3, #0]
100067d8:	9103      	str	r1, [sp, #12]
100067da:	6962      	ldr	r2, [r4, #20]
100067dc:	f3ef 8310 	mrs	r3, PRIMASK
100067e0:	b672      	cpsid	i
100067e2:	6811      	ldr	r1, [r2, #0]
100067e4:	2900      	cmp	r1, #0
100067e6:	d0fc      	beq.n	100067e2 <usbd_defer_func+0x1a>
100067e8:	f3bf 8f5f 	dmb	sy
100067ec:	61a3      	str	r3, [r4, #24]
100067ee:	0020      	movs	r0, r4
100067f0:	a901      	add	r1, sp, #4
100067f2:	f000 fdf9 	bl	100073e8 <tu_fifo_write>
100067f6:	6962      	ldr	r2, [r4, #20]
100067f8:	69a3      	ldr	r3, [r4, #24]
100067fa:	f3bf 8f5f 	dmb	sy
100067fe:	2100      	movs	r1, #0
10006800:	6011      	str	r1, [r2, #0]
10006802:	f383 8810 	msr	PRIMASK, r3
10006806:	b004      	add	sp, #16
10006808:	bd10      	pop	{r4, pc}
1000680a:	46c0      	nop			; (mov r8, r8)
1000680c:	2000166c 	.word	0x2000166c

10006810 <usbd_edpt_open>:
10006810:	2270      	movs	r2, #112	; 0x70
10006812:	b570      	push	{r4, r5, r6, lr}
10006814:	788b      	ldrb	r3, [r1, #2]
10006816:	000c      	movs	r4, r1
10006818:	421a      	tst	r2, r3
1000681a:	d001      	beq.n	10006820 <usbd_edpt_open+0x10>
1000681c:	2000      	movs	r0, #0
1000681e:	bd70      	pop	{r4, r5, r6, pc}
10006820:	4b06      	ldr	r3, [pc, #24]	; (1000683c <usbd_edpt_open+0x2c>)
10006822:	0020      	movs	r0, r4
10006824:	781d      	ldrb	r5, [r3, #0]
10006826:	4b06      	ldr	r3, [pc, #24]	; (10006840 <usbd_edpt_open+0x30>)
10006828:	7899      	ldrb	r1, [r3, #2]
1000682a:	f000 fc55 	bl	100070d8 <tu_edpt_validate>
1000682e:	2800      	cmp	r0, #0
10006830:	d0f4      	beq.n	1000681c <usbd_edpt_open+0xc>
10006832:	0021      	movs	r1, r4
10006834:	0028      	movs	r0, r5
10006836:	f7ff f9a7 	bl	10005b88 <dcd_edpt_open>
1000683a:	e7f0      	b.n	1000681e <usbd_edpt_open+0xe>
1000683c:	20000f9c 	.word	0x20000f9c
10006840:	20001614 	.word	0x20001614

10006844 <usbd_edpt_claim>:
10006844:	4b07      	ldr	r3, [pc, #28]	; (10006864 <usbd_edpt_claim+0x20>)
10006846:	0008      	movs	r0, r1
10006848:	6819      	ldr	r1, [r3, #0]
1000684a:	237f      	movs	r3, #127	; 0x7f
1000684c:	b510      	push	{r4, lr}
1000684e:	4003      	ands	r3, r0
10006850:	09c0      	lsrs	r0, r0, #7
10006852:	005b      	lsls	r3, r3, #1
10006854:	3033      	adds	r0, #51	; 0x33
10006856:	1818      	adds	r0, r3, r0
10006858:	4b03      	ldr	r3, [pc, #12]	; (10006868 <usbd_edpt_claim+0x24>)
1000685a:	1818      	adds	r0, r3, r0
1000685c:	f000 fbf8 	bl	10007050 <tu_edpt_claim>
10006860:	bd10      	pop	{r4, pc}
10006862:	46c0      	nop			; (mov r8, r8)
10006864:	20001668 	.word	0x20001668
10006868:	20001614 	.word	0x20001614

1000686c <usbd_edpt_release>:
1000686c:	4b07      	ldr	r3, [pc, #28]	; (1000688c <usbd_edpt_release+0x20>)
1000686e:	0008      	movs	r0, r1
10006870:	6819      	ldr	r1, [r3, #0]
10006872:	237f      	movs	r3, #127	; 0x7f
10006874:	b510      	push	{r4, lr}
10006876:	4003      	ands	r3, r0
10006878:	09c0      	lsrs	r0, r0, #7
1000687a:	005b      	lsls	r3, r3, #1
1000687c:	3033      	adds	r0, #51	; 0x33
1000687e:	1818      	adds	r0, r3, r0
10006880:	4b03      	ldr	r3, [pc, #12]	; (10006890 <usbd_edpt_release+0x24>)
10006882:	1818      	adds	r0, r3, r0
10006884:	f000 fc0c 	bl	100070a0 <tu_edpt_release>
10006888:	bd10      	pop	{r4, pc}
1000688a:	46c0      	nop			; (mov r8, r8)
1000688c:	20001668 	.word	0x20001668
10006890:	20001614 	.word	0x20001614

10006894 <usbd_edpt_xfer>:
10006894:	207f      	movs	r0, #127	; 0x7f
10006896:	b570      	push	{r4, r5, r6, lr}
10006898:	4008      	ands	r0, r1
1000689a:	4c0f      	ldr	r4, [pc, #60]	; (100068d8 <usbd_edpt_xfer+0x44>)
1000689c:	0040      	lsls	r0, r0, #1
1000689e:	09cd      	lsrs	r5, r1, #7
100068a0:	1824      	adds	r4, r4, r0
100068a2:	1964      	adds	r4, r4, r5
100068a4:	3430      	adds	r4, #48	; 0x30
100068a6:	78e5      	ldrb	r5, [r4, #3]
100068a8:	2000      	movs	r0, #0
100068aa:	07ed      	lsls	r5, r5, #31
100068ac:	d500      	bpl.n	100068b0 <usbd_edpt_xfer+0x1c>
100068ae:	bd70      	pop	{r4, r5, r6, pc}
100068b0:	2601      	movs	r6, #1
100068b2:	78e5      	ldrb	r5, [r4, #3]
100068b4:	4809      	ldr	r0, [pc, #36]	; (100068dc <usbd_edpt_xfer+0x48>)
100068b6:	4335      	orrs	r5, r6
100068b8:	7800      	ldrb	r0, [r0, #0]
100068ba:	70e5      	strb	r5, [r4, #3]
100068bc:	f7ff f9ec 	bl	10005c98 <dcd_edpt_xfer>
100068c0:	2800      	cmp	r0, #0
100068c2:	d1f4      	bne.n	100068ae <usbd_edpt_xfer+0x1a>
100068c4:	2201      	movs	r2, #1
100068c6:	78e3      	ldrb	r3, [r4, #3]
100068c8:	4393      	bics	r3, r2
100068ca:	70e3      	strb	r3, [r4, #3]
100068cc:	78e3      	ldrb	r3, [r4, #3]
100068ce:	3203      	adds	r2, #3
100068d0:	4393      	bics	r3, r2
100068d2:	70e3      	strb	r3, [r4, #3]
100068d4:	e7eb      	b.n	100068ae <usbd_edpt_xfer+0x1a>
100068d6:	46c0      	nop			; (mov r8, r8)
100068d8:	20001614 	.word	0x20001614
100068dc:	20000f9c 	.word	0x20000f9c

100068e0 <tud_control_status>:
100068e0:	b570      	push	{r4, r5, r6, lr}
100068e2:	4e0a      	ldr	r6, [pc, #40]	; (1000690c <tud_control_status+0x2c>)
100068e4:	0005      	movs	r5, r0
100068e6:	0030      	movs	r0, r6
100068e8:	2208      	movs	r2, #8
100068ea:	000c      	movs	r4, r1
100068ec:	f7fe fb40 	bl	10004f70 <__wrap___aeabi_memcpy>
100068f0:	2300      	movs	r3, #0
100068f2:	217f      	movs	r1, #127	; 0x7f
100068f4:	60f3      	str	r3, [r6, #12]
100068f6:	7822      	ldrb	r2, [r4, #0]
100068f8:	60b3      	str	r3, [r6, #8]
100068fa:	4291      	cmp	r1, r2
100068fc:	415b      	adcs	r3, r3
100068fe:	0028      	movs	r0, r5
10006900:	01d9      	lsls	r1, r3, #7
10006902:	2200      	movs	r2, #0
10006904:	2300      	movs	r3, #0
10006906:	f7ff ffc5 	bl	10006894 <usbd_edpt_xfer>
1000690a:	bd70      	pop	{r4, r5, r6, pc}
1000690c:	200015b8 	.word	0x200015b8

10006910 <tud_control_xfer>:
10006910:	b5f8      	push	{r3, r4, r5, r6, r7, lr}
10006912:	46ce      	mov	lr, r9
10006914:	4647      	mov	r7, r8
10006916:	4691      	mov	r9, r2
10006918:	4e2a      	ldr	r6, [pc, #168]	; (100069c4 <tud_control_xfer+0xb4>)
1000691a:	b580      	push	{r7, lr}
1000691c:	2208      	movs	r2, #8
1000691e:	0007      	movs	r7, r0
10006920:	0030      	movs	r0, r6
10006922:	000d      	movs	r5, r1
10006924:	4698      	mov	r8, r3
10006926:	f7fe fb23 	bl	10004f70 <__wrap___aeabi_memcpy>
1000692a:	464b      	mov	r3, r9
1000692c:	60b3      	str	r3, [r6, #8]
1000692e:	2300      	movs	r3, #0
10006930:	81f3      	strh	r3, [r6, #14]
10006932:	79ec      	ldrb	r4, [r5, #7]
10006934:	79a9      	ldrb	r1, [r5, #6]
10006936:	0224      	lsls	r4, r4, #8
10006938:	430c      	orrs	r4, r1
1000693a:	1c23      	adds	r3, r4, #0
1000693c:	4544      	cmp	r4, r8
1000693e:	d900      	bls.n	10006942 <tud_control_xfer+0x32>
10006940:	4643      	mov	r3, r8
10006942:	b29a      	uxth	r2, r3
10006944:	4690      	mov	r8, r2
10006946:	81b3      	strh	r3, [r6, #12]
10006948:	2c00      	cmp	r4, #0
1000694a:	d013      	beq.n	10006974 <tud_control_xfer+0x64>
1000694c:	2a00      	cmp	r2, #0
1000694e:	d01f      	beq.n	10006990 <tud_control_xfer+0x80>
10006950:	464b      	mov	r3, r9
10006952:	2b00      	cmp	r3, #0
10006954:	d034      	beq.n	100069c0 <tud_control_xfer+0xb0>
10006956:	1c13      	adds	r3, r2, #0
10006958:	2a40      	cmp	r2, #64	; 0x40
1000695a:	d81f      	bhi.n	1000699c <tud_control_xfer+0x8c>
1000695c:	b29b      	uxth	r3, r3
1000695e:	4698      	mov	r8, r3
10006960:	7833      	ldrb	r3, [r6, #0]
10006962:	2b7f      	cmp	r3, #127	; 0x7f
10006964:	d820      	bhi.n	100069a8 <tud_control_xfer+0x98>
10006966:	2100      	movs	r1, #0
10006968:	4a17      	ldr	r2, [pc, #92]	; (100069c8 <tud_control_xfer+0xb8>)
1000696a:	4643      	mov	r3, r8
1000696c:	0038      	movs	r0, r7
1000696e:	f7ff ff91 	bl	10006894 <usbd_edpt_xfer>
10006972:	e009      	b.n	10006988 <tud_control_xfer+0x78>
10006974:	227f      	movs	r2, #127	; 0x7f
10006976:	782b      	ldrb	r3, [r5, #0]
10006978:	0038      	movs	r0, r7
1000697a:	429a      	cmp	r2, r3
1000697c:	4164      	adcs	r4, r4
1000697e:	2300      	movs	r3, #0
10006980:	2200      	movs	r2, #0
10006982:	01e1      	lsls	r1, r4, #7
10006984:	f7ff ff86 	bl	10006894 <usbd_edpt_xfer>
10006988:	bcc0      	pop	{r6, r7}
1000698a:	46b9      	mov	r9, r7
1000698c:	46b0      	mov	r8, r6
1000698e:	bdf8      	pop	{r3, r4, r5, r6, r7, pc}
10006990:	7833      	ldrb	r3, [r6, #0]
10006992:	2b7f      	cmp	r3, #127	; 0x7f
10006994:	d911      	bls.n	100069ba <tud_control_xfer+0xaa>
10006996:	2180      	movs	r1, #128	; 0x80
10006998:	2200      	movs	r2, #0
1000699a:	e7e6      	b.n	1000696a <tud_control_xfer+0x5a>
1000699c:	2340      	movs	r3, #64	; 0x40
1000699e:	b29b      	uxth	r3, r3
100069a0:	4698      	mov	r8, r3
100069a2:	7833      	ldrb	r3, [r6, #0]
100069a4:	2b7f      	cmp	r3, #127	; 0x7f
100069a6:	d9de      	bls.n	10006966 <tud_control_xfer+0x56>
100069a8:	4c07      	ldr	r4, [pc, #28]	; (100069c8 <tud_control_xfer+0xb8>)
100069aa:	4642      	mov	r2, r8
100069ac:	4649      	mov	r1, r9
100069ae:	0020      	movs	r0, r4
100069b0:	f7fe fade 	bl	10004f70 <__wrap___aeabi_memcpy>
100069b4:	2180      	movs	r1, #128	; 0x80
100069b6:	0022      	movs	r2, r4
100069b8:	e7d7      	b.n	1000696a <tud_control_xfer+0x5a>
100069ba:	2100      	movs	r1, #0
100069bc:	2200      	movs	r2, #0
100069be:	e7d4      	b.n	1000696a <tud_control_xfer+0x5a>
100069c0:	2000      	movs	r0, #0
100069c2:	e7e1      	b.n	10006988 <tud_control_xfer+0x78>
100069c4:	200015b8 	.word	0x200015b8
100069c8:	200015d4 	.word	0x200015d4

100069cc <usbd_control_reset>:
100069cc:	b510      	push	{r4, lr}
100069ce:	2214      	movs	r2, #20
100069d0:	2100      	movs	r1, #0
100069d2:	4802      	ldr	r0, [pc, #8]	; (100069dc <usbd_control_reset+0x10>)
100069d4:	f7fe fac6 	bl	10004f64 <__wrap_memset>
100069d8:	bd10      	pop	{r4, pc}
100069da:	46c0      	nop			; (mov r8, r8)
100069dc:	200015b8 	.word	0x200015b8

100069e0 <usbd_control_set_complete_callback>:
100069e0:	4b01      	ldr	r3, [pc, #4]	; (100069e8 <usbd_control_set_complete_callback+0x8>)
100069e2:	6118      	str	r0, [r3, #16]
100069e4:	4770      	bx	lr
100069e6:	46c0      	nop			; (mov r8, r8)
100069e8:	200015b8 	.word	0x200015b8

100069ec <usbd_control_set_request>:
100069ec:	b510      	push	{r4, lr}
100069ee:	4c05      	ldr	r4, [pc, #20]	; (10006a04 <usbd_control_set_request+0x18>)
100069f0:	0001      	movs	r1, r0
100069f2:	2208      	movs	r2, #8
100069f4:	0020      	movs	r0, r4
100069f6:	f7fe fabb 	bl	10004f70 <__wrap___aeabi_memcpy>
100069fa:	2300      	movs	r3, #0
100069fc:	60a3      	str	r3, [r4, #8]
100069fe:	60e3      	str	r3, [r4, #12]
10006a00:	bd10      	pop	{r4, pc}
10006a02:	46c0      	nop			; (mov r8, r8)
10006a04:	200015b8 	.word	0x200015b8

10006a08 <usbd_control_xfer_cb>:
10006a08:	b5f8      	push	{r3, r4, r5, r6, r7, lr}
10006a0a:	4c3b      	ldr	r4, [pc, #236]	; (10006af8 <usbd_control_xfer_cb+0xf0>)
10006a0c:	001d      	movs	r5, r3
10006a0e:	7823      	ldrb	r3, [r4, #0]
10006a10:	0006      	movs	r6, r0
10006a12:	09da      	lsrs	r2, r3, #7
10006a14:	09c9      	lsrs	r1, r1, #7
10006a16:	428a      	cmp	r2, r1
10006a18:	d013      	beq.n	10006a42 <usbd_control_xfer_cb+0x3a>
10006a1a:	2000      	movs	r0, #0
10006a1c:	2d00      	cmp	r5, #0
10006a1e:	d000      	beq.n	10006a22 <usbd_control_xfer_cb+0x1a>
10006a20:	bdf8      	pop	{r3, r4, r5, r6, r7, pc}
10006a22:	4b36      	ldr	r3, [pc, #216]	; (10006afc <usbd_control_xfer_cb+0xf4>)
10006a24:	2b00      	cmp	r3, #0
10006a26:	d003      	beq.n	10006a30 <usbd_control_xfer_cb+0x28>
10006a28:	0021      	movs	r1, r4
10006a2a:	0030      	movs	r0, r6
10006a2c:	f7ff f89e 	bl	10005b6c <dcd_edpt0_status_complete>
10006a30:	6923      	ldr	r3, [r4, #16]
10006a32:	2b00      	cmp	r3, #0
10006a34:	d044      	beq.n	10006ac0 <usbd_control_xfer_cb+0xb8>
10006a36:	0022      	movs	r2, r4
10006a38:	2103      	movs	r1, #3
10006a3a:	0030      	movs	r0, r6
10006a3c:	4798      	blx	r3
10006a3e:	2001      	movs	r0, #1
10006a40:	e7ee      	b.n	10006a20 <usbd_control_xfer_cb+0x18>
10006a42:	2b7f      	cmp	r3, #127	; 0x7f
10006a44:	d806      	bhi.n	10006a54 <usbd_control_xfer_cb+0x4c>
10006a46:	68a0      	ldr	r0, [r4, #8]
10006a48:	2800      	cmp	r0, #0
10006a4a:	d037      	beq.n	10006abc <usbd_control_xfer_cb+0xb4>
10006a4c:	002a      	movs	r2, r5
10006a4e:	492c      	ldr	r1, [pc, #176]	; (10006b00 <usbd_control_xfer_cb+0xf8>)
10006a50:	f7fe fa8e 	bl	10004f70 <__wrap___aeabi_memcpy>
10006a54:	68a3      	ldr	r3, [r4, #8]
10006a56:	89e2      	ldrh	r2, [r4, #14]
10006a58:	1959      	adds	r1, r3, r5
10006a5a:	1952      	adds	r2, r2, r5
10006a5c:	88e3      	ldrh	r3, [r4, #6]
10006a5e:	b292      	uxth	r2, r2
10006a60:	81e2      	strh	r2, [r4, #14]
10006a62:	60a1      	str	r1, [r4, #8]
10006a64:	4293      	cmp	r3, r2
10006a66:	d014      	beq.n	10006a92 <usbd_control_xfer_cb+0x8a>
10006a68:	2d3f      	cmp	r5, #63	; 0x3f
10006a6a:	d912      	bls.n	10006a92 <usbd_control_xfer_cb+0x8a>
10006a6c:	89a5      	ldrh	r5, [r4, #12]
10006a6e:	1aa8      	subs	r0, r5, r2
10006a70:	1c07      	adds	r7, r0, #0
10006a72:	b280      	uxth	r0, r0
10006a74:	2840      	cmp	r0, #64	; 0x40
10006a76:	d82f      	bhi.n	10006ad8 <usbd_control_xfer_cb+0xd0>
10006a78:	7823      	ldrb	r3, [r4, #0]
10006a7a:	b2bf      	uxth	r7, r7
10006a7c:	2b7f      	cmp	r3, #127	; 0x7f
10006a7e:	d82d      	bhi.n	10006adc <usbd_control_xfer_cb+0xd4>
10006a80:	2100      	movs	r1, #0
10006a82:	42aa      	cmp	r2, r5
10006a84:	d035      	beq.n	10006af2 <usbd_control_xfer_cb+0xea>
10006a86:	4a1e      	ldr	r2, [pc, #120]	; (10006b00 <usbd_control_xfer_cb+0xf8>)
10006a88:	003b      	movs	r3, r7
10006a8a:	0030      	movs	r0, r6
10006a8c:	f7ff ff02 	bl	10006894 <usbd_edpt_xfer>
10006a90:	e7c6      	b.n	10006a20 <usbd_control_xfer_cb+0x18>
10006a92:	6923      	ldr	r3, [r4, #16]
10006a94:	2b00      	cmp	r3, #0
10006a96:	d005      	beq.n	10006aa4 <usbd_control_xfer_cb+0x9c>
10006a98:	0022      	movs	r2, r4
10006a9a:	2102      	movs	r1, #2
10006a9c:	0030      	movs	r0, r6
10006a9e:	4798      	blx	r3
10006aa0:	2800      	cmp	r0, #0
10006aa2:	d00f      	beq.n	10006ac4 <usbd_control_xfer_cb+0xbc>
10006aa4:	227f      	movs	r2, #127	; 0x7f
10006aa6:	2100      	movs	r1, #0
10006aa8:	7823      	ldrb	r3, [r4, #0]
10006aaa:	0030      	movs	r0, r6
10006aac:	429a      	cmp	r2, r3
10006aae:	4149      	adcs	r1, r1
10006ab0:	2300      	movs	r3, #0
10006ab2:	2200      	movs	r2, #0
10006ab4:	01c9      	lsls	r1, r1, #7
10006ab6:	f7ff feed 	bl	10006894 <usbd_edpt_xfer>
10006aba:	e7b1      	b.n	10006a20 <usbd_control_xfer_cb+0x18>
10006abc:	2000      	movs	r0, #0
10006abe:	e7af      	b.n	10006a20 <usbd_control_xfer_cb+0x18>
10006ac0:	2001      	movs	r0, #1
10006ac2:	e7ad      	b.n	10006a20 <usbd_control_xfer_cb+0x18>
10006ac4:	2100      	movs	r1, #0
10006ac6:	0030      	movs	r0, r6
10006ac8:	f7ff f8f8 	bl	10005cbc <dcd_edpt_stall>
10006acc:	0030      	movs	r0, r6
10006ace:	2180      	movs	r1, #128	; 0x80
10006ad0:	f7ff f8f4 	bl	10005cbc <dcd_edpt_stall>
10006ad4:	2001      	movs	r0, #1
10006ad6:	e7a3      	b.n	10006a20 <usbd_control_xfer_cb+0x18>
10006ad8:	2740      	movs	r7, #64	; 0x40
10006ada:	e7cd      	b.n	10006a78 <usbd_control_xfer_cb+0x70>
10006adc:	42aa      	cmp	r2, r5
10006ade:	d007      	beq.n	10006af0 <usbd_control_xfer_cb+0xe8>
10006ae0:	4c07      	ldr	r4, [pc, #28]	; (10006b00 <usbd_control_xfer_cb+0xf8>)
10006ae2:	003a      	movs	r2, r7
10006ae4:	0020      	movs	r0, r4
10006ae6:	f7fe fa43 	bl	10004f70 <__wrap___aeabi_memcpy>
10006aea:	2180      	movs	r1, #128	; 0x80
10006aec:	0022      	movs	r2, r4
10006aee:	e7cb      	b.n	10006a88 <usbd_control_xfer_cb+0x80>
10006af0:	2180      	movs	r1, #128	; 0x80
10006af2:	2200      	movs	r2, #0
10006af4:	e7c8      	b.n	10006a88 <usbd_control_xfer_cb+0x80>
10006af6:	46c0      	nop			; (mov r8, r8)
10006af8:	200015b8 	.word	0x200015b8
10006afc:	10005b6d 	.word	0x10005b6d
10006b00:	200015d4 	.word	0x200015d4

10006b04 <tud_cdc_n_connected>:
10006b04:	b510      	push	{r4, lr}
10006b06:	0004      	movs	r4, r0
10006b08:	f7ff f95a 	bl	10005dc0 <tud_mounted>
10006b0c:	2800      	cmp	r0, #0
10006b0e:	d101      	bne.n	10006b14 <tud_cdc_n_connected+0x10>
10006b10:	2000      	movs	r0, #0
10006b12:	bd10      	pop	{r4, pc}
10006b14:	f7ff f95c 	bl	10005dd0 <tud_suspended>
10006b18:	2800      	cmp	r0, #0
10006b1a:	d1f9      	bne.n	10006b10 <tud_cdc_n_connected+0xc>
10006b1c:	20b2      	movs	r0, #178	; 0xb2
10006b1e:	0080      	lsls	r0, r0, #2
10006b20:	4344      	muls	r4, r0
10006b22:	4803      	ldr	r0, [pc, #12]	; (10006b30 <tud_cdc_n_connected+0x2c>)
10006b24:	1900      	adds	r0, r0, r4
10006b26:	7903      	ldrb	r3, [r0, #4]
10006b28:	2001      	movs	r0, #1
10006b2a:	4018      	ands	r0, r3
10006b2c:	e7f1      	b.n	10006b12 <tud_cdc_n_connected+0xe>
10006b2e:	46c0      	nop			; (mov r8, r8)
10006b30:	200012f0 	.word	0x200012f0

10006b34 <tud_cdc_n_available>:
10006b34:	23b2      	movs	r3, #178	; 0xb2
10006b36:	009b      	lsls	r3, r3, #2
10006b38:	4358      	muls	r0, r3
10006b3a:	b510      	push	{r4, lr}
10006b3c:	4b02      	ldr	r3, [pc, #8]	; (10006b48 <tud_cdc_n_available+0x14>)
10006b3e:	3010      	adds	r0, #16
10006b40:	18c0      	adds	r0, r0, r3
10006b42:	f000 fb57 	bl	100071f4 <tu_fifo_count>
10006b46:	bd10      	pop	{r4, pc}
10006b48:	200012f0 	.word	0x200012f0

10006b4c <tud_cdc_n_read>:
10006b4c:	b5f0      	push	{r4, r5, r6, r7, lr}
10006b4e:	25b2      	movs	r5, #178	; 0xb2
10006b50:	00ad      	lsls	r5, r5, #2
10006b52:	4345      	muls	r5, r0
10006b54:	002c      	movs	r4, r5
10006b56:	46c6      	mov	lr, r8
10006b58:	4f17      	ldr	r7, [pc, #92]	; (10006bb8 <tud_cdc_n_read+0x6c>)
10006b5a:	3410      	adds	r4, #16
10006b5c:	19e4      	adds	r4, r4, r7
10006b5e:	b500      	push	{lr}
10006b60:	0020      	movs	r0, r4
10006b62:	b292      	uxth	r2, r2
10006b64:	f000 fbca 	bl	100072fc <tu_fifo_read_n>
10006b68:	0006      	movs	r6, r0
10006b6a:	0020      	movs	r0, r4
10006b6c:	f000 fb60 	bl	10007230 <tu_fifo_remaining>
10006b70:	283f      	cmp	r0, #63	; 0x3f
10006b72:	d803      	bhi.n	10006b7c <tud_cdc_n_read+0x30>
10006b74:	0030      	movs	r0, r6
10006b76:	bc80      	pop	{r7}
10006b78:	46b8      	mov	r8, r7
10006b7a:	bdf0      	pop	{r4, r5, r6, r7, pc}
10006b7c:	197b      	adds	r3, r7, r5
10006b7e:	2000      	movs	r0, #0
10006b80:	78d9      	ldrb	r1, [r3, #3]
10006b82:	4698      	mov	r8, r3
10006b84:	f7ff fe5e 	bl	10006844 <usbd_edpt_claim>
10006b88:	2800      	cmp	r0, #0
10006b8a:	d0f3      	beq.n	10006b74 <tud_cdc_n_read+0x28>
10006b8c:	0020      	movs	r0, r4
10006b8e:	f000 fb4f 	bl	10007230 <tu_fifo_remaining>
10006b92:	283f      	cmp	r0, #63	; 0x3f
10006b94:	d90a      	bls.n	10006bac <tud_cdc_n_read+0x60>
10006b96:	2392      	movs	r3, #146	; 0x92
10006b98:	009b      	lsls	r3, r3, #2
10006b9a:	18ea      	adds	r2, r5, r3
10006b9c:	4643      	mov	r3, r8
10006b9e:	19d2      	adds	r2, r2, r7
10006ba0:	78d9      	ldrb	r1, [r3, #3]
10006ba2:	2000      	movs	r0, #0
10006ba4:	2340      	movs	r3, #64	; 0x40
10006ba6:	f7ff fe75 	bl	10006894 <usbd_edpt_xfer>
10006baa:	e7e3      	b.n	10006b74 <tud_cdc_n_read+0x28>
10006bac:	4643      	mov	r3, r8
10006bae:	2000      	movs	r0, #0
10006bb0:	78d9      	ldrb	r1, [r3, #3]
10006bb2:	f7ff fe5b 	bl	1000686c <usbd_edpt_release>
10006bb6:	e7dd      	b.n	10006b74 <tud_cdc_n_read+0x28>
10006bb8:	200012f0 	.word	0x200012f0

10006bbc <tud_cdc_n_write_flush>:
10006bbc:	b5f8      	push	{r3, r4, r5, r6, r7, lr}
10006bbe:	0004      	movs	r4, r0
10006bc0:	f7ff f8fe 	bl	10005dc0 <tud_mounted>
10006bc4:	2800      	cmp	r0, #0
10006bc6:	d101      	bne.n	10006bcc <tud_cdc_n_write_flush+0x10>
10006bc8:	2000      	movs	r0, #0
10006bca:	bdf8      	pop	{r3, r4, r5, r6, r7, pc}
10006bcc:	f7ff f900 	bl	10005dd0 <tud_suspended>
10006bd0:	2800      	cmp	r0, #0
10006bd2:	d1f9      	bne.n	10006bc8 <tud_cdc_n_write_flush+0xc>
10006bd4:	20b2      	movs	r0, #178	; 0xb2
10006bd6:	0080      	lsls	r0, r0, #2
10006bd8:	4344      	muls	r4, r0
10006bda:	0025      	movs	r5, r4
10006bdc:	4e14      	ldr	r6, [pc, #80]	; (10006c30 <tud_cdc_n_write_flush+0x74>)
10006bde:	3524      	adds	r5, #36	; 0x24
10006be0:	19ad      	adds	r5, r5, r6
10006be2:	0028      	movs	r0, r5
10006be4:	f000 fb06 	bl	100071f4 <tu_fifo_count>
10006be8:	2800      	cmp	r0, #0
10006bea:	d0ed      	beq.n	10006bc8 <tud_cdc_n_write_flush+0xc>
10006bec:	1937      	adds	r7, r6, r4
10006bee:	2000      	movs	r0, #0
10006bf0:	78b9      	ldrb	r1, [r7, #2]
10006bf2:	f7ff fe27 	bl	10006844 <usbd_edpt_claim>
10006bf6:	2800      	cmp	r0, #0
10006bf8:	d0e6      	beq.n	10006bc8 <tud_cdc_n_write_flush+0xc>
10006bfa:	23a2      	movs	r3, #162	; 0xa2
10006bfc:	009b      	lsls	r3, r3, #2
10006bfe:	469c      	mov	ip, r3
10006c00:	4464      	add	r4, ip
10006c02:	19a4      	adds	r4, r4, r6
10006c04:	0021      	movs	r1, r4
10006c06:	0028      	movs	r0, r5
10006c08:	2240      	movs	r2, #64	; 0x40
10006c0a:	f000 fb77 	bl	100072fc <tu_fifo_read_n>
10006c0e:	78b9      	ldrb	r1, [r7, #2]
10006c10:	1e05      	subs	r5, r0, #0
10006c12:	d008      	beq.n	10006c26 <tud_cdc_n_write_flush+0x6a>
10006c14:	0003      	movs	r3, r0
10006c16:	0022      	movs	r2, r4
10006c18:	2000      	movs	r0, #0
10006c1a:	f7ff fe3b 	bl	10006894 <usbd_edpt_xfer>
10006c1e:	2800      	cmp	r0, #0
10006c20:	d0d2      	beq.n	10006bc8 <tud_cdc_n_write_flush+0xc>
10006c22:	0028      	movs	r0, r5
10006c24:	e7d1      	b.n	10006bca <tud_cdc_n_write_flush+0xe>
10006c26:	2000      	movs	r0, #0
10006c28:	f7ff fe20 	bl	1000686c <usbd_edpt_release>
10006c2c:	e7cc      	b.n	10006bc8 <tud_cdc_n_write_flush+0xc>
10006c2e:	46c0      	nop			; (mov r8, r8)
10006c30:	200012f0 	.word	0x200012f0

10006c34 <tud_cdc_n_write>:
10006c34:	b570      	push	{r4, r5, r6, lr}
10006c36:	24b2      	movs	r4, #178	; 0xb2
10006c38:	00a4      	lsls	r4, r4, #2
10006c3a:	4344      	muls	r4, r0
10006c3c:	4b09      	ldr	r3, [pc, #36]	; (10006c64 <tud_cdc_n_write+0x30>)
10006c3e:	3424      	adds	r4, #36	; 0x24
10006c40:	18e4      	adds	r4, r4, r3
10006c42:	0005      	movs	r5, r0
10006c44:	b292      	uxth	r2, r2
10006c46:	0020      	movs	r0, r4
10006c48:	f000 fc12 	bl	10007470 <tu_fifo_write_n>
10006c4c:	0006      	movs	r6, r0
10006c4e:	0020      	movs	r0, r4
10006c50:	f000 fad0 	bl	100071f4 <tu_fifo_count>
10006c54:	283f      	cmp	r0, #63	; 0x3f
10006c56:	d801      	bhi.n	10006c5c <tud_cdc_n_write+0x28>
10006c58:	0030      	movs	r0, r6
10006c5a:	bd70      	pop	{r4, r5, r6, pc}
10006c5c:	0028      	movs	r0, r5
10006c5e:	f7ff ffad 	bl	10006bbc <tud_cdc_n_write_flush>
10006c62:	e7f9      	b.n	10006c58 <tud_cdc_n_write+0x24>
10006c64:	200012f0 	.word	0x200012f0

10006c68 <tud_cdc_n_write_available>:
10006c68:	23b2      	movs	r3, #178	; 0xb2
10006c6a:	009b      	lsls	r3, r3, #2
10006c6c:	4358      	muls	r0, r3
10006c6e:	b510      	push	{r4, lr}
10006c70:	4b02      	ldr	r3, [pc, #8]	; (10006c7c <tud_cdc_n_write_available+0x14>)
10006c72:	3024      	adds	r0, #36	; 0x24
10006c74:	18c0      	adds	r0, r0, r3
10006c76:	f000 fadb 	bl	10007230 <tu_fifo_remaining>
10006c7a:	bd10      	pop	{r4, pc}
10006c7c:	200012f0 	.word	0x200012f0

10006c80 <cdcd_init>:
10006c80:	22b2      	movs	r2, #178	; 0xb2
10006c82:	b5f0      	push	{r4, r5, r6, r7, lr}
10006c84:	4c1b      	ldr	r4, [pc, #108]	; (10006cf4 <cdcd_init+0x74>)
10006c86:	b083      	sub	sp, #12
10006c88:	2100      	movs	r1, #0
10006c8a:	0020      	movs	r0, r4
10006c8c:	0092      	lsls	r2, r2, #2
10006c8e:	f7fe f969 	bl	10004f64 <__wrap_memset>
10006c92:	23ff      	movs	r3, #255	; 0xff
10006c94:	7163      	strb	r3, [r4, #5]
10006c96:	4b18      	ldr	r3, [pc, #96]	; (10006cf8 <cdcd_init+0x78>)
10006c98:	2680      	movs	r6, #128	; 0x80
10006c9a:	2500      	movs	r5, #0
10006c9c:	80e3      	strh	r3, [r4, #6]
10006c9e:	2701      	movs	r7, #1
10006ca0:	2308      	movs	r3, #8
10006ca2:	0021      	movs	r1, r4
10006ca4:	0020      	movs	r0, r4
10006ca6:	0076      	lsls	r6, r6, #1
10006ca8:	7323      	strb	r3, [r4, #12]
10006caa:	0032      	movs	r2, r6
10006cac:	8127      	strh	r7, [r4, #8]
10006cae:	3138      	adds	r1, #56	; 0x38
10006cb0:	9500      	str	r5, [sp, #0]
10006cb2:	3b07      	subs	r3, #7
10006cb4:	3010      	adds	r0, #16
10006cb6:	f000 fa65 	bl	10007184 <tu_fifo_config>
10006cba:	0021      	movs	r1, r4
10006cbc:	0020      	movs	r0, r4
10006cbe:	3139      	adds	r1, #57	; 0x39
10006cc0:	0032      	movs	r2, r6
10006cc2:	31ff      	adds	r1, #255	; 0xff
10006cc4:	2301      	movs	r3, #1
10006cc6:	9700      	str	r7, [sp, #0]
10006cc8:	3024      	adds	r0, #36	; 0x24
10006cca:	f000 fa5b 	bl	10007184 <tu_fifo_config>
10006cce:	238e      	movs	r3, #142	; 0x8e
10006cd0:	009b      	lsls	r3, r3, #2
10006cd2:	18e6      	adds	r6, r4, r3
10006cd4:	0030      	movs	r0, r6
10006cd6:	f7fb f891 	bl	10001dfc <mutex_init>
10006cda:	2390      	movs	r3, #144	; 0x90
10006cdc:	009b      	lsls	r3, r3, #2
10006cde:	6226      	str	r6, [r4, #32]
10006ce0:	18e6      	adds	r6, r4, r3
10006ce2:	0030      	movs	r0, r6
10006ce4:	61e5      	str	r5, [r4, #28]
10006ce6:	f7fb f889 	bl	10001dfc <mutex_init>
10006cea:	6326      	str	r6, [r4, #48]	; 0x30
10006cec:	6365      	str	r5, [r4, #52]	; 0x34
10006cee:	b003      	add	sp, #12
10006cf0:	bdf0      	pop	{r4, r5, r6, r7, pc}
10006cf2:	46c0      	nop			; (mov r8, r8)
10006cf4:	200012f0 	.word	0x200012f0
10006cf8:	ffffc200 	.word	0xffffc200

10006cfc <cdcd_reset>:
10006cfc:	b510      	push	{r4, lr}
10006cfe:	4c09      	ldr	r4, [pc, #36]	; (10006d24 <cdcd_reset+0x28>)
10006d00:	2205      	movs	r2, #5
10006d02:	2100      	movs	r1, #0
10006d04:	0020      	movs	r0, r4
10006d06:	f7fe f92d 	bl	10004f64 <__wrap_memset>
10006d0a:	0020      	movs	r0, r4
10006d0c:	3424      	adds	r4, #36	; 0x24
10006d0e:	3010      	adds	r0, #16
10006d10:	f000 fc62 	bl	100075d8 <tu_fifo_clear>
10006d14:	0020      	movs	r0, r4
10006d16:	f000 fc5f 	bl	100075d8 <tu_fifo_clear>
10006d1a:	2101      	movs	r1, #1
10006d1c:	0020      	movs	r0, r4
10006d1e:	f000 fc7b 	bl	10007618 <tu_fifo_set_overwritable>
10006d22:	bd10      	pop	{r4, pc}
10006d24:	200012f0 	.word	0x200012f0

10006d28 <cdcd_open>:
10006d28:	b5f0      	push	{r4, r5, r6, r7, lr}
10006d2a:	794b      	ldrb	r3, [r1, #5]
10006d2c:	0006      	movs	r6, r0
10006d2e:	b083      	sub	sp, #12
10006d30:	2b02      	cmp	r3, #2
10006d32:	d102      	bne.n	10006d3a <cdcd_open+0x12>
10006d34:	798b      	ldrb	r3, [r1, #6]
10006d36:	2b02      	cmp	r3, #2
10006d38:	d003      	beq.n	10006d42 <cdcd_open+0x1a>
10006d3a:	2500      	movs	r5, #0
10006d3c:	0028      	movs	r0, r5
10006d3e:	b003      	add	sp, #12
10006d40:	bdf0      	pop	{r4, r5, r6, r7, pc}
10006d42:	4f30      	ldr	r7, [pc, #192]	; (10006e04 <cdcd_open+0xdc>)
10006d44:	78bb      	ldrb	r3, [r7, #2]
10006d46:	2b00      	cmp	r3, #0
10006d48:	d1f7      	bne.n	10006d3a <cdcd_open+0x12>
10006d4a:	788b      	ldrb	r3, [r1, #2]
10006d4c:	2509      	movs	r5, #9
10006d4e:	703b      	strb	r3, [r7, #0]
10006d50:	780c      	ldrb	r4, [r1, #0]
10006d52:	190c      	adds	r4, r1, r4
10006d54:	7863      	ldrb	r3, [r4, #1]
10006d56:	2b24      	cmp	r3, #36	; 0x24
10006d58:	d10b      	bne.n	10006d72 <cdcd_open+0x4a>
10006d5a:	2a08      	cmp	r2, #8
10006d5c:	d802      	bhi.n	10006d64 <cdcd_open+0x3c>
10006d5e:	e00f      	b.n	10006d80 <cdcd_open+0x58>
10006d60:	42aa      	cmp	r2, r5
10006d62:	d30d      	bcc.n	10006d80 <cdcd_open+0x58>
10006d64:	7823      	ldrb	r3, [r4, #0]
10006d66:	18e4      	adds	r4, r4, r3
10006d68:	18ed      	adds	r5, r5, r3
10006d6a:	7863      	ldrb	r3, [r4, #1]
10006d6c:	b2ad      	uxth	r5, r5
10006d6e:	2b24      	cmp	r3, #36	; 0x24
10006d70:	d0f6      	beq.n	10006d60 <cdcd_open+0x38>
10006d72:	2b05      	cmp	r3, #5
10006d74:	d021      	beq.n	10006dba <cdcd_open+0x92>
10006d76:	2b04      	cmp	r3, #4
10006d78:	d102      	bne.n	10006d80 <cdcd_open+0x58>
10006d7a:	7963      	ldrb	r3, [r4, #5]
10006d7c:	2b0a      	cmp	r3, #10
10006d7e:	d02f      	beq.n	10006de0 <cdcd_open+0xb8>
10006d80:	4c21      	ldr	r4, [pc, #132]	; (10006e08 <cdcd_open+0xe0>)
10006d82:	0020      	movs	r0, r4
10006d84:	f000 fa54 	bl	10007230 <tu_fifo_remaining>
10006d88:	283f      	cmp	r0, #63	; 0x3f
10006d8a:	d9d7      	bls.n	10006d3c <cdcd_open+0x14>
10006d8c:	0026      	movs	r6, r4
10006d8e:	3e10      	subs	r6, #16
10006d90:	2000      	movs	r0, #0
10006d92:	78f1      	ldrb	r1, [r6, #3]
10006d94:	f7ff fd56 	bl	10006844 <usbd_edpt_claim>
10006d98:	2800      	cmp	r0, #0
10006d9a:	d0cf      	beq.n	10006d3c <cdcd_open+0x14>
10006d9c:	0020      	movs	r0, r4
10006d9e:	f000 fa47 	bl	10007230 <tu_fifo_remaining>
10006da2:	283f      	cmp	r0, #63	; 0x3f
10006da4:	d917      	bls.n	10006dd6 <cdcd_open+0xae>
10006da6:	238e      	movs	r3, #142	; 0x8e
10006da8:	009b      	lsls	r3, r3, #2
10006daa:	18e2      	adds	r2, r4, r3
10006dac:	3bf9      	subs	r3, #249	; 0xf9
10006dae:	78f1      	ldrb	r1, [r6, #3]
10006db0:	3bff      	subs	r3, #255	; 0xff
10006db2:	2000      	movs	r0, #0
10006db4:	f7ff fd6e 	bl	10006894 <usbd_edpt_xfer>
10006db8:	e7c0      	b.n	10006d3c <cdcd_open+0x14>
10006dba:	0021      	movs	r1, r4
10006dbc:	0030      	movs	r0, r6
10006dbe:	f7ff fd27 	bl	10006810 <usbd_edpt_open>
10006dc2:	2800      	cmp	r0, #0
10006dc4:	d0b9      	beq.n	10006d3a <cdcd_open+0x12>
10006dc6:	78a3      	ldrb	r3, [r4, #2]
10006dc8:	707b      	strb	r3, [r7, #1]
10006dca:	7823      	ldrb	r3, [r4, #0]
10006dcc:	18ed      	adds	r5, r5, r3
10006dce:	18e4      	adds	r4, r4, r3
10006dd0:	7863      	ldrb	r3, [r4, #1]
10006dd2:	b2ad      	uxth	r5, r5
10006dd4:	e7cf      	b.n	10006d76 <cdcd_open+0x4e>
10006dd6:	78f1      	ldrb	r1, [r6, #3]
10006dd8:	2000      	movs	r0, #0
10006dda:	f7ff fd47 	bl	1000686c <usbd_edpt_release>
10006dde:	e7ad      	b.n	10006d3c <cdcd_open+0x14>
10006de0:	4b0a      	ldr	r3, [pc, #40]	; (10006e0c <cdcd_open+0xe4>)
10006de2:	7827      	ldrb	r7, [r4, #0]
10006de4:	9301      	str	r3, [sp, #4]
10006de6:	3301      	adds	r3, #1
10006de8:	9300      	str	r3, [sp, #0]
10006dea:	2202      	movs	r2, #2
10006dec:	2302      	movs	r3, #2
10006dee:	0030      	movs	r0, r6
10006df0:	19e1      	adds	r1, r4, r7
10006df2:	f7ff fc9b 	bl	1000672c <usbd_open_edpt_pair>
10006df6:	2800      	cmp	r0, #0
10006df8:	d09f      	beq.n	10006d3a <cdcd_open+0x12>
10006dfa:	350e      	adds	r5, #14
10006dfc:	19ed      	adds	r5, r5, r7
10006dfe:	b2ad      	uxth	r5, r5
10006e00:	e7be      	b.n	10006d80 <cdcd_open+0x58>
10006e02:	46c0      	nop			; (mov r8, r8)
10006e04:	200012f0 	.word	0x200012f0
10006e08:	20001300 	.word	0x20001300
10006e0c:	200012f2 	.word	0x200012f2

10006e10 <cdcd_control_xfer_cb>:
10006e10:	b5f8      	push	{r3, r4, r5, r6, r7, lr}
10006e12:	2360      	movs	r3, #96	; 0x60
10006e14:	0014      	movs	r4, r2
10006e16:	7812      	ldrb	r2, [r2, #0]
10006e18:	0005      	movs	r5, r0
10006e1a:	4013      	ands	r3, r2
10006e1c:	2000      	movs	r0, #0
10006e1e:	2b20      	cmp	r3, #32
10006e20:	d112      	bne.n	10006e48 <cdcd_control_xfer_cb+0x38>
10006e22:	4a2f      	ldr	r2, [pc, #188]	; (10006ee0 <cdcd_control_xfer_cb+0xd0>)
10006e24:	7963      	ldrb	r3, [r4, #5]
10006e26:	7927      	ldrb	r7, [r4, #4]
10006e28:	7816      	ldrb	r6, [r2, #0]
10006e2a:	021b      	lsls	r3, r3, #8
10006e2c:	433b      	orrs	r3, r7
10006e2e:	429e      	cmp	r6, r3
10006e30:	d10a      	bne.n	10006e48 <cdcd_control_xfer_cb+0x38>
10006e32:	7863      	ldrb	r3, [r4, #1]
10006e34:	2b22      	cmp	r3, #34	; 0x22
10006e36:	d027      	beq.n	10006e88 <cdcd_control_xfer_cb+0x78>
10006e38:	d807      	bhi.n	10006e4a <cdcd_control_xfer_cb+0x3a>
10006e3a:	2b20      	cmp	r3, #32
10006e3c:	d017      	beq.n	10006e6e <cdcd_control_xfer_cb+0x5e>
10006e3e:	2b21      	cmp	r3, #33	; 0x21
10006e40:	d102      	bne.n	10006e48 <cdcd_control_xfer_cb+0x38>
10006e42:	2901      	cmp	r1, #1
10006e44:	d03d      	beq.n	10006ec2 <cdcd_control_xfer_cb+0xb2>
10006e46:	2001      	movs	r0, #1
10006e48:	bdf8      	pop	{r3, r4, r5, r6, r7, pc}
10006e4a:	2b23      	cmp	r3, #35	; 0x23
10006e4c:	d1fc      	bne.n	10006e48 <cdcd_control_xfer_cb+0x38>
10006e4e:	2901      	cmp	r1, #1
10006e50:	d03f      	beq.n	10006ed2 <cdcd_control_xfer_cb+0xc2>
10006e52:	2903      	cmp	r1, #3
10006e54:	d1f7      	bne.n	10006e46 <cdcd_control_xfer_cb+0x36>
10006e56:	4b23      	ldr	r3, [pc, #140]	; (10006ee4 <cdcd_control_xfer_cb+0xd4>)
10006e58:	2b00      	cmp	r3, #0
10006e5a:	d0f4      	beq.n	10006e46 <cdcd_control_xfer_cb+0x36>
10006e5c:	78e1      	ldrb	r1, [r4, #3]
10006e5e:	78a3      	ldrb	r3, [r4, #2]
10006e60:	0209      	lsls	r1, r1, #8
10006e62:	2000      	movs	r0, #0
10006e64:	4319      	orrs	r1, r3
10006e66:	e000      	b.n	10006e6a <cdcd_control_xfer_cb+0x5a>
10006e68:	bf00      	nop
10006e6a:	2001      	movs	r0, #1
10006e6c:	e7ec      	b.n	10006e48 <cdcd_control_xfer_cb+0x38>
10006e6e:	2901      	cmp	r1, #1
10006e70:	d027      	beq.n	10006ec2 <cdcd_control_xfer_cb+0xb2>
10006e72:	2903      	cmp	r1, #3
10006e74:	d1e7      	bne.n	10006e46 <cdcd_control_xfer_cb+0x36>
10006e76:	4b1c      	ldr	r3, [pc, #112]	; (10006ee8 <cdcd_control_xfer_cb+0xd8>)
10006e78:	2b00      	cmp	r3, #0
10006e7a:	d0e4      	beq.n	10006e46 <cdcd_control_xfer_cb+0x36>
10006e7c:	2000      	movs	r0, #0
10006e7e:	1d91      	adds	r1, r2, #6
10006e80:	f7fe fae2 	bl	10005448 <tud_cdc_line_coding_cb>
10006e84:	2001      	movs	r0, #1
10006e86:	e7df      	b.n	10006e48 <cdcd_control_xfer_cb+0x38>
10006e88:	2901      	cmp	r1, #1
10006e8a:	d022      	beq.n	10006ed2 <cdcd_control_xfer_cb+0xc2>
10006e8c:	2903      	cmp	r1, #3
10006e8e:	d1da      	bne.n	10006e46 <cdcd_control_xfer_cb+0x36>
10006e90:	2501      	movs	r5, #1
10006e92:	002e      	movs	r6, r5
10006e94:	78a3      	ldrb	r3, [r4, #2]
10006e96:	78e4      	ldrb	r4, [r4, #3]
10006e98:	3902      	subs	r1, #2
10006e9a:	0224      	lsls	r4, r4, #8
10006e9c:	431c      	orrs	r4, r3
10006e9e:	7114      	strb	r4, [r2, #4]
10006ea0:	4026      	ands	r6, r4
10006ea2:	3224      	adds	r2, #36	; 0x24
10006ea4:	0010      	movs	r0, r2
10006ea6:	4071      	eors	r1, r6
10006ea8:	f000 fbb6 	bl	10007618 <tu_fifo_set_overwritable>
10006eac:	4b0f      	ldr	r3, [pc, #60]	; (10006eec <cdcd_control_xfer_cb+0xdc>)
10006eae:	2b00      	cmp	r3, #0
10006eb0:	d0c9      	beq.n	10006e46 <cdcd_control_xfer_cb+0x36>
10006eb2:	0862      	lsrs	r2, r4, #1
10006eb4:	2000      	movs	r0, #0
10006eb6:	0031      	movs	r1, r6
10006eb8:	402a      	ands	r2, r5
10006eba:	e000      	b.n	10006ebe <cdcd_control_xfer_cb+0xae>
10006ebc:	bf00      	nop
10006ebe:	2001      	movs	r0, #1
10006ec0:	e7c2      	b.n	10006e48 <cdcd_control_xfer_cb+0x38>
10006ec2:	2307      	movs	r3, #7
10006ec4:	0021      	movs	r1, r4
10006ec6:	0028      	movs	r0, r5
10006ec8:	4a09      	ldr	r2, [pc, #36]	; (10006ef0 <cdcd_control_xfer_cb+0xe0>)
10006eca:	f7ff fd21 	bl	10006910 <tud_control_xfer>
10006ece:	2001      	movs	r0, #1
10006ed0:	e7ba      	b.n	10006e48 <cdcd_control_xfer_cb+0x38>
10006ed2:	0021      	movs	r1, r4
10006ed4:	0028      	movs	r0, r5
10006ed6:	f7ff fd03 	bl	100068e0 <tud_control_status>
10006eda:	2001      	movs	r0, #1
10006edc:	e7b4      	b.n	10006e48 <cdcd_control_xfer_cb+0x38>
10006ede:	46c0      	nop			; (mov r8, r8)
10006ee0:	200012f0 	.word	0x200012f0
10006ee4:	00000000 	.word	0x00000000
10006ee8:	10005449 	.word	0x10005449
10006eec:	00000000 	.word	0x00000000
10006ef0:	200012f6 	.word	0x200012f6

10006ef4 <cdcd_xfer_cb>:
10006ef4:	b5f8      	push	{r3, r4, r5, r6, r7, lr}
10006ef6:	4657      	mov	r7, sl
10006ef8:	464e      	mov	r6, r9
10006efa:	4645      	mov	r5, r8
10006efc:	46de      	mov	lr, fp
10006efe:	b5e0      	push	{r5, r6, r7, lr}
10006f00:	4f49      	ldr	r7, [pc, #292]	; (10007028 <cdcd_xfer_cb+0x134>)
10006f02:	4680      	mov	r8, r0
10006f04:	78fa      	ldrb	r2, [r7, #3]
10006f06:	000c      	movs	r4, r1
10006f08:	001e      	movs	r6, r3
10006f0a:	428a      	cmp	r2, r1
10006f0c:	d164      	bne.n	10006fd8 <cdcd_xfer_cb+0xe4>
10006f0e:	b29a      	uxth	r2, r3
10006f10:	2392      	movs	r3, #146	; 0x92
10006f12:	009b      	lsls	r3, r3, #2
10006f14:	18fd      	adds	r5, r7, r3
10006f16:	2310      	movs	r3, #16
10006f18:	469b      	mov	fp, r3
10006f1a:	44bb      	add	fp, r7
10006f1c:	0029      	movs	r1, r5
10006f1e:	4658      	mov	r0, fp
10006f20:	f000 faa6 	bl	10007470 <tu_fifo_write_n>
10006f24:	4b41      	ldr	r3, [pc, #260]	; (1000702c <cdcd_xfer_cb+0x138>)
10006f26:	46d9      	mov	r9, fp
10006f28:	2b00      	cmp	r3, #0
10006f2a:	d018      	beq.n	10006f5e <cdcd_xfer_cb+0x6a>
10006f2c:	797b      	ldrb	r3, [r7, #5]
10006f2e:	46d9      	mov	r9, fp
10006f30:	2bff      	cmp	r3, #255	; 0xff
10006f32:	d014      	beq.n	10006f5e <cdcd_xfer_cb+0x6a>
10006f34:	2e00      	cmp	r6, #0
10006f36:	d012      	beq.n	10006f5e <cdcd_xfer_cb+0x6a>
10006f38:	19aa      	adds	r2, r5, r6
10006f3a:	4692      	mov	sl, r2
10006f3c:	e003      	b.n	10006f46 <cdcd_xfer_cb+0x52>
10006f3e:	3501      	adds	r5, #1
10006f40:	4555      	cmp	r5, sl
10006f42:	d00c      	beq.n	10006f5e <cdcd_xfer_cb+0x6a>
10006f44:	797b      	ldrb	r3, [r7, #5]
10006f46:	782a      	ldrb	r2, [r5, #0]
10006f48:	429a      	cmp	r2, r3
10006f4a:	d1f8      	bne.n	10006f3e <cdcd_xfer_cb+0x4a>
10006f4c:	4648      	mov	r0, r9
10006f4e:	f000 f967 	bl	10007220 <tu_fifo_empty>
10006f52:	2800      	cmp	r0, #0
10006f54:	d1f3      	bne.n	10006f3e <cdcd_xfer_cb+0x4a>
10006f56:	7979      	ldrb	r1, [r7, #5]
10006f58:	e000      	b.n	10006f5c <cdcd_xfer_cb+0x68>
10006f5a:	bf00      	nop
10006f5c:	e7ef      	b.n	10006f3e <cdcd_xfer_cb+0x4a>
10006f5e:	4b34      	ldr	r3, [pc, #208]	; (10007030 <cdcd_xfer_cb+0x13c>)
10006f60:	2b00      	cmp	r3, #0
10006f62:	d004      	beq.n	10006f6e <cdcd_xfer_cb+0x7a>
10006f64:	4648      	mov	r0, r9
10006f66:	f000 f95b 	bl	10007220 <tu_fifo_empty>
10006f6a:	2800      	cmp	r0, #0
10006f6c:	d052      	beq.n	10007014 <cdcd_xfer_cb+0x120>
10006f6e:	4648      	mov	r0, r9
10006f70:	f000 f95e 	bl	10007230 <tu_fifo_remaining>
10006f74:	283f      	cmp	r0, #63	; 0x3f
10006f76:	d834      	bhi.n	10006fe2 <cdcd_xfer_cb+0xee>
10006f78:	464a      	mov	r2, r9
10006f7a:	3a10      	subs	r2, #16
10006f7c:	7893      	ldrb	r3, [r2, #2]
10006f7e:	42a3      	cmp	r3, r4
10006f80:	d007      	beq.n	10006f92 <cdcd_xfer_cb+0x9e>
10006f82:	2401      	movs	r4, #1
10006f84:	0020      	movs	r0, r4
10006f86:	bcf0      	pop	{r4, r5, r6, r7}
10006f88:	46bb      	mov	fp, r7
10006f8a:	46b2      	mov	sl, r6
10006f8c:	46a9      	mov	r9, r5
10006f8e:	46a0      	mov	r8, r4
10006f90:	bdf8      	pop	{r3, r4, r5, r6, r7, pc}
10006f92:	4b28      	ldr	r3, [pc, #160]	; (10007034 <cdcd_xfer_cb+0x140>)
10006f94:	2b00      	cmp	r3, #0
10006f96:	d002      	beq.n	10006f9e <cdcd_xfer_cb+0xaa>
10006f98:	2000      	movs	r0, #0
10006f9a:	e000      	b.n	10006f9e <cdcd_xfer_cb+0xaa>
10006f9c:	bf00      	nop
10006f9e:	2000      	movs	r0, #0
10006fa0:	f7ff fe0c 	bl	10006bbc <tud_cdc_n_write_flush>
10006fa4:	2800      	cmp	r0, #0
10006fa6:	d1ec      	bne.n	10006f82 <cdcd_xfer_cb+0x8e>
10006fa8:	4d23      	ldr	r5, [pc, #140]	; (10007038 <cdcd_xfer_cb+0x144>)
10006faa:	0028      	movs	r0, r5
10006fac:	f000 f922 	bl	100071f4 <tu_fifo_count>
10006fb0:	2800      	cmp	r0, #0
10006fb2:	d1e6      	bne.n	10006f82 <cdcd_xfer_cb+0x8e>
10006fb4:	2e00      	cmp	r6, #0
10006fb6:	d0e4      	beq.n	10006f82 <cdcd_xfer_cb+0x8e>
10006fb8:	06b3      	lsls	r3, r6, #26
10006fba:	d1e2      	bne.n	10006f82 <cdcd_xfer_cb+0x8e>
10006fbc:	3d24      	subs	r5, #36	; 0x24
10006fbe:	4640      	mov	r0, r8
10006fc0:	78a9      	ldrb	r1, [r5, #2]
10006fc2:	f7ff fc3f 	bl	10006844 <usbd_edpt_claim>
10006fc6:	1e04      	subs	r4, r0, #0
10006fc8:	d0db      	beq.n	10006f82 <cdcd_xfer_cb+0x8e>
10006fca:	2300      	movs	r3, #0
10006fcc:	2200      	movs	r2, #0
10006fce:	4640      	mov	r0, r8
10006fd0:	78a9      	ldrb	r1, [r5, #2]
10006fd2:	f7ff fc5f 	bl	10006894 <usbd_edpt_xfer>
10006fd6:	e7d5      	b.n	10006f84 <cdcd_xfer_cb+0x90>
10006fd8:	78bb      	ldrb	r3, [r7, #2]
10006fda:	428b      	cmp	r3, r1
10006fdc:	d0d9      	beq.n	10006f92 <cdcd_xfer_cb+0x9e>
10006fde:	2400      	movs	r4, #0
10006fe0:	e7d0      	b.n	10006f84 <cdcd_xfer_cb+0x90>
10006fe2:	464d      	mov	r5, r9
10006fe4:	3d10      	subs	r5, #16
10006fe6:	2000      	movs	r0, #0
10006fe8:	78e9      	ldrb	r1, [r5, #3]
10006fea:	f7ff fc2b 	bl	10006844 <usbd_edpt_claim>
10006fee:	2800      	cmp	r0, #0
10006ff0:	d101      	bne.n	10006ff6 <cdcd_xfer_cb+0x102>
10006ff2:	78ab      	ldrb	r3, [r5, #2]
10006ff4:	e7c3      	b.n	10006f7e <cdcd_xfer_cb+0x8a>
10006ff6:	4648      	mov	r0, r9
10006ff8:	f000 f91a 	bl	10007230 <tu_fifo_remaining>
10006ffc:	283f      	cmp	r0, #63	; 0x3f
10006ffe:	d90c      	bls.n	1000701a <cdcd_xfer_cb+0x126>
10007000:	228e      	movs	r2, #142	; 0x8e
10007002:	0092      	lsls	r2, r2, #2
10007004:	2340      	movs	r3, #64	; 0x40
10007006:	2000      	movs	r0, #0
10007008:	78e9      	ldrb	r1, [r5, #3]
1000700a:	444a      	add	r2, r9
1000700c:	f7ff fc42 	bl	10006894 <usbd_edpt_xfer>
10007010:	78ab      	ldrb	r3, [r5, #2]
10007012:	e7b4      	b.n	10006f7e <cdcd_xfer_cb+0x8a>
10007014:	f7fe fb8a 	bl	1000572c <tud_cdc_rx_cb>
10007018:	e7a9      	b.n	10006f6e <cdcd_xfer_cb+0x7a>
1000701a:	2000      	movs	r0, #0
1000701c:	78e9      	ldrb	r1, [r5, #3]
1000701e:	f7ff fc25 	bl	1000686c <usbd_edpt_release>
10007022:	78ab      	ldrb	r3, [r5, #2]
10007024:	e7ab      	b.n	10006f7e <cdcd_xfer_cb+0x8a>
10007026:	46c0      	nop			; (mov r8, r8)
10007028:	200012f0 	.word	0x200012f0
1000702c:	00000000 	.word	0x00000000
10007030:	1000572d 	.word	0x1000572d
10007034:	00000000 	.word	0x00000000
10007038:	20001314 	.word	0x20001314

1000703c <tusb_init>:
1000703c:	b510      	push	{r4, lr}
1000703e:	2000      	movs	r0, #0
10007040:	f7fe fed8 	bl	10005df4 <tud_init>
10007044:	bd10      	pop	{r4, pc}
10007046:	46c0      	nop			; (mov r8, r8)

10007048 <tusb_inited>:
10007048:	b510      	push	{r4, lr}
1000704a:	f7fe fec9 	bl	10005de0 <tud_inited>
1000704e:	bd10      	pop	{r4, pc}

10007050 <tu_edpt_claim>:
10007050:	7803      	ldrb	r3, [r0, #0]
10007052:	b570      	push	{r4, r5, r6, lr}
10007054:	07db      	lsls	r3, r3, #31
10007056:	0004      	movs	r4, r0
10007058:	000e      	movs	r6, r1
1000705a:	0fdd      	lsrs	r5, r3, #31
1000705c:	2b00      	cmp	r3, #0
1000705e:	d117      	bne.n	10007090 <tu_edpt_claim+0x40>
10007060:	7803      	ldrb	r3, [r0, #0]
10007062:	075b      	lsls	r3, r3, #29
10007064:	d501      	bpl.n	1000706a <tu_edpt_claim+0x1a>
10007066:	0028      	movs	r0, r5
10007068:	bd70      	pop	{r4, r5, r6, pc}
1000706a:	2101      	movs	r1, #1
1000706c:	0030      	movs	r0, r6
1000706e:	4249      	negs	r1, r1
10007070:	f000 fb66 	bl	10007740 <__mutex_enter_timeout_ms_veneer>
10007074:	7823      	ldrb	r3, [r4, #0]
10007076:	07db      	lsls	r3, r3, #31
10007078:	0fdd      	lsrs	r5, r3, #31
1000707a:	2b00      	cmp	r3, #0
1000707c:	d10a      	bne.n	10007094 <tu_edpt_claim+0x44>
1000707e:	7823      	ldrb	r3, [r4, #0]
10007080:	075b      	lsls	r3, r3, #29
10007082:	d408      	bmi.n	10007096 <tu_edpt_claim+0x46>
10007084:	2204      	movs	r2, #4
10007086:	7823      	ldrb	r3, [r4, #0]
10007088:	2501      	movs	r5, #1
1000708a:	4313      	orrs	r3, r2
1000708c:	7023      	strb	r3, [r4, #0]
1000708e:	e002      	b.n	10007096 <tu_edpt_claim+0x46>
10007090:	2500      	movs	r5, #0
10007092:	e7e8      	b.n	10007066 <tu_edpt_claim+0x16>
10007094:	2500      	movs	r5, #0
10007096:	0030      	movs	r0, r6
10007098:	f000 fb1a 	bl	100076d0 <__mutex_exit_veneer>
1000709c:	e7e3      	b.n	10007066 <tu_edpt_claim+0x16>
1000709e:	46c0      	nop			; (mov r8, r8)

100070a0 <tu_edpt_release>:
100070a0:	b570      	push	{r4, r5, r6, lr}
100070a2:	000d      	movs	r5, r1
100070a4:	2101      	movs	r1, #1
100070a6:	0004      	movs	r4, r0
100070a8:	4249      	negs	r1, r1
100070aa:	0028      	movs	r0, r5
100070ac:	f000 fb48 	bl	10007740 <__mutex_enter_timeout_ms_veneer>
100070b0:	7823      	ldrb	r3, [r4, #0]
100070b2:	075b      	lsls	r3, r3, #29
100070b4:	0fde      	lsrs	r6, r3, #31
100070b6:	2b00      	cmp	r3, #0
100070b8:	db04      	blt.n	100070c4 <tu_edpt_release+0x24>
100070ba:	0028      	movs	r0, r5
100070bc:	f000 fb08 	bl	100076d0 <__mutex_exit_veneer>
100070c0:	0030      	movs	r0, r6
100070c2:	bd70      	pop	{r4, r5, r6, pc}
100070c4:	7823      	ldrb	r3, [r4, #0]
100070c6:	07db      	lsls	r3, r3, #31
100070c8:	d404      	bmi.n	100070d4 <tu_edpt_release+0x34>
100070ca:	2204      	movs	r2, #4
100070cc:	7823      	ldrb	r3, [r4, #0]
100070ce:	4393      	bics	r3, r2
100070d0:	7023      	strb	r3, [r4, #0]
100070d2:	e7f2      	b.n	100070ba <tu_edpt_release+0x1a>
100070d4:	2600      	movs	r6, #0
100070d6:	e7f0      	b.n	100070ba <tu_edpt_release+0x1a>

100070d8 <tu_edpt_validate>:
100070d8:	b510      	push	{r4, lr}
100070da:	7943      	ldrb	r3, [r0, #5]
100070dc:	7904      	ldrb	r4, [r0, #4]
100070de:	021b      	lsls	r3, r3, #8
100070e0:	4323      	orrs	r3, r4
100070e2:	055b      	lsls	r3, r3, #21
100070e4:	0d5a      	lsrs	r2, r3, #21
100070e6:	78c3      	ldrb	r3, [r0, #3]
100070e8:	079b      	lsls	r3, r3, #30
100070ea:	0f9b      	lsrs	r3, r3, #30
100070ec:	2b02      	cmp	r3, #2
100070ee:	d005      	beq.n	100070fc <tu_edpt_validate+0x24>
100070f0:	2b03      	cmp	r3, #3
100070f2:	d015      	beq.n	10007120 <tu_edpt_validate+0x48>
100070f4:	2000      	movs	r0, #0
100070f6:	2b01      	cmp	r3, #1
100070f8:	d008      	beq.n	1000710c <tu_edpt_validate+0x34>
100070fa:	bd10      	pop	{r4, pc}
100070fc:	2902      	cmp	r1, #2
100070fe:	d01c      	beq.n	1000713a <tu_edpt_validate+0x62>
10007100:	2000      	movs	r0, #0
10007102:	2340      	movs	r3, #64	; 0x40
10007104:	4293      	cmp	r3, r2
10007106:	4140      	adcs	r0, r0
10007108:	b2c0      	uxtb	r0, r0
1000710a:	e7f6      	b.n	100070fa <tu_edpt_validate+0x22>
1000710c:	3902      	subs	r1, #2
1000710e:	424b      	negs	r3, r1
10007110:	4159      	adcs	r1, r3
10007112:	4b0d      	ldr	r3, [pc, #52]	; (10007148 <tu_edpt_validate+0x70>)
10007114:	469c      	mov	ip, r3
10007116:	4461      	add	r1, ip
10007118:	4291      	cmp	r1, r2
1000711a:	4140      	adcs	r0, r0
1000711c:	b2c0      	uxtb	r0, r0
1000711e:	e7ec      	b.n	100070fa <tu_edpt_validate+0x22>
10007120:	3902      	subs	r1, #2
10007122:	424b      	negs	r3, r1
10007124:	4159      	adcs	r1, r3
10007126:	23f0      	movs	r3, #240	; 0xf0
10007128:	2000      	movs	r0, #0
1000712a:	4249      	negs	r1, r1
1000712c:	009b      	lsls	r3, r3, #2
1000712e:	4019      	ands	r1, r3
10007130:	3140      	adds	r1, #64	; 0x40
10007132:	4291      	cmp	r1, r2
10007134:	4140      	adcs	r0, r0
10007136:	b2c0      	uxtb	r0, r0
10007138:	e7df      	b.n	100070fa <tu_edpt_validate+0x22>
1000713a:	4b04      	ldr	r3, [pc, #16]	; (1000714c <tu_edpt_validate+0x74>)
1000713c:	18d3      	adds	r3, r2, r3
1000713e:	425a      	negs	r2, r3
10007140:	4153      	adcs	r3, r2
10007142:	b2d8      	uxtb	r0, r3
10007144:	e7d9      	b.n	100070fa <tu_edpt_validate+0x22>
10007146:	46c0      	nop			; (mov r8, r8)
10007148:	000003ff 	.word	0x000003ff
1000714c:	fffffe00 	.word	0xfffffe00

10007150 <tu_edpt_bind_driver>:
10007150:	188a      	adds	r2, r1, r2
10007152:	b570      	push	{r4, r5, r6, lr}
10007154:	4291      	cmp	r1, r2
10007156:	d207      	bcs.n	10007168 <tu_edpt_bind_driver+0x18>
10007158:	267f      	movs	r6, #127	; 0x7f
1000715a:	784c      	ldrb	r4, [r1, #1]
1000715c:	2c05      	cmp	r4, #5
1000715e:	d004      	beq.n	1000716a <tu_edpt_bind_driver+0x1a>
10007160:	780c      	ldrb	r4, [r1, #0]
10007162:	1909      	adds	r1, r1, r4
10007164:	428a      	cmp	r2, r1
10007166:	d8f8      	bhi.n	1000715a <tu_edpt_bind_driver+0xa>
10007168:	bd70      	pop	{r4, r5, r6, pc}
1000716a:	0034      	movs	r4, r6
1000716c:	788d      	ldrb	r5, [r1, #2]
1000716e:	402c      	ands	r4, r5
10007170:	0064      	lsls	r4, r4, #1
10007172:	1904      	adds	r4, r0, r4
10007174:	09ed      	lsrs	r5, r5, #7
10007176:	5563      	strb	r3, [r4, r5]
10007178:	780c      	ldrb	r4, [r1, #0]
1000717a:	1909      	adds	r1, r1, r4
1000717c:	428a      	cmp	r2, r1
1000717e:	d8ec      	bhi.n	1000715a <tu_edpt_bind_driver+0xa>
10007180:	e7f2      	b.n	10007168 <tu_edpt_bind_driver+0x18>
10007182:	46c0      	nop			; (mov r8, r8)

10007184 <tu_fifo_config>:
10007184:	b5f0      	push	{r4, r5, r6, r7, lr}
10007186:	46c6      	mov	lr, r8
10007188:	b500      	push	{lr}
1000718a:	0004      	movs	r4, r0
1000718c:	a806      	add	r0, sp, #24
1000718e:	7805      	ldrb	r5, [r0, #0]
10007190:	2080      	movs	r0, #128	; 0x80
10007192:	4688      	mov	r8, r1
10007194:	0017      	movs	r7, r2
10007196:	001e      	movs	r6, r3
10007198:	0200      	lsls	r0, r0, #8
1000719a:	4282      	cmp	r2, r0
1000719c:	d827      	bhi.n	100071ee <tu_fifo_config+0x6a>
1000719e:	68e0      	ldr	r0, [r4, #12]
100071a0:	2800      	cmp	r0, #0
100071a2:	d003      	beq.n	100071ac <tu_fifo_config+0x28>
100071a4:	2101      	movs	r1, #1
100071a6:	4249      	negs	r1, r1
100071a8:	f000 faca 	bl	10007740 <__mutex_enter_timeout_ms_veneer>
100071ac:	6920      	ldr	r0, [r4, #16]
100071ae:	2800      	cmp	r0, #0
100071b0:	d003      	beq.n	100071ba <tu_fifo_config+0x36>
100071b2:	2101      	movs	r1, #1
100071b4:	4249      	negs	r1, r1
100071b6:	f000 fac3 	bl	10007740 <__mutex_enter_timeout_ms_veneer>
100071ba:	4643      	mov	r3, r8
100071bc:	6023      	str	r3, [r4, #0]
100071be:	0473      	lsls	r3, r6, #17
100071c0:	0c5b      	lsrs	r3, r3, #17
100071c2:	03ed      	lsls	r5, r5, #15
100071c4:	431d      	orrs	r5, r3
100071c6:	2300      	movs	r3, #0
100071c8:	68e0      	ldr	r0, [r4, #12]
100071ca:	8163      	strh	r3, [r4, #10]
100071cc:	80a7      	strh	r7, [r4, #4]
100071ce:	80e5      	strh	r5, [r4, #6]
100071d0:	8123      	strh	r3, [r4, #8]
100071d2:	2800      	cmp	r0, #0
100071d4:	d001      	beq.n	100071da <tu_fifo_config+0x56>
100071d6:	f000 fa7b 	bl	100076d0 <__mutex_exit_veneer>
100071da:	6920      	ldr	r0, [r4, #16]
100071dc:	2401      	movs	r4, #1
100071de:	2800      	cmp	r0, #0
100071e0:	d001      	beq.n	100071e6 <tu_fifo_config+0x62>
100071e2:	f000 fa75 	bl	100076d0 <__mutex_exit_veneer>
100071e6:	0020      	movs	r0, r4
100071e8:	bc80      	pop	{r7}
100071ea:	46b8      	mov	r8, r7
100071ec:	bdf0      	pop	{r4, r5, r6, r7, pc}
100071ee:	2400      	movs	r4, #0
100071f0:	e7f9      	b.n	100071e6 <tu_fifo_config+0x62>
100071f2:	46c0      	nop			; (mov r8, r8)

100071f4 <tu_fifo_count>:
100071f4:	b510      	push	{r4, lr}
100071f6:	8904      	ldrh	r4, [r0, #8]
100071f8:	8941      	ldrh	r1, [r0, #10]
100071fa:	8882      	ldrh	r2, [r0, #4]
100071fc:	b2a3      	uxth	r3, r4
100071fe:	b288      	uxth	r0, r1
10007200:	428c      	cmp	r4, r1
10007202:	d307      	bcc.n	10007214 <tu_fifo_count+0x20>
10007204:	1a1b      	subs	r3, r3, r0
10007206:	b29b      	uxth	r3, r3
10007208:	1c10      	adds	r0, r2, #0
1000720a:	429a      	cmp	r2, r3
1000720c:	d900      	bls.n	10007210 <tu_fifo_count+0x1c>
1000720e:	1c18      	adds	r0, r3, #0
10007210:	b280      	uxth	r0, r0
10007212:	bd10      	pop	{r4, pc}
10007214:	0051      	lsls	r1, r2, #1
10007216:	1a09      	subs	r1, r1, r0
10007218:	185b      	adds	r3, r3, r1
1000721a:	b29b      	uxth	r3, r3
1000721c:	e7f4      	b.n	10007208 <tu_fifo_count+0x14>
1000721e:	46c0      	nop			; (mov r8, r8)

10007220 <tu_fifo_empty>:
10007220:	0003      	movs	r3, r0
10007222:	8900      	ldrh	r0, [r0, #8]
10007224:	895b      	ldrh	r3, [r3, #10]
10007226:	1ac0      	subs	r0, r0, r3
10007228:	4243      	negs	r3, r0
1000722a:	4158      	adcs	r0, r3
1000722c:	b2c0      	uxtb	r0, r0
1000722e:	4770      	bx	lr

10007230 <tu_fifo_remaining>:
10007230:	b510      	push	{r4, lr}
10007232:	8904      	ldrh	r4, [r0, #8]
10007234:	8941      	ldrh	r1, [r0, #10]
10007236:	8882      	ldrh	r2, [r0, #4]
10007238:	b2a3      	uxth	r3, r4
1000723a:	b288      	uxth	r0, r1
1000723c:	428c      	cmp	r4, r1
1000723e:	d307      	bcc.n	10007250 <tu_fifo_remaining+0x20>
10007240:	1a1b      	subs	r3, r3, r0
10007242:	b29b      	uxth	r3, r3
10007244:	2000      	movs	r0, #0
10007246:	429a      	cmp	r2, r3
10007248:	d901      	bls.n	1000724e <tu_fifo_remaining+0x1e>
1000724a:	1ad3      	subs	r3, r2, r3
1000724c:	b298      	uxth	r0, r3
1000724e:	bd10      	pop	{r4, pc}
10007250:	0051      	lsls	r1, r2, #1
10007252:	1a09      	subs	r1, r1, r0
10007254:	185b      	adds	r3, r3, r1
10007256:	b29b      	uxth	r3, r3
10007258:	e7f4      	b.n	10007244 <tu_fifo_remaining+0x14>
1000725a:	46c0      	nop			; (mov r8, r8)

1000725c <tu_fifo_read>:
1000725c:	b570      	push	{r4, r5, r6, lr}
1000725e:	0004      	movs	r4, r0
10007260:	6900      	ldr	r0, [r0, #16]
10007262:	000e      	movs	r6, r1
10007264:	2800      	cmp	r0, #0
10007266:	d003      	beq.n	10007270 <tu_fifo_read+0x14>
10007268:	2101      	movs	r1, #1
1000726a:	4249      	negs	r1, r1
1000726c:	f000 fa68 	bl	10007740 <__mutex_enter_timeout_ms_veneer>
10007270:	8925      	ldrh	r5, [r4, #8]
10007272:	8960      	ldrh	r0, [r4, #10]
10007274:	88a2      	ldrh	r2, [r4, #4]
10007276:	b2a9      	uxth	r1, r5
10007278:	b283      	uxth	r3, r0
1000727a:	4285      	cmp	r5, r0
1000727c:	d32c      	bcc.n	100072d8 <tu_fifo_read+0x7c>
1000727e:	1acd      	subs	r5, r1, r3
10007280:	b2ad      	uxth	r5, r5
10007282:	2d00      	cmp	r5, #0
10007284:	d02e      	beq.n	100072e4 <tu_fifo_read+0x88>
10007286:	42aa      	cmp	r2, r5
10007288:	d208      	bcs.n	1000729c <tu_fifo_read+0x40>
1000728a:	4291      	cmp	r1, r2
1000728c:	d331      	bcc.n	100072f2 <tu_fifo_read+0x96>
1000728e:	1a8b      	subs	r3, r1, r2
10007290:	b29b      	uxth	r3, r3
10007292:	8163      	strh	r3, [r4, #10]
10007294:	429a      	cmp	r2, r3
10007296:	d803      	bhi.n	100072a0 <tu_fifo_read+0x44>
10007298:	1a9b      	subs	r3, r3, r2
1000729a:	b29b      	uxth	r3, r3
1000729c:	429a      	cmp	r2, r3
1000729e:	d9fb      	bls.n	10007298 <tu_fifo_read+0x3c>
100072a0:	88e2      	ldrh	r2, [r4, #6]
100072a2:	6821      	ldr	r1, [r4, #0]
100072a4:	0452      	lsls	r2, r2, #17
100072a6:	0c52      	lsrs	r2, r2, #17
100072a8:	4353      	muls	r3, r2
100072aa:	0030      	movs	r0, r6
100072ac:	18c9      	adds	r1, r1, r3
100072ae:	f7fd fe5f 	bl	10004f70 <__wrap___aeabi_memcpy>
100072b2:	8961      	ldrh	r1, [r4, #10]
100072b4:	2501      	movs	r5, #1
100072b6:	1c4b      	adds	r3, r1, #1
100072b8:	b29b      	uxth	r3, r3
100072ba:	88a2      	ldrh	r2, [r4, #4]
100072bc:	4299      	cmp	r1, r3
100072be:	d914      	bls.n	100072ea <tu_fifo_read+0x8e>
100072c0:	2300      	movs	r3, #0
100072c2:	0052      	lsls	r2, r2, #1
100072c4:	1a9b      	subs	r3, r3, r2
100072c6:	b29b      	uxth	r3, r3
100072c8:	6920      	ldr	r0, [r4, #16]
100072ca:	8163      	strh	r3, [r4, #10]
100072cc:	2800      	cmp	r0, #0
100072ce:	d001      	beq.n	100072d4 <tu_fifo_read+0x78>
100072d0:	f000 f9fe 	bl	100076d0 <__mutex_exit_veneer>
100072d4:	0028      	movs	r0, r5
100072d6:	bd70      	pop	{r4, r5, r6, pc}
100072d8:	0055      	lsls	r5, r2, #1
100072da:	1aed      	subs	r5, r5, r3
100072dc:	194d      	adds	r5, r1, r5
100072de:	b2ad      	uxth	r5, r5
100072e0:	2d00      	cmp	r5, #0
100072e2:	d1d0      	bne.n	10007286 <tu_fifo_read+0x2a>
100072e4:	2500      	movs	r5, #0
100072e6:	8963      	ldrh	r3, [r4, #10]
100072e8:	b29b      	uxth	r3, r3
100072ea:	0052      	lsls	r2, r2, #1
100072ec:	4293      	cmp	r3, r2
100072ee:	dbeb      	blt.n	100072c8 <tu_fifo_read+0x6c>
100072f0:	e7e8      	b.n	100072c4 <tu_fifo_read+0x68>
100072f2:	1889      	adds	r1, r1, r2
100072f4:	b28b      	uxth	r3, r1
100072f6:	8163      	strh	r3, [r4, #10]
100072f8:	e7cc      	b.n	10007294 <tu_fifo_read+0x38>
100072fa:	46c0      	nop			; (mov r8, r8)

100072fc <tu_fifo_read_n>:
100072fc:	b5f0      	push	{r4, r5, r6, r7, lr}
100072fe:	4646      	mov	r6, r8
10007300:	464f      	mov	r7, r9
10007302:	46d6      	mov	lr, sl
10007304:	b5c0      	push	{r6, r7, lr}
10007306:	0006      	movs	r6, r0
10007308:	6900      	ldr	r0, [r0, #16]
1000730a:	4689      	mov	r9, r1
1000730c:	4690      	mov	r8, r2
1000730e:	2800      	cmp	r0, #0
10007310:	d003      	beq.n	1000731a <tu_fifo_read_n+0x1e>
10007312:	2101      	movs	r1, #1
10007314:	4249      	negs	r1, r1
10007316:	f000 fa13 	bl	10007740 <__mutex_enter_timeout_ms_veneer>
1000731a:	8931      	ldrh	r1, [r6, #8]
1000731c:	8972      	ldrh	r2, [r6, #10]
1000731e:	88b5      	ldrh	r5, [r6, #4]
10007320:	b28b      	uxth	r3, r1
10007322:	b294      	uxth	r4, r2
10007324:	4291      	cmp	r1, r2
10007326:	d357      	bcc.n	100073d8 <tu_fifo_read_n+0xdc>
10007328:	1b1f      	subs	r7, r3, r4
1000732a:	b2bf      	uxth	r7, r7
1000732c:	2f00      	cmp	r7, #0
1000732e:	d04d      	beq.n	100073cc <tu_fifo_read_n+0xd0>
10007330:	42bd      	cmp	r5, r7
10007332:	d205      	bcs.n	10007340 <tu_fifo_read_n+0x44>
10007334:	42ab      	cmp	r3, r5
10007336:	d254      	bcs.n	100073e2 <tu_fifo_read_n+0xe6>
10007338:	195b      	adds	r3, r3, r5
1000733a:	b29c      	uxth	r4, r3
1000733c:	002f      	movs	r7, r5
1000733e:	8174      	strh	r4, [r6, #10]
10007340:	4643      	mov	r3, r8
10007342:	45b8      	cmp	r8, r7
10007344:	d840      	bhi.n	100073c8 <tu_fifo_read_n+0xcc>
10007346:	b29f      	uxth	r7, r3
10007348:	42a5      	cmp	r5, r4
1000734a:	d803      	bhi.n	10007354 <tu_fifo_read_n+0x58>
1000734c:	1b64      	subs	r4, r4, r5
1000734e:	b2a4      	uxth	r4, r4
10007350:	42a5      	cmp	r5, r4
10007352:	d9fb      	bls.n	1000734c <tu_fifo_read_n+0x50>
10007354:	88f2      	ldrh	r2, [r6, #6]
10007356:	1b28      	subs	r0, r5, r4
10007358:	0452      	lsls	r2, r2, #17
1000735a:	0c53      	lsrs	r3, r2, #17
1000735c:	0019      	movs	r1, r3
1000735e:	4698      	mov	r8, r3
10007360:	6833      	ldr	r3, [r6, #0]
10007362:	4361      	muls	r1, r4
10007364:	469c      	mov	ip, r3
10007366:	b280      	uxth	r0, r0
10007368:	4461      	add	r1, ip
1000736a:	4287      	cmp	r7, r0
1000736c:	d926      	bls.n	100073bc <tu_fifo_read_n+0xc0>
1000736e:	4643      	mov	r3, r8
10007370:	4358      	muls	r0, r3
10007372:	b283      	uxth	r3, r0
10007374:	001a      	movs	r2, r3
10007376:	4648      	mov	r0, r9
10007378:	469a      	mov	sl, r3
1000737a:	f7fd fdf9 	bl	10004f70 <__wrap___aeabi_memcpy>
1000737e:	4643      	mov	r3, r8
10007380:	4648      	mov	r0, r9
10007382:	1b7d      	subs	r5, r7, r5
10007384:	1964      	adds	r4, r4, r5
10007386:	435c      	muls	r4, r3
10007388:	6831      	ldr	r1, [r6, #0]
1000738a:	4450      	add	r0, sl
1000738c:	b2a2      	uxth	r2, r4
1000738e:	f7fd fdef 	bl	10004f70 <__wrap___aeabi_memcpy>
10007392:	8971      	ldrh	r1, [r6, #10]
10007394:	88b5      	ldrh	r5, [r6, #4]
10007396:	19cb      	adds	r3, r1, r7
10007398:	b29b      	uxth	r3, r3
1000739a:	006a      	lsls	r2, r5, #1
1000739c:	4299      	cmp	r1, r3
1000739e:	d917      	bls.n	100073d0 <tu_fifo_read_n+0xd4>
100073a0:	1a9b      	subs	r3, r3, r2
100073a2:	b29b      	uxth	r3, r3
100073a4:	6930      	ldr	r0, [r6, #16]
100073a6:	8173      	strh	r3, [r6, #10]
100073a8:	2800      	cmp	r0, #0
100073aa:	d001      	beq.n	100073b0 <tu_fifo_read_n+0xb4>
100073ac:	f000 f990 	bl	100076d0 <__mutex_exit_veneer>
100073b0:	0038      	movs	r0, r7
100073b2:	bce0      	pop	{r5, r6, r7}
100073b4:	46ba      	mov	sl, r7
100073b6:	46b1      	mov	r9, r6
100073b8:	46a8      	mov	r8, r5
100073ba:	bdf0      	pop	{r4, r5, r6, r7, pc}
100073bc:	4642      	mov	r2, r8
100073be:	4648      	mov	r0, r9
100073c0:	437a      	muls	r2, r7
100073c2:	f7fd fdd5 	bl	10004f70 <__wrap___aeabi_memcpy>
100073c6:	e7e4      	b.n	10007392 <tu_fifo_read_n+0x96>
100073c8:	1c3b      	adds	r3, r7, #0
100073ca:	e7bc      	b.n	10007346 <tu_fifo_read_n+0x4a>
100073cc:	8973      	ldrh	r3, [r6, #10]
100073ce:	b29b      	uxth	r3, r3
100073d0:	006a      	lsls	r2, r5, #1
100073d2:	4293      	cmp	r3, r2
100073d4:	dbe6      	blt.n	100073a4 <tu_fifo_read_n+0xa8>
100073d6:	e7e3      	b.n	100073a0 <tu_fifo_read_n+0xa4>
100073d8:	006f      	lsls	r7, r5, #1
100073da:	1b3f      	subs	r7, r7, r4
100073dc:	19df      	adds	r7, r3, r7
100073de:	b2bf      	uxth	r7, r7
100073e0:	e7a4      	b.n	1000732c <tu_fifo_read_n+0x30>
100073e2:	1b5b      	subs	r3, r3, r5
100073e4:	b29c      	uxth	r4, r3
100073e6:	e7a9      	b.n	1000733c <tu_fifo_read_n+0x40>

100073e8 <tu_fifo_write>:
100073e8:	b5f8      	push	{r3, r4, r5, r6, r7, lr}
100073ea:	0004      	movs	r4, r0
100073ec:	68c0      	ldr	r0, [r0, #12]
100073ee:	000e      	movs	r6, r1
100073f0:	2800      	cmp	r0, #0
100073f2:	d003      	beq.n	100073fc <tu_fifo_write+0x14>
100073f4:	2101      	movs	r1, #1
100073f6:	4249      	negs	r1, r1
100073f8:	f000 f9a2 	bl	10007740 <__mutex_enter_timeout_ms_veneer>
100073fc:	8925      	ldrh	r5, [r4, #8]
100073fe:	8920      	ldrh	r0, [r4, #8]
10007400:	8961      	ldrh	r1, [r4, #10]
10007402:	88a2      	ldrh	r2, [r4, #4]
10007404:	b2ad      	uxth	r5, r5
10007406:	b283      	uxth	r3, r0
10007408:	b28f      	uxth	r7, r1
1000740a:	4288      	cmp	r0, r1
1000740c:	d328      	bcc.n	10007460 <tu_fifo_write+0x78>
1000740e:	1bdb      	subs	r3, r3, r7
10007410:	b29b      	uxth	r3, r3
10007412:	429a      	cmp	r2, r3
10007414:	d809      	bhi.n	1000742a <tu_fifo_write+0x42>
10007416:	79e7      	ldrb	r7, [r4, #7]
10007418:	09ff      	lsrs	r7, r7, #7
1000741a:	d106      	bne.n	1000742a <tu_fifo_write+0x42>
1000741c:	68e0      	ldr	r0, [r4, #12]
1000741e:	2800      	cmp	r0, #0
10007420:	d001      	beq.n	10007426 <tu_fifo_write+0x3e>
10007422:	f000 f955 	bl	100076d0 <__mutex_exit_veneer>
10007426:	0038      	movs	r0, r7
10007428:	bdf8      	pop	{r3, r4, r5, r6, r7, pc}
1000742a:	002b      	movs	r3, r5
1000742c:	4295      	cmp	r5, r2
1000742e:	d303      	bcc.n	10007438 <tu_fifo_write+0x50>
10007430:	1a9b      	subs	r3, r3, r2
10007432:	b29b      	uxth	r3, r3
10007434:	4293      	cmp	r3, r2
10007436:	d2fb      	bcs.n	10007430 <tu_fifo_write+0x48>
10007438:	88e2      	ldrh	r2, [r4, #6]
1000743a:	6821      	ldr	r1, [r4, #0]
1000743c:	0452      	lsls	r2, r2, #17
1000743e:	0c52      	lsrs	r2, r2, #17
10007440:	4353      	muls	r3, r2
10007442:	18c8      	adds	r0, r1, r3
10007444:	0031      	movs	r1, r6
10007446:	f7fd fd93 	bl	10004f70 <__wrap___aeabi_memcpy>
1000744a:	88a2      	ldrh	r2, [r4, #4]
1000744c:	1c6b      	adds	r3, r5, #1
1000744e:	b29b      	uxth	r3, r3
10007450:	0052      	lsls	r2, r2, #1
10007452:	429d      	cmp	r5, r3
10007454:	d909      	bls.n	1000746a <tu_fifo_write+0x82>
10007456:	1a9b      	subs	r3, r3, r2
10007458:	b29b      	uxth	r3, r3
1000745a:	2701      	movs	r7, #1
1000745c:	8123      	strh	r3, [r4, #8]
1000745e:	e7dd      	b.n	1000741c <tu_fifo_write+0x34>
10007460:	0051      	lsls	r1, r2, #1
10007462:	1bc9      	subs	r1, r1, r7
10007464:	185b      	adds	r3, r3, r1
10007466:	b29b      	uxth	r3, r3
10007468:	e7d3      	b.n	10007412 <tu_fifo_write+0x2a>
1000746a:	4293      	cmp	r3, r2
1000746c:	dbf5      	blt.n	1000745a <tu_fifo_write+0x72>
1000746e:	e7f2      	b.n	10007456 <tu_fifo_write+0x6e>

10007470 <tu_fifo_write_n>:
10007470:	b5f0      	push	{r4, r5, r6, r7, lr}
10007472:	464e      	mov	r6, r9
10007474:	4645      	mov	r5, r8
10007476:	46de      	mov	lr, fp
10007478:	4657      	mov	r7, sl
1000747a:	b5e0      	push	{r5, r6, r7, lr}
1000747c:	4689      	mov	r9, r1
1000747e:	0005      	movs	r5, r0
10007480:	0014      	movs	r4, r2
10007482:	b083      	sub	sp, #12
10007484:	2a00      	cmp	r2, #0
10007486:	d06e      	beq.n	10007566 <tu_fifo_write_n+0xf6>
10007488:	68c0      	ldr	r0, [r0, #12]
1000748a:	2800      	cmp	r0, #0
1000748c:	d003      	beq.n	10007496 <tu_fifo_write_n+0x26>
1000748e:	2101      	movs	r1, #1
10007490:	4249      	negs	r1, r1
10007492:	f000 f955 	bl	10007740 <__mutex_enter_timeout_ms_veneer>
10007496:	892f      	ldrh	r7, [r5, #8]
10007498:	79ea      	ldrb	r2, [r5, #7]
1000749a:	896b      	ldrh	r3, [r5, #10]
1000749c:	b2bf      	uxth	r7, r7
1000749e:	b29b      	uxth	r3, r3
100074a0:	09d2      	lsrs	r2, r2, #7
100074a2:	d142      	bne.n	1000752a <tu_fifo_write_n+0xba>
100074a4:	88ae      	ldrh	r6, [r5, #4]
100074a6:	429f      	cmp	r7, r3
100074a8:	d267      	bcs.n	1000757a <tu_fifo_write_n+0x10a>
100074aa:	0072      	lsls	r2, r6, #1
100074ac:	1ad3      	subs	r3, r2, r3
100074ae:	18fb      	adds	r3, r7, r3
100074b0:	b29b      	uxth	r3, r3
100074b2:	2200      	movs	r2, #0
100074b4:	4690      	mov	r8, r2
100074b6:	429e      	cmp	r6, r3
100074b8:	d931      	bls.n	1000751e <tu_fifo_write_n+0xae>
100074ba:	1af3      	subs	r3, r6, r3
100074bc:	1c1a      	adds	r2, r3, #0
100074be:	b29b      	uxth	r3, r3
100074c0:	42a3      	cmp	r3, r4
100074c2:	d900      	bls.n	100074c6 <tu_fifo_write_n+0x56>
100074c4:	1c22      	adds	r2, r4, #0
100074c6:	b293      	uxth	r3, r2
100074c8:	4698      	mov	r8, r3
100074ca:	88e8      	ldrh	r0, [r5, #6]
100074cc:	4643      	mov	r3, r8
100074ce:	18fb      	adds	r3, r7, r3
100074d0:	b29b      	uxth	r3, r3
100074d2:	469b      	mov	fp, r3
100074d4:	003c      	movs	r4, r7
100074d6:	42b7      	cmp	r7, r6
100074d8:	d303      	bcc.n	100074e2 <tu_fifo_write_n+0x72>
100074da:	1ba4      	subs	r4, r4, r6
100074dc:	b2a4      	uxth	r4, r4
100074de:	42b4      	cmp	r4, r6
100074e0:	d2fb      	bcs.n	100074da <tu_fifo_write_n+0x6a>
100074e2:	0440      	lsls	r0, r0, #17
100074e4:	0c43      	lsrs	r3, r0, #17
100074e6:	0018      	movs	r0, r3
100074e8:	469a      	mov	sl, r3
100074ea:	682b      	ldr	r3, [r5, #0]
100074ec:	4360      	muls	r0, r4
100074ee:	469c      	mov	ip, r3
100074f0:	1b31      	subs	r1, r6, r4
100074f2:	b289      	uxth	r1, r1
100074f4:	4460      	add	r0, ip
100074f6:	4541      	cmp	r1, r8
100074f8:	d34e      	bcc.n	10007598 <tu_fifo_write_n+0x128>
100074fa:	4652      	mov	r2, sl
100074fc:	4643      	mov	r3, r8
100074fe:	4649      	mov	r1, r9
10007500:	435a      	muls	r2, r3
10007502:	f7fd fd35 	bl	10004f70 <__wrap___aeabi_memcpy>
10007506:	88ab      	ldrh	r3, [r5, #4]
10007508:	005b      	lsls	r3, r3, #1
1000750a:	45bb      	cmp	fp, r7
1000750c:	d301      	bcc.n	10007512 <tu_fifo_write_n+0xa2>
1000750e:	459b      	cmp	fp, r3
10007510:	db03      	blt.n	1000751a <tu_fifo_write_n+0xaa>
10007512:	465a      	mov	r2, fp
10007514:	1ad3      	subs	r3, r2, r3
10007516:	b29b      	uxth	r3, r3
10007518:	469b      	mov	fp, r3
1000751a:	465b      	mov	r3, fp
1000751c:	812b      	strh	r3, [r5, #8]
1000751e:	68e8      	ldr	r0, [r5, #12]
10007520:	2800      	cmp	r0, #0
10007522:	d022      	beq.n	1000756a <tu_fifo_write_n+0xfa>
10007524:	f000 f8d4 	bl	100076d0 <__mutex_exit_veneer>
10007528:	e01f      	b.n	1000756a <tu_fifo_write_n+0xfa>
1000752a:	88aa      	ldrh	r2, [r5, #4]
1000752c:	4690      	mov	r8, r2
1000752e:	4294      	cmp	r4, r2
10007530:	d226      	bcs.n	10007580 <tu_fifo_write_n+0x110>
10007532:	429f      	cmp	r7, r3
10007534:	d344      	bcc.n	100075c0 <tu_fifo_write_n+0x150>
10007536:	4641      	mov	r1, r8
10007538:	1afa      	subs	r2, r7, r3
1000753a:	b292      	uxth	r2, r2
1000753c:	0049      	lsls	r1, r1, #1
1000753e:	1912      	adds	r2, r2, r4
10007540:	428a      	cmp	r2, r1
10007542:	db09      	blt.n	10007558 <tu_fifo_write_n+0xe8>
10007544:	4642      	mov	r2, r8
10007546:	189a      	adds	r2, r3, r2
10007548:	b292      	uxth	r2, r2
1000754a:	1b17      	subs	r7, r2, r4
1000754c:	b2bf      	uxth	r7, r7
1000754e:	4693      	mov	fp, r2
10007550:	42bb      	cmp	r3, r7
10007552:	d93a      	bls.n	100075ca <tu_fifo_write_n+0x15a>
10007554:	1a7f      	subs	r7, r7, r1
10007556:	b2bf      	uxth	r7, r7
10007558:	19e3      	adds	r3, r4, r7
1000755a:	b29b      	uxth	r3, r3
1000755c:	4646      	mov	r6, r8
1000755e:	469b      	mov	fp, r3
10007560:	46a0      	mov	r8, r4
10007562:	88e8      	ldrh	r0, [r5, #6]
10007564:	e7b6      	b.n	100074d4 <tu_fifo_write_n+0x64>
10007566:	2300      	movs	r3, #0
10007568:	4698      	mov	r8, r3
1000756a:	4640      	mov	r0, r8
1000756c:	b003      	add	sp, #12
1000756e:	bcf0      	pop	{r4, r5, r6, r7}
10007570:	46bb      	mov	fp, r7
10007572:	46b2      	mov	sl, r6
10007574:	46a9      	mov	r9, r5
10007576:	46a0      	mov	r8, r4
10007578:	bdf0      	pop	{r4, r5, r6, r7, pc}
1000757a:	1afb      	subs	r3, r7, r3
1000757c:	b29b      	uxth	r3, r3
1000757e:	e798      	b.n	100074b2 <tu_fifo_write_n+0x42>
10007580:	88e8      	ldrh	r0, [r5, #6]
10007582:	1aa2      	subs	r2, r4, r2
10007584:	0444      	lsls	r4, r0, #17
10007586:	0c64      	lsrs	r4, r4, #17
10007588:	4354      	muls	r4, r2
1000758a:	4642      	mov	r2, r8
1000758c:	44a1      	add	r9, r4
1000758e:	2a00      	cmp	r2, #0
10007590:	d0c5      	beq.n	1000751e <tu_fifo_write_n+0xae>
10007592:	4646      	mov	r6, r8
10007594:	001f      	movs	r7, r3
10007596:	e799      	b.n	100074cc <tu_fifo_write_n+0x5c>
10007598:	4653      	mov	r3, sl
1000759a:	4359      	muls	r1, r3
1000759c:	b289      	uxth	r1, r1
1000759e:	000a      	movs	r2, r1
100075a0:	9101      	str	r1, [sp, #4]
100075a2:	4649      	mov	r1, r9
100075a4:	f7fd fce4 	bl	10004f70 <__wrap___aeabi_memcpy>
100075a8:	4643      	mov	r3, r8
100075aa:	1b9a      	subs	r2, r3, r6
100075ac:	4653      	mov	r3, sl
100075ae:	18a2      	adds	r2, r4, r2
100075b0:	435a      	muls	r2, r3
100075b2:	9901      	ldr	r1, [sp, #4]
100075b4:	6828      	ldr	r0, [r5, #0]
100075b6:	b292      	uxth	r2, r2
100075b8:	4449      	add	r1, r9
100075ba:	f7fd fcd9 	bl	10004f70 <__wrap___aeabi_memcpy>
100075be:	e7a2      	b.n	10007506 <tu_fifo_write_n+0x96>
100075c0:	0051      	lsls	r1, r2, #1
100075c2:	1aca      	subs	r2, r1, r3
100075c4:	18ba      	adds	r2, r7, r2
100075c6:	b292      	uxth	r2, r2
100075c8:	e7b9      	b.n	1000753e <tu_fifo_write_n+0xce>
100075ca:	42b9      	cmp	r1, r7
100075cc:	ddc2      	ble.n	10007554 <tu_fifo_write_n+0xe4>
100075ce:	4646      	mov	r6, r8
100075d0:	88e8      	ldrh	r0, [r5, #6]
100075d2:	46a0      	mov	r8, r4
100075d4:	e77e      	b.n	100074d4 <tu_fifo_write_n+0x64>
100075d6:	46c0      	nop			; (mov r8, r8)

100075d8 <tu_fifo_clear>:
100075d8:	b510      	push	{r4, lr}
100075da:	0004      	movs	r4, r0
100075dc:	68c0      	ldr	r0, [r0, #12]
100075de:	2800      	cmp	r0, #0
100075e0:	d003      	beq.n	100075ea <tu_fifo_clear+0x12>
100075e2:	2101      	movs	r1, #1
100075e4:	4249      	negs	r1, r1
100075e6:	f000 f8ab 	bl	10007740 <__mutex_enter_timeout_ms_veneer>
100075ea:	6920      	ldr	r0, [r4, #16]
100075ec:	2800      	cmp	r0, #0
100075ee:	d003      	beq.n	100075f8 <tu_fifo_clear+0x20>
100075f0:	2101      	movs	r1, #1
100075f2:	4249      	negs	r1, r1
100075f4:	f000 f8a4 	bl	10007740 <__mutex_enter_timeout_ms_veneer>
100075f8:	2300      	movs	r3, #0
100075fa:	68e0      	ldr	r0, [r4, #12]
100075fc:	8163      	strh	r3, [r4, #10]
100075fe:	8123      	strh	r3, [r4, #8]
10007600:	2800      	cmp	r0, #0
10007602:	d001      	beq.n	10007608 <tu_fifo_clear+0x30>
10007604:	f000 f864 	bl	100076d0 <__mutex_exit_veneer>
10007608:	6920      	ldr	r0, [r4, #16]
1000760a:	2800      	cmp	r0, #0
1000760c:	d001      	beq.n	10007612 <tu_fifo_clear+0x3a>
1000760e:	f000 f85f 	bl	100076d0 <__mutex_exit_veneer>
10007612:	2001      	movs	r0, #1
10007614:	bd10      	pop	{r4, pc}
10007616:	46c0      	nop			; (mov r8, r8)

10007618 <tu_fifo_set_overwritable>:
10007618:	b570      	push	{r4, r5, r6, lr}
1000761a:	0004      	movs	r4, r0
1000761c:	68c0      	ldr	r0, [r0, #12]
1000761e:	000d      	movs	r5, r1
10007620:	2800      	cmp	r0, #0
10007622:	d003      	beq.n	1000762c <tu_fifo_set_overwritable+0x14>
10007624:	2101      	movs	r1, #1
10007626:	4249      	negs	r1, r1
10007628:	f000 f88a 	bl	10007740 <__mutex_enter_timeout_ms_veneer>
1000762c:	6920      	ldr	r0, [r4, #16]
1000762e:	2800      	cmp	r0, #0
10007630:	d003      	beq.n	1000763a <tu_fifo_set_overwritable+0x22>
10007632:	2101      	movs	r1, #1
10007634:	4249      	negs	r1, r1
10007636:	f000 f883 	bl	10007740 <__mutex_enter_timeout_ms_veneer>
1000763a:	217f      	movs	r1, #127	; 0x7f
1000763c:	79e3      	ldrb	r3, [r4, #7]
1000763e:	01ed      	lsls	r5, r5, #7
10007640:	4019      	ands	r1, r3
10007642:	68e0      	ldr	r0, [r4, #12]
10007644:	4329      	orrs	r1, r5
10007646:	71e1      	strb	r1, [r4, #7]
10007648:	2800      	cmp	r0, #0
1000764a:	d001      	beq.n	10007650 <tu_fifo_set_overwritable+0x38>
1000764c:	f000 f840 	bl	100076d0 <__mutex_exit_veneer>
10007650:	6920      	ldr	r0, [r4, #16]
10007652:	2800      	cmp	r0, #0
10007654:	d001      	beq.n	1000765a <tu_fifo_set_overwritable+0x42>
10007656:	f000 f83b 	bl	100076d0 <__mutex_exit_veneer>
1000765a:	2001      	movs	r0, #1
1000765c:	bd70      	pop	{r4, r5, r6, pc}
1000765e:	46c0      	nop			; (mov r8, r8)

10007660 <strlen>:
10007660:	b510      	push	{r4, lr}
10007662:	0783      	lsls	r3, r0, #30
10007664:	d00a      	beq.n	1000767c <strlen+0x1c>
10007666:	0003      	movs	r3, r0
10007668:	2103      	movs	r1, #3
1000766a:	e002      	b.n	10007672 <strlen+0x12>
1000766c:	3301      	adds	r3, #1
1000766e:	420b      	tst	r3, r1
10007670:	d005      	beq.n	1000767e <strlen+0x1e>
10007672:	781a      	ldrb	r2, [r3, #0]
10007674:	2a00      	cmp	r2, #0
10007676:	d1f9      	bne.n	1000766c <strlen+0xc>
10007678:	1a18      	subs	r0, r3, r0
1000767a:	bd10      	pop	{r4, pc}
1000767c:	0003      	movs	r3, r0
1000767e:	6819      	ldr	r1, [r3, #0]
10007680:	4a0c      	ldr	r2, [pc, #48]	; (100076b4 <strlen+0x54>)
10007682:	4c0d      	ldr	r4, [pc, #52]	; (100076b8 <strlen+0x58>)
10007684:	188a      	adds	r2, r1, r2
10007686:	438a      	bics	r2, r1
10007688:	4222      	tst	r2, r4
1000768a:	d10f      	bne.n	100076ac <strlen+0x4c>
1000768c:	6859      	ldr	r1, [r3, #4]
1000768e:	4a09      	ldr	r2, [pc, #36]	; (100076b4 <strlen+0x54>)
10007690:	3304      	adds	r3, #4
10007692:	188a      	adds	r2, r1, r2
10007694:	438a      	bics	r2, r1
10007696:	4222      	tst	r2, r4
10007698:	d108      	bne.n	100076ac <strlen+0x4c>
1000769a:	6859      	ldr	r1, [r3, #4]
1000769c:	4a05      	ldr	r2, [pc, #20]	; (100076b4 <strlen+0x54>)
1000769e:	3304      	adds	r3, #4
100076a0:	188a      	adds	r2, r1, r2
100076a2:	438a      	bics	r2, r1
100076a4:	4222      	tst	r2, r4
100076a6:	d0f1      	beq.n	1000768c <strlen+0x2c>
100076a8:	e000      	b.n	100076ac <strlen+0x4c>
100076aa:	3301      	adds	r3, #1
100076ac:	781a      	ldrb	r2, [r3, #0]
100076ae:	2a00      	cmp	r2, #0
100076b0:	d1fb      	bne.n	100076aa <strlen+0x4a>
100076b2:	e7e1      	b.n	10007678 <strlen+0x18>
100076b4:	fefefeff 	.word	0xfefefeff
100076b8:	80808080 	.word	0x80808080

100076bc <_fini>:
100076bc:	b5f8      	push	{r3, r4, r5, r6, r7, lr}
100076be:	46c0      	nop			; (mov r8, r8)

100076c0 <__flash_do_cmd_veneer>:
100076c0:	b401      	push	{r0}
100076c2:	4802      	ldr	r0, [pc, #8]	; (100076cc <__flash_do_cmd_veneer+0xc>)
100076c4:	4684      	mov	ip, r0
100076c6:	bc01      	pop	{r0}
100076c8:	4760      	bx	ip
100076ca:	bf00      	nop
100076cc:	20000369 	.word	0x20000369

100076d0 <__mutex_exit_veneer>:
100076d0:	b401      	push	{r0}
100076d2:	4802      	ldr	r0, [pc, #8]	; (100076dc <__mutex_exit_veneer+0xc>)
100076d4:	4684      	mov	ip, r0
100076d6:	bc01      	pop	{r0}
100076d8:	4760      	bx	ip
100076da:	bf00      	nop
100076dc:	20000231 	.word	0x20000231

100076e0 <____aeabi_ldiv0_veneer>:
100076e0:	b401      	push	{r0}
100076e2:	4802      	ldr	r0, [pc, #8]	; (100076ec <____aeabi_ldiv0_veneer+0xc>)
100076e4:	4684      	mov	ip, r0
100076e6:	bc01      	pop	{r0}
100076e8:	4760      	bx	ip
100076ea:	bf00      	nop
100076ec:	20000e39 	.word	0x20000e39

100076f0 <__reset_non_control_endpoints_veneer>:
100076f0:	b401      	push	{r0}
100076f2:	4802      	ldr	r0, [pc, #8]	; (100076fc <__reset_non_control_endpoints_veneer+0xc>)
100076f4:	4684      	mov	ip, r0
100076f6:	bc01      	pop	{r0}
100076f8:	4760      	bx	ip
100076fa:	bf00      	nop
100076fc:	2000042d 	.word	0x2000042d

10007700 <__e15_is_critical_frame_period_veneer>:
10007700:	b401      	push	{r0}
10007702:	4802      	ldr	r0, [pc, #8]	; (1000770c <__e15_is_critical_frame_period_veneer+0xc>)
10007704:	4684      	mov	ip, r0
10007706:	bc01      	pop	{r0}
10007708:	4760      	bx	ip
1000770a:	bf00      	nop
1000770c:	20000a91 	.word	0x20000a91

10007710 <____aeabi_idiv0_veneer>:
10007710:	b401      	push	{r0}
10007712:	4802      	ldr	r0, [pc, #8]	; (1000771c <____aeabi_idiv0_veneer+0xc>)
10007714:	4684      	mov	ip, r0
10007716:	bc01      	pop	{r0}
10007718:	4760      	bx	ip
1000771a:	bf00      	nop
1000771c:	20000e39 	.word	0x20000e39

10007720 <__mutex_try_enter_veneer>:
10007720:	b401      	push	{r0}
10007722:	4802      	ldr	r0, [pc, #8]	; (1000772c <__mutex_try_enter_veneer+0xc>)
10007724:	4684      	mov	ip, r0
10007726:	bc01      	pop	{r0}
10007728:	4760      	bx	ip
1000772a:	bf00      	nop
1000772c:	200000c1 	.word	0x200000c1

10007730 <__e15_is_bulkin_ep_veneer>:
10007730:	b401      	push	{r0}
10007732:	4802      	ldr	r0, [pc, #8]	; (1000773c <__e15_is_bulkin_ep_veneer+0xc>)
10007734:	4684      	mov	ip, r0
10007736:	bc01      	pop	{r0}
10007738:	4760      	bx	ip
1000773a:	bf00      	nop
1000773c:	20000a69 	.word	0x20000a69

10007740 <__mutex_enter_timeout_ms_veneer>:
10007740:	b401      	push	{r0}
10007742:	4802      	ldr	r0, [pc, #8]	; (1000774c <__mutex_enter_timeout_ms_veneer+0xc>)
10007744:	4684      	mov	ip, r0
10007746:	bc01      	pop	{r0}
10007748:	4760      	bx	ip
1000774a:	bf00      	nop
1000774c:	200001a1 	.word	0x200001a1

10007750 <__mutex_try_enter_block_until_veneer>:
10007750:	b401      	push	{r0}
10007752:	4802      	ldr	r0, [pc, #8]	; (1000775c <__mutex_try_enter_block_until_veneer+0xc>)
10007754:	4684      	mov	ip, r0
10007756:	bc01      	pop	{r0}
10007758:	4760      	bx	ip
1000775a:	bf00      	nop
1000775c:	20000105 	.word	0x20000105

10007760 <__hw_endpoint_start_next_buffer_veneer>:
10007760:	b401      	push	{r0}
10007762:	4802      	ldr	r0, [pc, #8]	; (1000776c <__hw_endpoint_start_next_buffer_veneer+0xc>)
10007764:	4684      	mov	ip, r0
10007766:	bc01      	pop	{r0}
10007768:	4760      	bx	ip
1000776a:	bf00      	nop
1000776c:	20000c0d 	.word	0x20000c0d

10007770 <__hw_endpoint_reset_transfer_veneer>:
10007770:	b401      	push	{r0}
10007772:	4802      	ldr	r0, [pc, #8]	; (1000777c <__hw_endpoint_reset_transfer_veneer+0xc>)
10007774:	4684      	mov	ip, r0
10007776:	bc01      	pop	{r0}
10007778:	4760      	bx	ip
1000777a:	bf00      	nop
1000777c:	20000ba9 	.word	0x20000ba9

10007780 <___hw_endpoint_buffer_control_update32_veneer>:
10007780:	b401      	push	{r0}
10007782:	4802      	ldr	r0, [pc, #8]	; (1000778c <___hw_endpoint_buffer_control_update32_veneer+0xc>)
10007784:	4684      	mov	ip, r0
10007786:	bc01      	pop	{r0}
10007788:	4760      	bx	ip
1000778a:	bf00      	nop
1000778c:	20000bb5 	.word	0x20000bb5

Disassembly of section .data:

200000c0 <mutex_try_enter>:
200000c0:	0003      	movs	r3, r0
200000c2:	6800      	ldr	r0, [r0, #0]
200000c4:	f3ef 8c10 	mrs	ip, PRIMASK
200000c8:	b672      	cpsid	i
200000ca:	6802      	ldr	r2, [r0, #0]
200000cc:	2a00      	cmp	r2, #0
200000ce:	d0fc      	beq.n	200000ca <mutex_try_enter+0xa>
200000d0:	f3bf 8f5f 	dmb	sy
200000d4:	2204      	movs	r2, #4
200000d6:	569a      	ldrsb	r2, [r3, r2]
200000d8:	2a00      	cmp	r2, #0
200000da:	db0b      	blt.n	200000f4 <mutex_try_enter+0x34>
200000dc:	2900      	cmp	r1, #0
200000de:	d00f      	beq.n	20000100 <mutex_try_enter+0x40>
200000e0:	2000      	movs	r0, #0
200000e2:	600a      	str	r2, [r1, #0]
200000e4:	681b      	ldr	r3, [r3, #0]
200000e6:	f3bf 8f5f 	dmb	sy
200000ea:	2200      	movs	r2, #0
200000ec:	601a      	str	r2, [r3, #0]
200000ee:	f38c 8810 	msr	PRIMASK, ip
200000f2:	4770      	bx	lr
200000f4:	22d0      	movs	r2, #208	; 0xd0
200000f6:	0612      	lsls	r2, r2, #24
200000f8:	6812      	ldr	r2, [r2, #0]
200000fa:	2001      	movs	r0, #1
200000fc:	711a      	strb	r2, [r3, #4]
200000fe:	e7f1      	b.n	200000e4 <mutex_try_enter+0x24>
20000100:	2000      	movs	r0, #0
20000102:	e7ef      	b.n	200000e4 <mutex_try_enter+0x24>

20000104 <mutex_try_enter_block_until>:
20000104:	b5f0      	push	{r4, r5, r6, r7, lr}
20000106:	46c6      	mov	lr, r8
20000108:	0015      	movs	r5, r2
2000010a:	b500      	push	{lr}
2000010c:	0004      	movs	r4, r0
2000010e:	001e      	movs	r6, r3
20000110:	6802      	ldr	r2, [r0, #0]
20000112:	f3ef 8110 	mrs	r1, PRIMASK
20000116:	b672      	cpsid	i
20000118:	6813      	ldr	r3, [r2, #0]
2000011a:	2b00      	cmp	r3, #0
2000011c:	d0fc      	beq.n	20000118 <mutex_try_enter_block_until+0x14>
2000011e:	f3bf 8f5f 	dmb	sy
20000122:	2304      	movs	r3, #4
20000124:	56e3      	ldrsb	r3, [r4, r3]
20000126:	2b00      	cmp	r3, #0
20000128:	db2d      	blt.n	20000186 <mutex_try_enter_block_until+0x82>
2000012a:	6822      	ldr	r2, [r4, #0]
2000012c:	f3bf 8f5f 	dmb	sy
20000130:	2000      	movs	r0, #0
20000132:	6010      	str	r0, [r2, #0]
20000134:	f381 8810 	msr	PRIMASK, r1
20000138:	22d0      	movs	r2, #208	; 0xd0
2000013a:	0612      	lsls	r2, r2, #24
2000013c:	7812      	ldrb	r2, [r2, #0]
2000013e:	b252      	sxtb	r2, r2
20000140:	4690      	mov	r8, r2
20000142:	429a      	cmp	r2, r3
20000144:	d103      	bne.n	2000014e <mutex_try_enter_block_until+0x4a>
20000146:	2000      	movs	r0, #0
20000148:	bc80      	pop	{r7}
2000014a:	46b8      	mov	r8, r7
2000014c:	bdf0      	pop	{r4, r5, r6, r7, pc}
2000014e:	2700      	movs	r7, #0
20000150:	e00b      	b.n	2000016a <mutex_try_enter_block_until+0x66>
20000152:	6823      	ldr	r3, [r4, #0]
20000154:	f3bf 8f5f 	dmb	sy
20000158:	601f      	str	r7, [r3, #0]
2000015a:	f381 8810 	msr	PRIMASK, r1
2000015e:	0028      	movs	r0, r5
20000160:	0031      	movs	r1, r6
20000162:	f000 fe8d 	bl	20000e80 <__best_effort_wfe_or_timeout_veneer>
20000166:	2800      	cmp	r0, #0
20000168:	d1ed      	bne.n	20000146 <mutex_try_enter_block_until+0x42>
2000016a:	6822      	ldr	r2, [r4, #0]
2000016c:	f3ef 8110 	mrs	r1, PRIMASK
20000170:	b672      	cpsid	i
20000172:	6813      	ldr	r3, [r2, #0]
20000174:	2b00      	cmp	r3, #0
20000176:	d0fc      	beq.n	20000172 <mutex_try_enter_block_until+0x6e>
20000178:	f3bf 8f5f 	dmb	sy
2000017c:	7923      	ldrb	r3, [r4, #4]
2000017e:	2b7f      	cmp	r3, #127	; 0x7f
20000180:	d9e7      	bls.n	20000152 <mutex_try_enter_block_until+0x4e>
20000182:	4643      	mov	r3, r8
20000184:	e002      	b.n	2000018c <mutex_try_enter_block_until+0x88>
20000186:	23d0      	movs	r3, #208	; 0xd0
20000188:	061b      	lsls	r3, r3, #24
2000018a:	681b      	ldr	r3, [r3, #0]
2000018c:	7123      	strb	r3, [r4, #4]
2000018e:	6823      	ldr	r3, [r4, #0]
20000190:	f3bf 8f5f 	dmb	sy
20000194:	2200      	movs	r2, #0
20000196:	601a      	str	r2, [r3, #0]
20000198:	f381 8810 	msr	PRIMASK, r1
2000019c:	2001      	movs	r0, #1
2000019e:	e7d3      	b.n	20000148 <mutex_try_enter_block_until+0x44>

200001a0 <mutex_enter_timeout_ms>:
200001a0:	b5f0      	push	{r4, r5, r6, r7, lr}
200001a2:	46c6      	mov	lr, r8
200001a4:	b500      	push	{lr}
200001a6:	000d      	movs	r5, r1
200001a8:	0004      	movs	r4, r0
200001aa:	f000 fe79 	bl	20000ea0 <__time_us_64_veneer>
200001ae:	22fa      	movs	r2, #250	; 0xfa
200001b0:	0006      	movs	r6, r0
200001b2:	000f      	movs	r7, r1
200001b4:	2300      	movs	r3, #0
200001b6:	0028      	movs	r0, r5
200001b8:	2100      	movs	r1, #0
200001ba:	0092      	lsls	r2, r2, #2
200001bc:	f000 fe50 	bl	20000e60 <____wrap___aeabi_lmul_veneer>
200001c0:	1836      	adds	r6, r6, r0
200001c2:	414f      	adcs	r7, r1
200001c4:	2f00      	cmp	r7, #0
200001c6:	db2c      	blt.n	20000222 <mutex_enter_timeout_ms+0x82>
200001c8:	23d0      	movs	r3, #208	; 0xd0
200001ca:	061b      	lsls	r3, r3, #24
200001cc:	681b      	ldr	r3, [r3, #0]
200001ce:	2500      	movs	r5, #0
200001d0:	4698      	mov	r8, r3
200001d2:	e00b      	b.n	200001ec <mutex_enter_timeout_ms+0x4c>
200001d4:	6823      	ldr	r3, [r4, #0]
200001d6:	f3bf 8f5f 	dmb	sy
200001da:	601d      	str	r5, [r3, #0]
200001dc:	f381 8810 	msr	PRIMASK, r1
200001e0:	0030      	movs	r0, r6
200001e2:	0039      	movs	r1, r7
200001e4:	f000 fe4c 	bl	20000e80 <__best_effort_wfe_or_timeout_veneer>
200001e8:	2800      	cmp	r0, #0
200001ea:	d118      	bne.n	2000021e <mutex_enter_timeout_ms+0x7e>
200001ec:	6822      	ldr	r2, [r4, #0]
200001ee:	f3ef 8110 	mrs	r1, PRIMASK
200001f2:	b672      	cpsid	i
200001f4:	6813      	ldr	r3, [r2, #0]
200001f6:	2b00      	cmp	r3, #0
200001f8:	d0fc      	beq.n	200001f4 <mutex_enter_timeout_ms+0x54>
200001fa:	f3bf 8f5f 	dmb	sy
200001fe:	7923      	ldrb	r3, [r4, #4]
20000200:	2b7f      	cmp	r3, #127	; 0x7f
20000202:	d9e7      	bls.n	200001d4 <mutex_enter_timeout_ms+0x34>
20000204:	4643      	mov	r3, r8
20000206:	7123      	strb	r3, [r4, #4]
20000208:	6823      	ldr	r3, [r4, #0]
2000020a:	f3bf 8f5f 	dmb	sy
2000020e:	2200      	movs	r2, #0
20000210:	601a      	str	r2, [r3, #0]
20000212:	f381 8810 	msr	PRIMASK, r1
20000216:	2001      	movs	r0, #1
20000218:	bc80      	pop	{r7}
2000021a:	46b8      	mov	r8, r7
2000021c:	bdf0      	pop	{r4, r5, r6, r7, pc}
2000021e:	2000      	movs	r0, #0
20000220:	e7fa      	b.n	20000218 <mutex_enter_timeout_ms+0x78>
20000222:	2601      	movs	r6, #1
20000224:	4f01      	ldr	r7, [pc, #4]	; (2000022c <mutex_enter_timeout_ms+0x8c>)
20000226:	4276      	negs	r6, r6
20000228:	e7ce      	b.n	200001c8 <mutex_enter_timeout_ms+0x28>
2000022a:	46c0      	nop			; (mov r8, r8)
2000022c:	7fffffff 	.word	0x7fffffff

20000230 <mutex_exit>:
20000230:	6802      	ldr	r2, [r0, #0]
20000232:	f3ef 8110 	mrs	r1, PRIMASK
20000236:	b672      	cpsid	i
20000238:	6813      	ldr	r3, [r2, #0]
2000023a:	2b00      	cmp	r3, #0
2000023c:	d0fc      	beq.n	20000238 <mutex_exit+0x8>
2000023e:	f3bf 8f5f 	dmb	sy
20000242:	23ff      	movs	r3, #255	; 0xff
20000244:	7103      	strb	r3, [r0, #4]
20000246:	6803      	ldr	r3, [r0, #0]
20000248:	f3bf 8f5f 	dmb	sy
2000024c:	2200      	movs	r2, #0
2000024e:	601a      	str	r2, [r3, #0]
20000250:	f381 8810 	msr	PRIMASK, r1
20000254:	bf40      	sev
20000256:	4770      	bx	lr

20000258 <i2c_slave_irq_handler>:
20000258:	b5f0      	push	{r4, r5, r6, r7, lr}
2000025a:	f3ef 8305 	mrs	r3, IPSR
2000025e:	46c6      	mov	lr, r8
20000260:	001e      	movs	r6, r3
20000262:	b500      	push	{lr}
20000264:	3e27      	subs	r6, #39	; 0x27
20000266:	2b27      	cmp	r3, #39	; 0x27
20000268:	d133      	bne.n	200002d2 <i2c_slave_irq_handler+0x7a>
2000026a:	4f1e      	ldr	r7, [pc, #120]	; (200002e4 <i2c_slave_irq_handler+0x8c>)
2000026c:	683d      	ldr	r5, [r7, #0]
2000026e:	6aec      	ldr	r4, [r5, #44]	; 0x2c
20000270:	2c00      	cmp	r4, #0
20000272:	d02b      	beq.n	200002cc <i2c_slave_irq_handler+0x74>
20000274:	0663      	lsls	r3, r4, #25
20000276:	d52e      	bpl.n	200002d6 <i2c_slave_irq_handler+0x7e>
20000278:	6d6b      	ldr	r3, [r5, #84]	; 0x54
2000027a:	0563      	lsls	r3, r4, #21
2000027c:	d500      	bpl.n	20000280 <i2c_slave_irq_handler+0x28>
2000027e:	6e6b      	ldr	r3, [r5, #100]	; 0x64
20000280:	05a3      	lsls	r3, r4, #22
20000282:	d42c      	bmi.n	200002de <i2c_slave_irq_handler+0x86>
20000284:	4b18      	ldr	r3, [pc, #96]	; (200002e8 <i2c_slave_irq_handler+0x90>)
20000286:	00f2      	lsls	r2, r6, #3
20000288:	1899      	adds	r1, r3, r2
2000028a:	4688      	mov	r8, r1
2000028c:	7909      	ldrb	r1, [r1, #4]
2000028e:	2900      	cmp	r1, #0
20000290:	d006      	beq.n	200002a0 <i2c_slave_irq_handler+0x48>
20000292:	58d3      	ldr	r3, [r2, r3]
20000294:	2102      	movs	r1, #2
20000296:	0038      	movs	r0, r7
20000298:	4798      	blx	r3
2000029a:	2300      	movs	r3, #0
2000029c:	4642      	mov	r2, r8
2000029e:	7113      	strb	r3, [r2, #4]
200002a0:	0763      	lsls	r3, r4, #29
200002a2:	d508      	bpl.n	200002b6 <i2c_slave_irq_handler+0x5e>
200002a4:	2001      	movs	r0, #1
200002a6:	4b10      	ldr	r3, [pc, #64]	; (200002e8 <i2c_slave_irq_handler+0x90>)
200002a8:	00f2      	lsls	r2, r6, #3
200002aa:	1899      	adds	r1, r3, r2
200002ac:	7108      	strb	r0, [r1, #4]
200002ae:	58d3      	ldr	r3, [r2, r3]
200002b0:	2100      	movs	r1, #0
200002b2:	0038      	movs	r0, r7
200002b4:	4798      	blx	r3
200002b6:	06a3      	lsls	r3, r4, #26
200002b8:	d508      	bpl.n	200002cc <i2c_slave_irq_handler+0x74>
200002ba:	2101      	movs	r1, #1
200002bc:	6d2b      	ldr	r3, [r5, #80]	; 0x50
200002be:	4b0a      	ldr	r3, [pc, #40]	; (200002e8 <i2c_slave_irq_handler+0x90>)
200002c0:	00f6      	lsls	r6, r6, #3
200002c2:	199a      	adds	r2, r3, r6
200002c4:	0038      	movs	r0, r7
200002c6:	58f3      	ldr	r3, [r6, r3]
200002c8:	7111      	strb	r1, [r2, #4]
200002ca:	4798      	blx	r3
200002cc:	bc80      	pop	{r7}
200002ce:	46b8      	mov	r8, r7
200002d0:	bdf0      	pop	{r4, r5, r6, r7, pc}
200002d2:	4f06      	ldr	r7, [pc, #24]	; (200002ec <i2c_slave_irq_handler+0x94>)
200002d4:	e7ca      	b.n	2000026c <i2c_slave_irq_handler+0x14>
200002d6:	0563      	lsls	r3, r4, #21
200002d8:	d4d1      	bmi.n	2000027e <i2c_slave_irq_handler+0x26>
200002da:	05a3      	lsls	r3, r4, #22
200002dc:	d5e0      	bpl.n	200002a0 <i2c_slave_irq_handler+0x48>
200002de:	6e2b      	ldr	r3, [r5, #96]	; 0x60
200002e0:	e7d0      	b.n	20000284 <i2c_slave_irq_handler+0x2c>
200002e2:	46c0      	nop			; (mov r8, r8)
200002e4:	20000eb0 	.word	0x20000eb0
200002e8:	20001cf0 	.word	0x20001cf0
200002ec:	20000eb8 	.word	0x20000eb8

200002f0 <flash_init_boot2_copyout>:
200002f0:	4808      	ldr	r0, [pc, #32]	; (20000314 <flash_init_boot2_copyout+0x24>)
200002f2:	b510      	push	{r4, lr}
200002f4:	7803      	ldrb	r3, [r0, #0]
200002f6:	2b00      	cmp	r3, #0
200002f8:	d10a      	bne.n	20000310 <flash_init_boot2_copyout+0x20>
200002fa:	2380      	movs	r3, #128	; 0x80
200002fc:	4906      	ldr	r1, [pc, #24]	; (20000318 <flash_init_boot2_copyout+0x28>)
200002fe:	4a07      	ldr	r2, [pc, #28]	; (2000031c <flash_init_boot2_copyout+0x2c>)
20000300:	055b      	lsls	r3, r3, #21
20000302:	681c      	ldr	r4, [r3, #0]
20000304:	50cc      	str	r4, [r1, r3]
20000306:	3304      	adds	r3, #4
20000308:	4293      	cmp	r3, r2
2000030a:	d1fa      	bne.n	20000302 <flash_init_boot2_copyout+0x12>
2000030c:	2301      	movs	r3, #1
2000030e:	7003      	strb	r3, [r0, #0]
20000310:	bd10      	pop	{r4, pc}
20000312:	46c0      	nop			; (mov r8, r8)
20000314:	20001e33 	.word	0x20001e33
20000318:	10001744 	.word	0x10001744
2000031c:	10000100 	.word	0x10000100

20000320 <flash_enable_xip_via_boot2>:
20000320:	b510      	push	{r4, lr}
20000322:	4b02      	ldr	r3, [pc, #8]	; (2000032c <flash_enable_xip_via_boot2+0xc>)
20000324:	3301      	adds	r3, #1
20000326:	4798      	blx	r3
20000328:	bd10      	pop	{r4, pc}
2000032a:	46c0      	nop			; (mov r8, r8)
2000032c:	20001744 	.word	0x20001744

20000330 <flash_cs_force.constprop.0>:
20000330:	4b03      	ldr	r3, [pc, #12]	; (20000340 <flash_cs_force.constprop.0+0x10>)
20000332:	681a      	ldr	r2, [r3, #0]
20000334:	23c0      	movs	r3, #192	; 0xc0
20000336:	009b      	lsls	r3, r3, #2
20000338:	4393      	bics	r3, r2
2000033a:	4a02      	ldr	r2, [pc, #8]	; (20000344 <flash_cs_force.constprop.0+0x14>)
2000033c:	6013      	str	r3, [r2, #0]
2000033e:	4770      	bx	lr
20000340:	4001800c 	.word	0x4001800c
20000344:	4001900c 	.word	0x4001900c

20000348 <flash_cs_force.constprop.1>:
20000348:	4b05      	ldr	r3, [pc, #20]	; (20000360 <flash_cs_force.constprop.1+0x18>)
2000034a:	681a      	ldr	r2, [r3, #0]
2000034c:	2380      	movs	r3, #128	; 0x80
2000034e:	009b      	lsls	r3, r3, #2
20000350:	4053      	eors	r3, r2
20000352:	22c0      	movs	r2, #192	; 0xc0
20000354:	0092      	lsls	r2, r2, #2
20000356:	4013      	ands	r3, r2
20000358:	4a02      	ldr	r2, [pc, #8]	; (20000364 <flash_cs_force.constprop.1+0x1c>)
2000035a:	6013      	str	r3, [r2, #0]
2000035c:	4770      	bx	lr
2000035e:	46c0      	nop			; (mov r8, r8)
20000360:	4001800c 	.word	0x4001800c
20000364:	4001900c 	.word	0x4001900c

20000368 <flash_do_cmd>:
20000368:	2314      	movs	r3, #20
2000036a:	b5f0      	push	{r4, r5, r6, r7, lr}
2000036c:	46d6      	mov	lr, sl
2000036e:	464f      	mov	r7, r9
20000370:	4646      	mov	r6, r8
20000372:	469a      	mov	sl, r3
20000374:	4681      	mov	r9, r0
20000376:	8818      	ldrh	r0, [r3, #0]
20000378:	3304      	adds	r3, #4
2000037a:	b5c0      	push	{r6, r7, lr}
2000037c:	4698      	mov	r8, r3
2000037e:	000e      	movs	r6, r1
20000380:	881b      	ldrh	r3, [r3, #0]
20000382:	4927      	ldr	r1, [pc, #156]	; (20000420 <flash_do_cmd+0xb8>)
20000384:	0014      	movs	r4, r2
20000386:	4798      	blx	r3
20000388:	4653      	mov	r3, sl
2000038a:	0007      	movs	r7, r0
2000038c:	8818      	ldrh	r0, [r3, #0]
2000038e:	4643      	mov	r3, r8
20000390:	4924      	ldr	r1, [pc, #144]	; (20000424 <flash_do_cmd+0xbc>)
20000392:	881b      	ldrh	r3, [r3, #0]
20000394:	4798      	blx	r3
20000396:	4653      	mov	r3, sl
20000398:	0005      	movs	r5, r0
2000039a:	8818      	ldrh	r0, [r3, #0]
2000039c:	4643      	mov	r3, r8
2000039e:	4922      	ldr	r1, [pc, #136]	; (20000428 <flash_do_cmd+0xc0>)
200003a0:	881b      	ldrh	r3, [r3, #0]
200003a2:	4798      	blx	r3
200003a4:	4680      	mov	r8, r0
200003a6:	f7ff ffa3 	bl	200002f0 <flash_init_boot2_copyout>
200003aa:	47b8      	blx	r7
200003ac:	47a8      	blx	r5
200003ae:	f7ff ffcb 	bl	20000348 <flash_cs_force.constprop.1>
200003b2:	2c00      	cmp	r4, #0
200003b4:	d01b      	beq.n	200003ee <flash_do_cmd+0x86>
200003b6:	21c0      	movs	r1, #192	; 0xc0
200003b8:	0022      	movs	r2, r4
200003ba:	2708      	movs	r7, #8
200003bc:	2002      	movs	r0, #2
200003be:	0549      	lsls	r1, r1, #21
200003c0:	003d      	movs	r5, r7
200003c2:	6a8b      	ldr	r3, [r1, #40]	; 0x28
200003c4:	401d      	ands	r5, r3
200003c6:	4218      	tst	r0, r3
200003c8:	d00b      	beq.n	200003e2 <flash_do_cmd+0x7a>
200003ca:	2c00      	cmp	r4, #0
200003cc:	d009      	beq.n	200003e2 <flash_do_cmd+0x7a>
200003ce:	1b13      	subs	r3, r2, r4
200003d0:	2b0d      	cmp	r3, #13
200003d2:	d81f      	bhi.n	20000414 <flash_do_cmd+0xac>
200003d4:	464b      	mov	r3, r9
200003d6:	781b      	ldrb	r3, [r3, #0]
200003d8:	3c01      	subs	r4, #1
200003da:	660b      	str	r3, [r1, #96]	; 0x60
200003dc:	2301      	movs	r3, #1
200003de:	469c      	mov	ip, r3
200003e0:	44e1      	add	r9, ip
200003e2:	0023      	movs	r3, r4
200003e4:	2d00      	cmp	r5, #0
200003e6:	d10c      	bne.n	20000402 <flash_do_cmd+0x9a>
200003e8:	4313      	orrs	r3, r2
200003ea:	2b00      	cmp	r3, #0
200003ec:	d1e8      	bne.n	200003c0 <flash_do_cmd+0x58>
200003ee:	f7ff ff9f 	bl	20000330 <flash_cs_force.constprop.0>
200003f2:	47c0      	blx	r8
200003f4:	f7ff ff94 	bl	20000320 <flash_enable_xip_via_boot2>
200003f8:	bce0      	pop	{r5, r6, r7}
200003fa:	46ba      	mov	sl, r7
200003fc:	46b1      	mov	r9, r6
200003fe:	46a8      	mov	r8, r5
20000400:	bdf0      	pop	{r4, r5, r6, r7, pc}
20000402:	2a00      	cmp	r2, #0
20000404:	d0f1      	beq.n	200003ea <flash_do_cmd+0x82>
20000406:	6e0b      	ldr	r3, [r1, #96]	; 0x60
20000408:	3a01      	subs	r2, #1
2000040a:	7033      	strb	r3, [r6, #0]
2000040c:	0013      	movs	r3, r2
2000040e:	3601      	adds	r6, #1
20000410:	4323      	orrs	r3, r4
20000412:	e7ea      	b.n	200003ea <flash_do_cmd+0x82>
20000414:	2d00      	cmp	r5, #0
20000416:	d0d3      	beq.n	200003c0 <flash_do_cmd+0x58>
20000418:	2a00      	cmp	r2, #0
2000041a:	d0d1      	beq.n	200003c0 <flash_do_cmd+0x58>
2000041c:	e7f3      	b.n	20000406 <flash_do_cmd+0x9e>
2000041e:	46c0      	nop			; (mov r8, r8)
20000420:	00004649 	.word	0x00004649
20000424:	00005845 	.word	0x00005845
20000428:	00004346 	.word	0x00004346

2000042c <reset_non_control_endpoints>:
2000042c:	2300      	movs	r3, #0
2000042e:	4a1c      	ldr	r2, [pc, #112]	; (200004a0 <reset_non_control_endpoints+0x74>)
20000430:	b510      	push	{r4, lr}
20000432:	6093      	str	r3, [r2, #8]
20000434:	60d3      	str	r3, [r2, #12]
20000436:	4a1b      	ldr	r2, [pc, #108]	; (200004a4 <reset_non_control_endpoints+0x78>)
20000438:	2100      	movs	r1, #0
2000043a:	6093      	str	r3, [r2, #8]
2000043c:	60d3      	str	r3, [r2, #12]
2000043e:	4a1a      	ldr	r2, [pc, #104]	; (200004a8 <reset_non_control_endpoints+0x7c>)
20000440:	481a      	ldr	r0, [pc, #104]	; (200004ac <reset_non_control_endpoints+0x80>)
20000442:	6093      	str	r3, [r2, #8]
20000444:	60d3      	str	r3, [r2, #12]
20000446:	4a1a      	ldr	r2, [pc, #104]	; (200004b0 <reset_non_control_endpoints+0x84>)
20000448:	6093      	str	r3, [r2, #8]
2000044a:	60d3      	str	r3, [r2, #12]
2000044c:	4a19      	ldr	r2, [pc, #100]	; (200004b4 <reset_non_control_endpoints+0x88>)
2000044e:	6093      	str	r3, [r2, #8]
20000450:	60d3      	str	r3, [r2, #12]
20000452:	4a19      	ldr	r2, [pc, #100]	; (200004b8 <reset_non_control_endpoints+0x8c>)
20000454:	6093      	str	r3, [r2, #8]
20000456:	60d3      	str	r3, [r2, #12]
20000458:	4a18      	ldr	r2, [pc, #96]	; (200004bc <reset_non_control_endpoints+0x90>)
2000045a:	6093      	str	r3, [r2, #8]
2000045c:	60d3      	str	r3, [r2, #12]
2000045e:	4a18      	ldr	r2, [pc, #96]	; (200004c0 <reset_non_control_endpoints+0x94>)
20000460:	6093      	str	r3, [r2, #8]
20000462:	60d3      	str	r3, [r2, #12]
20000464:	4a17      	ldr	r2, [pc, #92]	; (200004c4 <reset_non_control_endpoints+0x98>)
20000466:	6093      	str	r3, [r2, #8]
20000468:	60d3      	str	r3, [r2, #12]
2000046a:	4a17      	ldr	r2, [pc, #92]	; (200004c8 <reset_non_control_endpoints+0x9c>)
2000046c:	6093      	str	r3, [r2, #8]
2000046e:	60d3      	str	r3, [r2, #12]
20000470:	4a16      	ldr	r2, [pc, #88]	; (200004cc <reset_non_control_endpoints+0xa0>)
20000472:	6093      	str	r3, [r2, #8]
20000474:	60d3      	str	r3, [r2, #12]
20000476:	4a16      	ldr	r2, [pc, #88]	; (200004d0 <reset_non_control_endpoints+0xa4>)
20000478:	6093      	str	r3, [r2, #8]
2000047a:	60d3      	str	r3, [r2, #12]
2000047c:	4a15      	ldr	r2, [pc, #84]	; (200004d4 <reset_non_control_endpoints+0xa8>)
2000047e:	6093      	str	r3, [r2, #8]
20000480:	60d3      	str	r3, [r2, #12]
20000482:	4a15      	ldr	r2, [pc, #84]	; (200004d8 <reset_non_control_endpoints+0xac>)
20000484:	6093      	str	r3, [r2, #8]
20000486:	60d3      	str	r3, [r2, #12]
20000488:	4a14      	ldr	r2, [pc, #80]	; (200004dc <reset_non_control_endpoints+0xb0>)
2000048a:	6093      	str	r3, [r2, #8]
2000048c:	60d3      	str	r3, [r2, #12]
2000048e:	22f0      	movs	r2, #240	; 0xf0
20000490:	0092      	lsls	r2, r2, #2
20000492:	f000 fcdd 	bl	20000e50 <____wrap_memset_veneer>
20000496:	4b12      	ldr	r3, [pc, #72]	; (200004e0 <reset_non_control_endpoints+0xb4>)
20000498:	4a12      	ldr	r2, [pc, #72]	; (200004e4 <reset_non_control_endpoints+0xb8>)
2000049a:	601a      	str	r2, [r3, #0]
2000049c:	bd10      	pop	{r4, pc}
2000049e:	46c0      	nop			; (mov r8, r8)
200004a0:	50100000 	.word	0x50100000
200004a4:	50100008 	.word	0x50100008
200004a8:	50100010 	.word	0x50100010
200004ac:	2000192c 	.word	0x2000192c
200004b0:	50100018 	.word	0x50100018
200004b4:	50100020 	.word	0x50100020
200004b8:	50100028 	.word	0x50100028
200004bc:	50100030 	.word	0x50100030
200004c0:	50100038 	.word	0x50100038
200004c4:	50100040 	.word	0x50100040
200004c8:	50100048 	.word	0x50100048
200004cc:	50100050 	.word	0x50100050
200004d0:	50100058 	.word	0x50100058
200004d4:	50100060 	.word	0x50100060
200004d8:	50100068 	.word	0x50100068
200004dc:	50100070 	.word	0x50100070
200004e0:	20001d50 	.word	0x20001d50
200004e4:	50100180 	.word	0x50100180

200004e8 <hw_handle_buff_status>:
200004e8:	b5f0      	push	{r4, r5, r6, r7, lr}
200004ea:	4657      	mov	r7, sl
200004ec:	46de      	mov	lr, fp
200004ee:	464e      	mov	r6, r9
200004f0:	4645      	mov	r5, r8
200004f2:	b5e0      	push	{r5, r6, r7, lr}
200004f4:	4b23      	ldr	r3, [pc, #140]	; (20000584 <hw_handle_buff_status+0x9c>)
200004f6:	b087      	sub	sp, #28
200004f8:	6d9f      	ldr	r7, [r3, #88]	; 0x58
200004fa:	2f00      	cmp	r7, #0
200004fc:	d023      	beq.n	20000546 <hw_handle_buff_status+0x5e>
200004fe:	4b22      	ldr	r3, [pc, #136]	; (20000588 <hw_handle_buff_status+0xa0>)
20000500:	2400      	movs	r4, #0
20000502:	4699      	mov	r9, r3
20000504:	2301      	movs	r3, #1
20000506:	4698      	mov	r8, r3
20000508:	4b20      	ldr	r3, [pc, #128]	; (2000058c <hw_handle_buff_status+0xa4>)
2000050a:	2601      	movs	r6, #1
2000050c:	469a      	mov	sl, r3
2000050e:	e004      	b.n	2000051a <hw_handle_buff_status+0x32>
20000510:	3401      	adds	r4, #1
20000512:	0076      	lsls	r6, r6, #1
20000514:	b2e4      	uxtb	r4, r4
20000516:	2c20      	cmp	r4, #32
20000518:	d015      	beq.n	20000546 <hw_handle_buff_status+0x5e>
2000051a:	423e      	tst	r6, r7
2000051c:	d0f8      	beq.n	20000510 <hw_handle_buff_status+0x28>
2000051e:	464b      	mov	r3, r9
20000520:	659e      	str	r6, [r3, #88]	; 0x58
20000522:	4643      	mov	r3, r8
20000524:	0865      	lsrs	r5, r4, #1
20000526:	006d      	lsls	r5, r5, #1
20000528:	43a3      	bics	r3, r4
2000052a:	18ed      	adds	r5, r5, r3
2000052c:	016d      	lsls	r5, r5, #5
2000052e:	4455      	add	r5, sl
20000530:	0028      	movs	r0, r5
20000532:	f000 fba1 	bl	20000c78 <hw_endpoint_xfer_continue>
20000536:	2800      	cmp	r0, #0
20000538:	d10c      	bne.n	20000554 <hw_handle_buff_status+0x6c>
2000053a:	3401      	adds	r4, #1
2000053c:	43b7      	bics	r7, r6
2000053e:	b2e4      	uxtb	r4, r4
20000540:	0076      	lsls	r6, r6, #1
20000542:	2f00      	cmp	r7, #0
20000544:	d1e7      	bne.n	20000516 <hw_handle_buff_status+0x2e>
20000546:	b007      	add	sp, #28
20000548:	bcf0      	pop	{r4, r5, r6, r7}
2000054a:	46bb      	mov	fp, r7
2000054c:	46b2      	mov	sl, r6
2000054e:	46a9      	mov	r9, r5
20000550:	46a0      	mov	r8, r4
20000552:	bdf0      	pop	{r4, r5, r6, r7, pc}
20000554:	78ab      	ldrb	r3, [r5, #2]
20000556:	2208      	movs	r2, #8
20000558:	469b      	mov	fp, r3
2000055a:	8aeb      	ldrh	r3, [r5, #22]
2000055c:	2100      	movs	r1, #0
2000055e:	a803      	add	r0, sp, #12
20000560:	9301      	str	r3, [sp, #4]
20000562:	f000 fc75 	bl	20000e50 <____wrap_memset_veneer>
20000566:	2307      	movs	r3, #7
20000568:	4659      	mov	r1, fp
2000056a:	aa02      	add	r2, sp, #8
2000056c:	7153      	strb	r3, [r2, #5]
2000056e:	9b01      	ldr	r3, [sp, #4]
20000570:	7211      	strb	r1, [r2, #8]
20000572:	a803      	add	r0, sp, #12
20000574:	2101      	movs	r1, #1
20000576:	9305      	str	r3, [sp, #20]
20000578:	f000 fba6 	bl	20000cc8 <dcd_event_handler>
2000057c:	0028      	movs	r0, r5
2000057e:	f000 fb13 	bl	20000ba8 <hw_endpoint_reset_transfer>
20000582:	e7da      	b.n	2000053a <hw_handle_buff_status+0x52>
20000584:	50110000 	.word	0x50110000
20000588:	50113000 	.word	0x50113000
2000058c:	200018ec 	.word	0x200018ec

20000590 <dcd_rp2040_irq>:
20000590:	2398      	movs	r3, #152	; 0x98
20000592:	4ad1      	ldr	r2, [pc, #836]	; (200008d8 <dcd_rp2040_irq+0x348>)
20000594:	b570      	push	{r4, r5, r6, lr}
20000596:	58d5      	ldr	r5, [r2, r3]
20000598:	2380      	movs	r3, #128	; 0x80
2000059a:	002c      	movs	r4, r5
2000059c:	029b      	lsls	r3, r3, #10
2000059e:	2610      	movs	r6, #16
200005a0:	b084      	sub	sp, #16
200005a2:	401c      	ands	r4, r3
200005a4:	421d      	tst	r5, r3
200005a6:	d078      	beq.n	2000069a <dcd_rp2040_irq+0x10a>
200005a8:	4bcc      	ldr	r3, [pc, #816]	; (200008dc <dcd_rp2040_irq+0x34c>)
200005aa:	4ccd      	ldr	r4, [pc, #820]	; (200008e0 <dcd_rp2040_irq+0x350>)
200005ac:	6a9a      	ldr	r2, [r3, #40]	; 0x28
200005ae:	4bcd      	ldr	r3, [pc, #820]	; (200008e4 <dcd_rp2040_irq+0x354>)
200005b0:	2600      	movs	r6, #0
200005b2:	601a      	str	r2, [r3, #0]
200005b4:	233b      	movs	r3, #59	; 0x3b
200005b6:	5ce3      	ldrb	r3, [r4, r3]
200005b8:	2b02      	cmp	r3, #2
200005ba:	d100      	bne.n	200005be <dcd_rp2040_irq+0x2e>
200005bc:	e0d7      	b.n	2000076e <dcd_rp2040_irq+0x1de>
200005be:	237b      	movs	r3, #123	; 0x7b
200005c0:	5ce3      	ldrb	r3, [r4, r3]
200005c2:	2b02      	cmp	r3, #2
200005c4:	d100      	bne.n	200005c8 <dcd_rp2040_irq+0x38>
200005c6:	e21a      	b.n	200009fe <dcd_rp2040_irq+0x46e>
200005c8:	23bb      	movs	r3, #187	; 0xbb
200005ca:	5ce3      	ldrb	r3, [r4, r3]
200005cc:	2b02      	cmp	r3, #2
200005ce:	d100      	bne.n	200005d2 <dcd_rp2040_irq+0x42>
200005d0:	e203      	b.n	200009da <dcd_rp2040_irq+0x44a>
200005d2:	23fb      	movs	r3, #251	; 0xfb
200005d4:	5ce3      	ldrb	r3, [r4, r3]
200005d6:	2b02      	cmp	r3, #2
200005d8:	d100      	bne.n	200005dc <dcd_rp2040_irq+0x4c>
200005da:	e1ec      	b.n	200009b6 <dcd_rp2040_irq+0x426>
200005dc:	233c      	movs	r3, #60	; 0x3c
200005de:	33ff      	adds	r3, #255	; 0xff
200005e0:	5ce3      	ldrb	r3, [r4, r3]
200005e2:	2b02      	cmp	r3, #2
200005e4:	d100      	bne.n	200005e8 <dcd_rp2040_irq+0x58>
200005e6:	e1d1      	b.n	2000098c <dcd_rp2040_irq+0x3fc>
200005e8:	237c      	movs	r3, #124	; 0x7c
200005ea:	33ff      	adds	r3, #255	; 0xff
200005ec:	5ce3      	ldrb	r3, [r4, r3]
200005ee:	2b02      	cmp	r3, #2
200005f0:	d100      	bne.n	200005f4 <dcd_rp2040_irq+0x64>
200005f2:	e1b6      	b.n	20000962 <dcd_rp2040_irq+0x3d2>
200005f4:	23bc      	movs	r3, #188	; 0xbc
200005f6:	33ff      	adds	r3, #255	; 0xff
200005f8:	5ce3      	ldrb	r3, [r4, r3]
200005fa:	2b02      	cmp	r3, #2
200005fc:	d100      	bne.n	20000600 <dcd_rp2040_irq+0x70>
200005fe:	e19b      	b.n	20000938 <dcd_rp2040_irq+0x3a8>
20000600:	23fc      	movs	r3, #252	; 0xfc
20000602:	33ff      	adds	r3, #255	; 0xff
20000604:	5ce3      	ldrb	r3, [r4, r3]
20000606:	2b02      	cmp	r3, #2
20000608:	d100      	bne.n	2000060c <dcd_rp2040_irq+0x7c>
2000060a:	e14f      	b.n	200008ac <dcd_rp2040_irq+0x31c>
2000060c:	4bb6      	ldr	r3, [pc, #728]	; (200008e8 <dcd_rp2040_irq+0x358>)
2000060e:	5ce3      	ldrb	r3, [r4, r3]
20000610:	2b02      	cmp	r3, #2
20000612:	d100      	bne.n	20000616 <dcd_rp2040_irq+0x86>
20000614:	e136      	b.n	20000884 <dcd_rp2040_irq+0x2f4>
20000616:	4bb5      	ldr	r3, [pc, #724]	; (200008ec <dcd_rp2040_irq+0x35c>)
20000618:	5ce3      	ldrb	r3, [r4, r3]
2000061a:	2b02      	cmp	r3, #2
2000061c:	d100      	bne.n	20000620 <dcd_rp2040_irq+0x90>
2000061e:	e11d      	b.n	2000085c <dcd_rp2040_irq+0x2cc>
20000620:	4bb3      	ldr	r3, [pc, #716]	; (200008f0 <dcd_rp2040_irq+0x360>)
20000622:	5ce3      	ldrb	r3, [r4, r3]
20000624:	2b02      	cmp	r3, #2
20000626:	d100      	bne.n	2000062a <dcd_rp2040_irq+0x9a>
20000628:	e104      	b.n	20000834 <dcd_rp2040_irq+0x2a4>
2000062a:	4bb2      	ldr	r3, [pc, #712]	; (200008f4 <dcd_rp2040_irq+0x364>)
2000062c:	5ce3      	ldrb	r3, [r4, r3]
2000062e:	2b02      	cmp	r3, #2
20000630:	d100      	bne.n	20000634 <dcd_rp2040_irq+0xa4>
20000632:	e0eb      	b.n	2000080c <dcd_rp2040_irq+0x27c>
20000634:	4bb0      	ldr	r3, [pc, #704]	; (200008f8 <dcd_rp2040_irq+0x368>)
20000636:	5ce3      	ldrb	r3, [r4, r3]
20000638:	2b02      	cmp	r3, #2
2000063a:	d100      	bne.n	2000063e <dcd_rp2040_irq+0xae>
2000063c:	e0d2      	b.n	200007e4 <dcd_rp2040_irq+0x254>
2000063e:	4baf      	ldr	r3, [pc, #700]	; (200008fc <dcd_rp2040_irq+0x36c>)
20000640:	5ce3      	ldrb	r3, [r4, r3]
20000642:	2b02      	cmp	r3, #2
20000644:	d100      	bne.n	20000648 <dcd_rp2040_irq+0xb8>
20000646:	e0b9      	b.n	200007bc <dcd_rp2040_irq+0x22c>
20000648:	4bad      	ldr	r3, [pc, #692]	; (20000900 <dcd_rp2040_irq+0x370>)
2000064a:	5ce3      	ldrb	r3, [r4, r3]
2000064c:	2b02      	cmp	r3, #2
2000064e:	d100      	bne.n	20000652 <dcd_rp2040_irq+0xc2>
20000650:	e09e      	b.n	20000790 <dcd_rp2040_irq+0x200>
20000652:	4bac      	ldr	r3, [pc, #688]	; (20000904 <dcd_rp2040_irq+0x374>)
20000654:	5ce3      	ldrb	r3, [r4, r3]
20000656:	2b02      	cmp	r3, #2
20000658:	d100      	bne.n	2000065c <dcd_rp2040_irq+0xcc>
2000065a:	e1e2      	b.n	20000a22 <dcd_rp2040_irq+0x492>
2000065c:	2e00      	cmp	r6, #0
2000065e:	d108      	bne.n	20000672 <dcd_rp2040_irq+0xe2>
20000660:	4ba9      	ldr	r3, [pc, #676]	; (20000908 <dcd_rp2040_irq+0x378>)
20000662:	781b      	ldrb	r3, [r3, #0]
20000664:	2b00      	cmp	r3, #0
20000666:	d104      	bne.n	20000672 <dcd_rp2040_irq+0xe2>
20000668:	2180      	movs	r1, #128	; 0x80
2000066a:	4aa8      	ldr	r2, [pc, #672]	; (2000090c <dcd_rp2040_irq+0x37c>)
2000066c:	3390      	adds	r3, #144	; 0x90
2000066e:	0289      	lsls	r1, r1, #10
20000670:	50d1      	str	r1, [r2, r3]
20000672:	ae01      	add	r6, sp, #4
20000674:	4b98      	ldr	r3, [pc, #608]	; (200008d8 <dcd_rp2040_irq+0x348>)
20000676:	220c      	movs	r2, #12
20000678:	2100      	movs	r1, #0
2000067a:	0030      	movs	r0, r6
2000067c:	6c9c      	ldr	r4, [r3, #72]	; 0x48
2000067e:	f000 fbe7 	bl	20000e50 <____wrap_memset_veneer>
20000682:	2303      	movs	r3, #3
20000684:	0564      	lsls	r4, r4, #21
20000686:	0d64      	lsrs	r4, r4, #21
20000688:	7073      	strb	r3, [r6, #1]
2000068a:	0030      	movs	r0, r6
2000068c:	9402      	str	r4, [sp, #8]
2000068e:	2101      	movs	r1, #1
20000690:	2480      	movs	r4, #128	; 0x80
20000692:	f000 fb19 	bl	20000cc8 <dcd_event_handler>
20000696:	4e9e      	ldr	r6, [pc, #632]	; (20000910 <dcd_rp2040_irq+0x380>)
20000698:	02a4      	lsls	r4, r4, #10
2000069a:	06eb      	lsls	r3, r5, #27
2000069c:	d463      	bmi.n	20000766 <dcd_rp2040_irq+0x1d6>
2000069e:	2380      	movs	r3, #128	; 0x80
200006a0:	025b      	lsls	r3, r3, #9
200006a2:	421d      	tst	r5, r3
200006a4:	d014      	beq.n	200006d0 <dcd_rp2040_irq+0x140>
200006a6:	2201      	movs	r2, #1
200006a8:	2123      	movs	r1, #35	; 0x23
200006aa:	431c      	orrs	r4, r3
200006ac:	4b8c      	ldr	r3, [pc, #560]	; (200008e0 <dcd_rp2040_irq+0x350>)
200006ae:	545a      	strb	r2, [r3, r1]
200006b0:	70da      	strb	r2, [r3, #3]
200006b2:	23c0      	movs	r3, #192	; 0xc0
200006b4:	4a97      	ldr	r2, [pc, #604]	; (20000914 <dcd_rp2040_irq+0x384>)
200006b6:	00db      	lsls	r3, r3, #3
200006b8:	9301      	str	r3, [sp, #4]
200006ba:	ab02      	add	r3, sp, #8
200006bc:	ca03      	ldmia	r2!, {r0, r1}
200006be:	c303      	stmia	r3!, {r0, r1}
200006c0:	2101      	movs	r1, #1
200006c2:	a801      	add	r0, sp, #4
200006c4:	f000 fb00 	bl	20000cc8 <dcd_event_handler>
200006c8:	2280      	movs	r2, #128	; 0x80
200006ca:	4b90      	ldr	r3, [pc, #576]	; (2000090c <dcd_rp2040_irq+0x37c>)
200006cc:	0292      	lsls	r2, r2, #10
200006ce:	651a      	str	r2, [r3, #80]	; 0x50
200006d0:	2380      	movs	r3, #128	; 0x80
200006d2:	015b      	lsls	r3, r3, #5
200006d4:	421d      	tst	r5, r3
200006d6:	d12f      	bne.n	20000738 <dcd_rp2040_irq+0x1a8>
200006d8:	2380      	movs	r3, #128	; 0x80
200006da:	01db      	lsls	r3, r3, #7
200006dc:	421d      	tst	r5, r3
200006de:	d11a      	bne.n	20000716 <dcd_rp2040_irq+0x186>
200006e0:	2380      	movs	r3, #128	; 0x80
200006e2:	021b      	lsls	r3, r3, #8
200006e4:	421d      	tst	r5, r3
200006e6:	d104      	bne.n	200006f2 <dcd_rp2040_irq+0x162>
200006e8:	42ac      	cmp	r4, r5
200006ea:	d000      	beq.n	200006ee <dcd_rp2040_irq+0x15e>
200006ec:	e1b3      	b.n	20000a56 <dcd_rp2040_irq+0x4c6>
200006ee:	b004      	add	sp, #16
200006f0:	bd70      	pop	{r4, r5, r6, pc}
200006f2:	ae01      	add	r6, sp, #4
200006f4:	220c      	movs	r2, #12
200006f6:	2100      	movs	r1, #0
200006f8:	0030      	movs	r0, r6
200006fa:	431c      	orrs	r4, r3
200006fc:	f000 fba8 	bl	20000e50 <____wrap_memset_veneer>
20000700:	2305      	movs	r3, #5
20000702:	2101      	movs	r1, #1
20000704:	7073      	strb	r3, [r6, #1]
20000706:	0030      	movs	r0, r6
20000708:	f000 fade 	bl	20000cc8 <dcd_event_handler>
2000070c:	2280      	movs	r2, #128	; 0x80
2000070e:	4b7f      	ldr	r3, [pc, #508]	; (2000090c <dcd_rp2040_irq+0x37c>)
20000710:	0112      	lsls	r2, r2, #4
20000712:	651a      	str	r2, [r3, #80]	; 0x50
20000714:	e7e8      	b.n	200006e8 <dcd_rp2040_irq+0x158>
20000716:	ae01      	add	r6, sp, #4
20000718:	220c      	movs	r2, #12
2000071a:	2100      	movs	r1, #0
2000071c:	0030      	movs	r0, r6
2000071e:	431c      	orrs	r4, r3
20000720:	f000 fb96 	bl	20000e50 <____wrap_memset_veneer>
20000724:	2304      	movs	r3, #4
20000726:	2101      	movs	r1, #1
20000728:	7073      	strb	r3, [r6, #1]
2000072a:	0030      	movs	r0, r6
2000072c:	f000 facc 	bl	20000cc8 <dcd_event_handler>
20000730:	2210      	movs	r2, #16
20000732:	4b76      	ldr	r3, [pc, #472]	; (2000090c <dcd_rp2040_irq+0x37c>)
20000734:	651a      	str	r2, [r3, #80]	; 0x50
20000736:	e7d3      	b.n	200006e0 <dcd_rp2040_irq+0x150>
20000738:	2200      	movs	r2, #0
2000073a:	431c      	orrs	r4, r3
2000073c:	4b66      	ldr	r3, [pc, #408]	; (200008d8 <dcd_rp2040_irq+0x348>)
2000073e:	ae01      	add	r6, sp, #4
20000740:	601a      	str	r2, [r3, #0]
20000742:	f7ff fe73 	bl	2000042c <reset_non_control_endpoints>
20000746:	220c      	movs	r2, #12
20000748:	2100      	movs	r1, #0
2000074a:	0030      	movs	r0, r6
2000074c:	f000 fb80 	bl	20000e50 <____wrap_memset_veneer>
20000750:	2301      	movs	r3, #1
20000752:	2101      	movs	r1, #1
20000754:	7073      	strb	r3, [r6, #1]
20000756:	0030      	movs	r0, r6
20000758:	f000 fab6 	bl	20000cc8 <dcd_event_handler>
2000075c:	2280      	movs	r2, #128	; 0x80
2000075e:	4b6b      	ldr	r3, [pc, #428]	; (2000090c <dcd_rp2040_irq+0x37c>)
20000760:	0312      	lsls	r2, r2, #12
20000762:	651a      	str	r2, [r3, #80]	; 0x50
20000764:	e7b8      	b.n	200006d8 <dcd_rp2040_irq+0x148>
20000766:	f7ff febf 	bl	200004e8 <hw_handle_buff_status>
2000076a:	0034      	movs	r4, r6
2000076c:	e797      	b.n	2000069e <dcd_rp2040_irq+0x10e>
2000076e:	3338      	adds	r3, #56	; 0x38
20000770:	5ce6      	ldrb	r6, [r4, r3]
20000772:	2e00      	cmp	r6, #0
20000774:	d100      	bne.n	20000778 <dcd_rp2040_irq+0x1e8>
20000776:	e722      	b.n	200005be <dcd_rp2040_irq+0x2e>
20000778:	3302      	adds	r3, #2
2000077a:	5ce2      	ldrb	r2, [r4, r3]
2000077c:	2a00      	cmp	r2, #0
2000077e:	d100      	bne.n	20000782 <dcd_rp2040_irq+0x1f2>
20000780:	e71d      	b.n	200005be <dcd_rp2040_irq+0x2e>
20000782:	2200      	movs	r2, #0
20000784:	0020      	movs	r0, r4
20000786:	54e2      	strb	r2, [r4, r3]
20000788:	3020      	adds	r0, #32
2000078a:	f000 fa3f 	bl	20000c0c <hw_endpoint_start_next_buffer>
2000078e:	e716      	b.n	200005be <dcd_rp2040_irq+0x2e>
20000790:	4b61      	ldr	r3, [pc, #388]	; (20000918 <dcd_rp2040_irq+0x388>)
20000792:	5ce3      	ldrb	r3, [r4, r3]
20000794:	2b00      	cmp	r3, #0
20000796:	d100      	bne.n	2000079a <dcd_rp2040_irq+0x20a>
20000798:	e75b      	b.n	20000652 <dcd_rp2040_irq+0xc2>
2000079a:	23ef      	movs	r3, #239	; 0xef
2000079c:	009b      	lsls	r3, r3, #2
2000079e:	5ce2      	ldrb	r2, [r4, r3]
200007a0:	2a00      	cmp	r2, #0
200007a2:	d000      	beq.n	200007a6 <dcd_rp2040_irq+0x216>
200007a4:	e14f      	b.n	20000a46 <dcd_rp2040_irq+0x4b6>
200007a6:	4b57      	ldr	r3, [pc, #348]	; (20000904 <dcd_rp2040_irq+0x374>)
200007a8:	5ce3      	ldrb	r3, [r4, r3]
200007aa:	2b02      	cmp	r3, #2
200007ac:	d000      	beq.n	200007b0 <dcd_rp2040_irq+0x220>
200007ae:	e760      	b.n	20000672 <dcd_rp2040_irq+0xe2>
200007b0:	4b5a      	ldr	r3, [pc, #360]	; (2000091c <dcd_rp2040_irq+0x38c>)
200007b2:	5ce3      	ldrb	r3, [r4, r3]
200007b4:	2b00      	cmp	r3, #0
200007b6:	d000      	beq.n	200007ba <dcd_rp2040_irq+0x22a>
200007b8:	e138      	b.n	20000a2c <dcd_rp2040_irq+0x49c>
200007ba:	e75a      	b.n	20000672 <dcd_rp2040_irq+0xe2>
200007bc:	4b58      	ldr	r3, [pc, #352]	; (20000920 <dcd_rp2040_irq+0x390>)
200007be:	5ce3      	ldrb	r3, [r4, r3]
200007c0:	2b00      	cmp	r3, #0
200007c2:	d100      	bne.n	200007c6 <dcd_rp2040_irq+0x236>
200007c4:	e740      	b.n	20000648 <dcd_rp2040_irq+0xb8>
200007c6:	22df      	movs	r2, #223	; 0xdf
200007c8:	0092      	lsls	r2, r2, #2
200007ca:	5ca1      	ldrb	r1, [r4, r2]
200007cc:	001e      	movs	r6, r3
200007ce:	2900      	cmp	r1, #0
200007d0:	d100      	bne.n	200007d4 <dcd_rp2040_irq+0x244>
200007d2:	e739      	b.n	20000648 <dcd_rp2040_irq+0xb8>
200007d4:	2300      	movs	r3, #0
200007d6:	54a3      	strb	r3, [r4, r2]
200007d8:	23d8      	movs	r3, #216	; 0xd8
200007da:	009b      	lsls	r3, r3, #2
200007dc:	18e0      	adds	r0, r4, r3
200007de:	f000 fa15 	bl	20000c0c <hw_endpoint_start_next_buffer>
200007e2:	e731      	b.n	20000648 <dcd_rp2040_irq+0xb8>
200007e4:	4b4f      	ldr	r3, [pc, #316]	; (20000924 <dcd_rp2040_irq+0x394>)
200007e6:	5ce3      	ldrb	r3, [r4, r3]
200007e8:	2b00      	cmp	r3, #0
200007ea:	d100      	bne.n	200007ee <dcd_rp2040_irq+0x25e>
200007ec:	e727      	b.n	2000063e <dcd_rp2040_irq+0xae>
200007ee:	22cf      	movs	r2, #207	; 0xcf
200007f0:	0092      	lsls	r2, r2, #2
200007f2:	5ca1      	ldrb	r1, [r4, r2]
200007f4:	001e      	movs	r6, r3
200007f6:	2900      	cmp	r1, #0
200007f8:	d100      	bne.n	200007fc <dcd_rp2040_irq+0x26c>
200007fa:	e720      	b.n	2000063e <dcd_rp2040_irq+0xae>
200007fc:	2300      	movs	r3, #0
200007fe:	54a3      	strb	r3, [r4, r2]
20000800:	23c8      	movs	r3, #200	; 0xc8
20000802:	009b      	lsls	r3, r3, #2
20000804:	18e0      	adds	r0, r4, r3
20000806:	f000 fa01 	bl	20000c0c <hw_endpoint_start_next_buffer>
2000080a:	e718      	b.n	2000063e <dcd_rp2040_irq+0xae>
2000080c:	4b46      	ldr	r3, [pc, #280]	; (20000928 <dcd_rp2040_irq+0x398>)
2000080e:	5ce3      	ldrb	r3, [r4, r3]
20000810:	2b00      	cmp	r3, #0
20000812:	d100      	bne.n	20000816 <dcd_rp2040_irq+0x286>
20000814:	e70e      	b.n	20000634 <dcd_rp2040_irq+0xa4>
20000816:	22bf      	movs	r2, #191	; 0xbf
20000818:	0092      	lsls	r2, r2, #2
2000081a:	5ca1      	ldrb	r1, [r4, r2]
2000081c:	001e      	movs	r6, r3
2000081e:	2900      	cmp	r1, #0
20000820:	d100      	bne.n	20000824 <dcd_rp2040_irq+0x294>
20000822:	e707      	b.n	20000634 <dcd_rp2040_irq+0xa4>
20000824:	2300      	movs	r3, #0
20000826:	54a3      	strb	r3, [r4, r2]
20000828:	23b8      	movs	r3, #184	; 0xb8
2000082a:	009b      	lsls	r3, r3, #2
2000082c:	18e0      	adds	r0, r4, r3
2000082e:	f000 f9ed 	bl	20000c0c <hw_endpoint_start_next_buffer>
20000832:	e6ff      	b.n	20000634 <dcd_rp2040_irq+0xa4>
20000834:	4b3d      	ldr	r3, [pc, #244]	; (2000092c <dcd_rp2040_irq+0x39c>)
20000836:	5ce3      	ldrb	r3, [r4, r3]
20000838:	2b00      	cmp	r3, #0
2000083a:	d100      	bne.n	2000083e <dcd_rp2040_irq+0x2ae>
2000083c:	e6f5      	b.n	2000062a <dcd_rp2040_irq+0x9a>
2000083e:	22af      	movs	r2, #175	; 0xaf
20000840:	0092      	lsls	r2, r2, #2
20000842:	5ca1      	ldrb	r1, [r4, r2]
20000844:	001e      	movs	r6, r3
20000846:	2900      	cmp	r1, #0
20000848:	d100      	bne.n	2000084c <dcd_rp2040_irq+0x2bc>
2000084a:	e6ee      	b.n	2000062a <dcd_rp2040_irq+0x9a>
2000084c:	2300      	movs	r3, #0
2000084e:	54a3      	strb	r3, [r4, r2]
20000850:	23a8      	movs	r3, #168	; 0xa8
20000852:	009b      	lsls	r3, r3, #2
20000854:	18e0      	adds	r0, r4, r3
20000856:	f000 f9d9 	bl	20000c0c <hw_endpoint_start_next_buffer>
2000085a:	e6e6      	b.n	2000062a <dcd_rp2040_irq+0x9a>
2000085c:	4b34      	ldr	r3, [pc, #208]	; (20000930 <dcd_rp2040_irq+0x3a0>)
2000085e:	5ce3      	ldrb	r3, [r4, r3]
20000860:	2b00      	cmp	r3, #0
20000862:	d100      	bne.n	20000866 <dcd_rp2040_irq+0x2d6>
20000864:	e6dc      	b.n	20000620 <dcd_rp2040_irq+0x90>
20000866:	229f      	movs	r2, #159	; 0x9f
20000868:	0092      	lsls	r2, r2, #2
2000086a:	5ca1      	ldrb	r1, [r4, r2]
2000086c:	001e      	movs	r6, r3
2000086e:	2900      	cmp	r1, #0
20000870:	d100      	bne.n	20000874 <dcd_rp2040_irq+0x2e4>
20000872:	e6d5      	b.n	20000620 <dcd_rp2040_irq+0x90>
20000874:	2300      	movs	r3, #0
20000876:	54a3      	strb	r3, [r4, r2]
20000878:	2398      	movs	r3, #152	; 0x98
2000087a:	009b      	lsls	r3, r3, #2
2000087c:	18e0      	adds	r0, r4, r3
2000087e:	f000 f9c5 	bl	20000c0c <hw_endpoint_start_next_buffer>
20000882:	e6cd      	b.n	20000620 <dcd_rp2040_irq+0x90>
20000884:	4b2b      	ldr	r3, [pc, #172]	; (20000934 <dcd_rp2040_irq+0x3a4>)
20000886:	5ce3      	ldrb	r3, [r4, r3]
20000888:	2b00      	cmp	r3, #0
2000088a:	d100      	bne.n	2000088e <dcd_rp2040_irq+0x2fe>
2000088c:	e6c3      	b.n	20000616 <dcd_rp2040_irq+0x86>
2000088e:	228f      	movs	r2, #143	; 0x8f
20000890:	0092      	lsls	r2, r2, #2
20000892:	5ca1      	ldrb	r1, [r4, r2]
20000894:	001e      	movs	r6, r3
20000896:	2900      	cmp	r1, #0
20000898:	d100      	bne.n	2000089c <dcd_rp2040_irq+0x30c>
2000089a:	e6bc      	b.n	20000616 <dcd_rp2040_irq+0x86>
2000089c:	2300      	movs	r3, #0
2000089e:	54a3      	strb	r3, [r4, r2]
200008a0:	2388      	movs	r3, #136	; 0x88
200008a2:	009b      	lsls	r3, r3, #2
200008a4:	18e0      	adds	r0, r4, r3
200008a6:	f000 f9b1 	bl	20000c0c <hw_endpoint_start_next_buffer>
200008aa:	e6b4      	b.n	20000616 <dcd_rp2040_irq+0x86>
200008ac:	33f9      	adds	r3, #249	; 0xf9
200008ae:	33ff      	adds	r3, #255	; 0xff
200008b0:	5ce3      	ldrb	r3, [r4, r3]
200008b2:	2b00      	cmp	r3, #0
200008b4:	d100      	bne.n	200008b8 <dcd_rp2040_irq+0x328>
200008b6:	e6a9      	b.n	2000060c <dcd_rp2040_irq+0x7c>
200008b8:	22fe      	movs	r2, #254	; 0xfe
200008ba:	0052      	lsls	r2, r2, #1
200008bc:	5ca1      	ldrb	r1, [r4, r2]
200008be:	001e      	movs	r6, r3
200008c0:	2900      	cmp	r1, #0
200008c2:	d100      	bne.n	200008c6 <dcd_rp2040_irq+0x336>
200008c4:	e6a2      	b.n	2000060c <dcd_rp2040_irq+0x7c>
200008c6:	0020      	movs	r0, r4
200008c8:	2300      	movs	r3, #0
200008ca:	30e1      	adds	r0, #225	; 0xe1
200008cc:	54a3      	strb	r3, [r4, r2]
200008ce:	30ff      	adds	r0, #255	; 0xff
200008d0:	f000 f99c 	bl	20000c0c <hw_endpoint_start_next_buffer>
200008d4:	e69a      	b.n	2000060c <dcd_rp2040_irq+0x7c>
200008d6:	46c0      	nop			; (mov r8, r8)
200008d8:	50110000 	.word	0x50110000
200008dc:	40054000 	.word	0x40054000
200008e0:	200018ec 	.word	0x200018ec
200008e4:	200018e4 	.word	0x200018e4
200008e8:	0000023b 	.word	0x0000023b
200008ec:	0000027b 	.word	0x0000027b
200008f0:	000002bb 	.word	0x000002bb
200008f4:	000002fb 	.word	0x000002fb
200008f8:	0000033b 	.word	0x0000033b
200008fc:	0000037b 	.word	0x0000037b
20000900:	000003bb 	.word	0x000003bb
20000904:	000003fb 	.word	0x000003fb
20000908:	20001e32 	.word	0x20001e32
2000090c:	50113000 	.word	0x50113000
20000910:	00020010 	.word	0x00020010
20000914:	50100000 	.word	0x50100000
20000918:	000003ba 	.word	0x000003ba
2000091c:	000003fa 	.word	0x000003fa
20000920:	0000037a 	.word	0x0000037a
20000924:	0000033a 	.word	0x0000033a
20000928:	000002fa 	.word	0x000002fa
2000092c:	000002ba 	.word	0x000002ba
20000930:	0000027a 	.word	0x0000027a
20000934:	0000023a 	.word	0x0000023a
20000938:	33b9      	adds	r3, #185	; 0xb9
2000093a:	33ff      	adds	r3, #255	; 0xff
2000093c:	5ce3      	ldrb	r3, [r4, r3]
2000093e:	2b00      	cmp	r3, #0
20000940:	d100      	bne.n	20000944 <dcd_rp2040_irq+0x3b4>
20000942:	e65d      	b.n	20000600 <dcd_rp2040_irq+0x70>
20000944:	22de      	movs	r2, #222	; 0xde
20000946:	0052      	lsls	r2, r2, #1
20000948:	5ca1      	ldrb	r1, [r4, r2]
2000094a:	001e      	movs	r6, r3
2000094c:	2900      	cmp	r1, #0
2000094e:	d100      	bne.n	20000952 <dcd_rp2040_irq+0x3c2>
20000950:	e656      	b.n	20000600 <dcd_rp2040_irq+0x70>
20000952:	0020      	movs	r0, r4
20000954:	2300      	movs	r3, #0
20000956:	30a1      	adds	r0, #161	; 0xa1
20000958:	54a3      	strb	r3, [r4, r2]
2000095a:	30ff      	adds	r0, #255	; 0xff
2000095c:	f000 f956 	bl	20000c0c <hw_endpoint_start_next_buffer>
20000960:	e64e      	b.n	20000600 <dcd_rp2040_irq+0x70>
20000962:	3379      	adds	r3, #121	; 0x79
20000964:	33ff      	adds	r3, #255	; 0xff
20000966:	5ce3      	ldrb	r3, [r4, r3]
20000968:	2b00      	cmp	r3, #0
2000096a:	d100      	bne.n	2000096e <dcd_rp2040_irq+0x3de>
2000096c:	e642      	b.n	200005f4 <dcd_rp2040_irq+0x64>
2000096e:	22be      	movs	r2, #190	; 0xbe
20000970:	0052      	lsls	r2, r2, #1
20000972:	5ca1      	ldrb	r1, [r4, r2]
20000974:	001e      	movs	r6, r3
20000976:	2900      	cmp	r1, #0
20000978:	d100      	bne.n	2000097c <dcd_rp2040_irq+0x3ec>
2000097a:	e63b      	b.n	200005f4 <dcd_rp2040_irq+0x64>
2000097c:	0020      	movs	r0, r4
2000097e:	2300      	movs	r3, #0
20000980:	3061      	adds	r0, #97	; 0x61
20000982:	54a3      	strb	r3, [r4, r2]
20000984:	30ff      	adds	r0, #255	; 0xff
20000986:	f000 f941 	bl	20000c0c <hw_endpoint_start_next_buffer>
2000098a:	e633      	b.n	200005f4 <dcd_rp2040_irq+0x64>
2000098c:	3339      	adds	r3, #57	; 0x39
2000098e:	33ff      	adds	r3, #255	; 0xff
20000990:	5ce3      	ldrb	r3, [r4, r3]
20000992:	2b00      	cmp	r3, #0
20000994:	d100      	bne.n	20000998 <dcd_rp2040_irq+0x408>
20000996:	e627      	b.n	200005e8 <dcd_rp2040_irq+0x58>
20000998:	229e      	movs	r2, #158	; 0x9e
2000099a:	0052      	lsls	r2, r2, #1
2000099c:	5ca1      	ldrb	r1, [r4, r2]
2000099e:	001e      	movs	r6, r3
200009a0:	2900      	cmp	r1, #0
200009a2:	d100      	bne.n	200009a6 <dcd_rp2040_irq+0x416>
200009a4:	e620      	b.n	200005e8 <dcd_rp2040_irq+0x58>
200009a6:	0020      	movs	r0, r4
200009a8:	2300      	movs	r3, #0
200009aa:	3021      	adds	r0, #33	; 0x21
200009ac:	54a3      	strb	r3, [r4, r2]
200009ae:	30ff      	adds	r0, #255	; 0xff
200009b0:	f000 f92c 	bl	20000c0c <hw_endpoint_start_next_buffer>
200009b4:	e618      	b.n	200005e8 <dcd_rp2040_irq+0x58>
200009b6:	33f8      	adds	r3, #248	; 0xf8
200009b8:	5ce3      	ldrb	r3, [r4, r3]
200009ba:	2b00      	cmp	r3, #0
200009bc:	d100      	bne.n	200009c0 <dcd_rp2040_irq+0x430>
200009be:	e60d      	b.n	200005dc <dcd_rp2040_irq+0x4c>
200009c0:	22fc      	movs	r2, #252	; 0xfc
200009c2:	5ca1      	ldrb	r1, [r4, r2]
200009c4:	001e      	movs	r6, r3
200009c6:	2900      	cmp	r1, #0
200009c8:	d100      	bne.n	200009cc <dcd_rp2040_irq+0x43c>
200009ca:	e607      	b.n	200005dc <dcd_rp2040_irq+0x4c>
200009cc:	2300      	movs	r3, #0
200009ce:	0020      	movs	r0, r4
200009d0:	54a3      	strb	r3, [r4, r2]
200009d2:	30e0      	adds	r0, #224	; 0xe0
200009d4:	f000 f91a 	bl	20000c0c <hw_endpoint_start_next_buffer>
200009d8:	e600      	b.n	200005dc <dcd_rp2040_irq+0x4c>
200009da:	33b8      	adds	r3, #184	; 0xb8
200009dc:	5ce3      	ldrb	r3, [r4, r3]
200009de:	2b00      	cmp	r3, #0
200009e0:	d100      	bne.n	200009e4 <dcd_rp2040_irq+0x454>
200009e2:	e5f6      	b.n	200005d2 <dcd_rp2040_irq+0x42>
200009e4:	22bc      	movs	r2, #188	; 0xbc
200009e6:	5ca1      	ldrb	r1, [r4, r2]
200009e8:	001e      	movs	r6, r3
200009ea:	2900      	cmp	r1, #0
200009ec:	d100      	bne.n	200009f0 <dcd_rp2040_irq+0x460>
200009ee:	e5f0      	b.n	200005d2 <dcd_rp2040_irq+0x42>
200009f0:	2300      	movs	r3, #0
200009f2:	0020      	movs	r0, r4
200009f4:	54a3      	strb	r3, [r4, r2]
200009f6:	30a0      	adds	r0, #160	; 0xa0
200009f8:	f000 f908 	bl	20000c0c <hw_endpoint_start_next_buffer>
200009fc:	e5e9      	b.n	200005d2 <dcd_rp2040_irq+0x42>
200009fe:	3378      	adds	r3, #120	; 0x78
20000a00:	5ce3      	ldrb	r3, [r4, r3]
20000a02:	2b00      	cmp	r3, #0
20000a04:	d100      	bne.n	20000a08 <dcd_rp2040_irq+0x478>
20000a06:	e5df      	b.n	200005c8 <dcd_rp2040_irq+0x38>
20000a08:	227c      	movs	r2, #124	; 0x7c
20000a0a:	5ca1      	ldrb	r1, [r4, r2]
20000a0c:	001e      	movs	r6, r3
20000a0e:	2900      	cmp	r1, #0
20000a10:	d100      	bne.n	20000a14 <dcd_rp2040_irq+0x484>
20000a12:	e5d9      	b.n	200005c8 <dcd_rp2040_irq+0x38>
20000a14:	2300      	movs	r3, #0
20000a16:	0020      	movs	r0, r4
20000a18:	54a3      	strb	r3, [r4, r2]
20000a1a:	3060      	adds	r0, #96	; 0x60
20000a1c:	f000 f8f6 	bl	20000c0c <hw_endpoint_start_next_buffer>
20000a20:	e5d2      	b.n	200005c8 <dcd_rp2040_irq+0x38>
20000a22:	4b0f      	ldr	r3, [pc, #60]	; (20000a60 <dcd_rp2040_irq+0x4d0>)
20000a24:	5ce3      	ldrb	r3, [r4, r3]
20000a26:	2b00      	cmp	r3, #0
20000a28:	d100      	bne.n	20000a2c <dcd_rp2040_irq+0x49c>
20000a2a:	e617      	b.n	2000065c <dcd_rp2040_irq+0xcc>
20000a2c:	23ff      	movs	r3, #255	; 0xff
20000a2e:	009b      	lsls	r3, r3, #2
20000a30:	5ce2      	ldrb	r2, [r4, r3]
20000a32:	2a00      	cmp	r2, #0
20000a34:	d100      	bne.n	20000a38 <dcd_rp2040_irq+0x4a8>
20000a36:	e61c      	b.n	20000672 <dcd_rp2040_irq+0xe2>
20000a38:	2200      	movs	r2, #0
20000a3a:	54e2      	strb	r2, [r4, r3]
20000a3c:	3b1c      	subs	r3, #28
20000a3e:	18e0      	adds	r0, r4, r3
20000a40:	f000 f8e4 	bl	20000c0c <hw_endpoint_start_next_buffer>
20000a44:	e615      	b.n	20000672 <dcd_rp2040_irq+0xe2>
20000a46:	2200      	movs	r2, #0
20000a48:	54e2      	strb	r2, [r4, r3]
20000a4a:	23e8      	movs	r3, #232	; 0xe8
20000a4c:	009b      	lsls	r3, r3, #2
20000a4e:	18e0      	adds	r0, r4, r3
20000a50:	f000 f8dc 	bl	20000c0c <hw_endpoint_start_next_buffer>
20000a54:	e6a7      	b.n	200007a6 <dcd_rp2040_irq+0x216>
20000a56:	0021      	movs	r1, r4
20000a58:	4802      	ldr	r0, [pc, #8]	; (20000a64 <dcd_rp2040_irq+0x4d4>)
20000a5a:	4069      	eors	r1, r5
20000a5c:	f000 f9f0 	bl	20000e40 <__panic_veneer>
20000a60:	000003fa 	.word	0x000003fa
20000a64:	10007c28 	.word	0x10007c28

20000a68 <e15_is_bulkin_ep>:
20000a68:	4a08      	ldr	r2, [pc, #32]	; (20000a8c <e15_is_bulkin_ep+0x24>)
20000a6a:	0003      	movs	r3, r0
20000a6c:	6c12      	ldr	r2, [r2, #64]	; 0x40
20000a6e:	2000      	movs	r0, #0
20000a70:	0792      	lsls	r2, r2, #30
20000a72:	d403      	bmi.n	20000a7c <e15_is_bulkin_ep+0x14>
20000a74:	789a      	ldrb	r2, [r3, #2]
20000a76:	09d2      	lsrs	r2, r2, #7
20000a78:	2a01      	cmp	r2, #1
20000a7a:	d000      	beq.n	20000a7e <e15_is_bulkin_ep+0x16>
20000a7c:	4770      	bx	lr
20000a7e:	7ed8      	ldrb	r0, [r3, #27]
20000a80:	3802      	subs	r0, #2
20000a82:	4243      	negs	r3, r0
20000a84:	4158      	adcs	r0, r3
20000a86:	b2c0      	uxtb	r0, r0
20000a88:	e7f8      	b.n	20000a7c <e15_is_bulkin_ep+0x14>
20000a8a:	46c0      	nop			; (mov r8, r8)
20000a8c:	50110000 	.word	0x50110000

20000a90 <e15_is_critical_frame_period>:
20000a90:	b510      	push	{r4, lr}
20000a92:	f7ff ffe9 	bl	20000a68 <e15_is_bulkin_ep>
20000a96:	2800      	cmp	r0, #0
20000a98:	d00c      	beq.n	20000ab4 <e15_is_critical_frame_period+0x24>
20000a9a:	4907      	ldr	r1, [pc, #28]	; (20000ab8 <e15_is_critical_frame_period+0x28>)
20000a9c:	4b07      	ldr	r3, [pc, #28]	; (20000abc <e15_is_critical_frame_period+0x2c>)
20000a9e:	468c      	mov	ip, r1
20000aa0:	4a07      	ldr	r2, [pc, #28]	; (20000ac0 <e15_is_critical_frame_period+0x30>)
20000aa2:	6a9b      	ldr	r3, [r3, #40]	; 0x28
20000aa4:	6812      	ldr	r2, [r2, #0]
20000aa6:	4463      	add	r3, ip
20000aa8:	1a9b      	subs	r3, r3, r2
20000aaa:	2000      	movs	r0, #0
20000aac:	22c6      	movs	r2, #198	; 0xc6
20000aae:	429a      	cmp	r2, r3
20000ab0:	4140      	adcs	r0, r0
20000ab2:	b2c0      	uxtb	r0, r0
20000ab4:	bd10      	pop	{r4, pc}
20000ab6:	46c0      	nop			; (mov r8, r8)
20000ab8:	fffffce0 	.word	0xfffffce0
20000abc:	40054000 	.word	0x40054000
20000ac0:	200018e4 	.word	0x200018e4

20000ac4 <prepare_ep_buffer>:
20000ac4:	b5f8      	push	{r3, r4, r5, r6, r7, lr}
20000ac6:	8b02      	ldrh	r2, [r0, #24]
20000ac8:	8a83      	ldrh	r3, [r0, #20]
20000aca:	0004      	movs	r4, r0
20000acc:	000f      	movs	r7, r1
20000ace:	1c16      	adds	r6, r2, #0
20000ad0:	429a      	cmp	r2, r3
20000ad2:	d900      	bls.n	20000ad6 <prepare_ep_buffer+0x12>
20000ad4:	1c1e      	adds	r6, r3, #0
20000ad6:	2580      	movs	r5, #128	; 0x80
20000ad8:	b2b6      	uxth	r6, r6
20000ada:	1b9b      	subs	r3, r3, r6
20000adc:	78e2      	ldrb	r2, [r4, #3]
20000ade:	b29b      	uxth	r3, r3
20000ae0:	00ed      	lsls	r5, r5, #3
20000ae2:	82a3      	strh	r3, [r4, #20]
20000ae4:	4335      	orrs	r5, r6
20000ae6:	2a00      	cmp	r2, #0
20000ae8:	d002      	beq.n	20000af0 <prepare_ep_buffer+0x2c>
20000aea:	2590      	movs	r5, #144	; 0x90
20000aec:	01ad      	lsls	r5, r5, #6
20000aee:	4335      	orrs	r5, r6
20000af0:	2101      	movs	r1, #1
20000af2:	404a      	eors	r2, r1
20000af4:	70e2      	strb	r2, [r4, #3]
20000af6:	7862      	ldrb	r2, [r4, #1]
20000af8:	2a00      	cmp	r2, #0
20000afa:	d009      	beq.n	20000b10 <prepare_ep_buffer+0x4c>
20000afc:	2b00      	cmp	r3, #0
20000afe:	d102      	bne.n	20000b06 <prepare_ep_buffer+0x42>
20000b00:	2380      	movs	r3, #128	; 0x80
20000b02:	01db      	lsls	r3, r3, #7
20000b04:	431d      	orrs	r5, r3
20000b06:	2f00      	cmp	r7, #0
20000b08:	d000      	beq.n	20000b0c <prepare_ep_buffer+0x48>
20000b0a:	042d      	lsls	r5, r5, #16
20000b0c:	0028      	movs	r0, r5
20000b0e:	bdf8      	pop	{r3, r4, r5, r6, r7, pc}
20000b10:	68e3      	ldr	r3, [r4, #12]
20000b12:	01b8      	lsls	r0, r7, #6
20000b14:	469c      	mov	ip, r3
20000b16:	0032      	movs	r2, r6
20000b18:	4460      	add	r0, ip
20000b1a:	6921      	ldr	r1, [r4, #16]
20000b1c:	f000 f9b8 	bl	20000e90 <____wrap_memcpy_veneer>
20000b20:	6923      	ldr	r3, [r4, #16]
20000b22:	469c      	mov	ip, r3
20000b24:	2380      	movs	r3, #128	; 0x80
20000b26:	4466      	add	r6, ip
20000b28:	021b      	lsls	r3, r3, #8
20000b2a:	431d      	orrs	r5, r3
20000b2c:	6126      	str	r6, [r4, #16]
20000b2e:	8aa3      	ldrh	r3, [r4, #20]
20000b30:	e7e4      	b.n	20000afc <prepare_ep_buffer+0x38>
20000b32:	46c0      	nop			; (mov r8, r8)

20000b34 <sync_ep_buffer>:
20000b34:	6883      	ldr	r3, [r0, #8]
20000b36:	b570      	push	{r4, r5, r6, lr}
20000b38:	0004      	movs	r4, r0
20000b3a:	681d      	ldr	r5, [r3, #0]
20000b3c:	2900      	cmp	r1, #0
20000b3e:	d000      	beq.n	20000b42 <sync_ep_buffer+0xe>
20000b40:	0c2d      	lsrs	r5, r5, #16
20000b42:	7863      	ldrb	r3, [r4, #1]
20000b44:	05ad      	lsls	r5, r5, #22
20000b46:	0dad      	lsrs	r5, r5, #22
20000b48:	2b00      	cmp	r3, #0
20000b4a:	d109      	bne.n	20000b60 <sync_ep_buffer+0x2c>
20000b4c:	8ae3      	ldrh	r3, [r4, #22]
20000b4e:	18eb      	adds	r3, r5, r3
20000b50:	82e3      	strh	r3, [r4, #22]
20000b52:	8b23      	ldrh	r3, [r4, #24]
20000b54:	42ab      	cmp	r3, r5
20000b56:	d901      	bls.n	20000b5c <sync_ep_buffer+0x28>
20000b58:	2300      	movs	r3, #0
20000b5a:	82a3      	strh	r3, [r4, #20]
20000b5c:	0028      	movs	r0, r5
20000b5e:	bd70      	pop	{r4, r5, r6, pc}
20000b60:	68e3      	ldr	r3, [r4, #12]
20000b62:	0189      	lsls	r1, r1, #6
20000b64:	469c      	mov	ip, r3
20000b66:	002a      	movs	r2, r5
20000b68:	6920      	ldr	r0, [r4, #16]
20000b6a:	4461      	add	r1, ip
20000b6c:	f000 f990 	bl	20000e90 <____wrap_memcpy_veneer>
20000b70:	8ae3      	ldrh	r3, [r4, #22]
20000b72:	18eb      	adds	r3, r5, r3
20000b74:	82e3      	strh	r3, [r4, #22]
20000b76:	6923      	ldr	r3, [r4, #16]
20000b78:	195b      	adds	r3, r3, r5
20000b7a:	6123      	str	r3, [r4, #16]
20000b7c:	e7e9      	b.n	20000b52 <sync_ep_buffer+0x1e>
20000b7e:	46c0      	nop			; (mov r8, r8)

20000b80 <_hw_endpoint_xfer_sync>:
20000b80:	b510      	push	{r4, lr}
20000b82:	0004      	movs	r4, r0
20000b84:	6883      	ldr	r3, [r0, #8]
20000b86:	2100      	movs	r1, #0
20000b88:	681b      	ldr	r3, [r3, #0]
20000b8a:	f7ff ffd3 	bl	20000b34 <sync_ep_buffer>
20000b8e:	6863      	ldr	r3, [r4, #4]
20000b90:	681b      	ldr	r3, [r3, #0]
20000b92:	005b      	lsls	r3, r3, #1
20000b94:	d502      	bpl.n	20000b9c <_hw_endpoint_xfer_sync+0x1c>
20000b96:	8b23      	ldrh	r3, [r4, #24]
20000b98:	4283      	cmp	r3, r0
20000b9a:	d000      	beq.n	20000b9e <_hw_endpoint_xfer_sync+0x1e>
20000b9c:	bd10      	pop	{r4, pc}
20000b9e:	2101      	movs	r1, #1
20000ba0:	0020      	movs	r0, r4
20000ba2:	f7ff ffc7 	bl	20000b34 <sync_ep_buffer>
20000ba6:	e7f9      	b.n	20000b9c <_hw_endpoint_xfer_sync+0x1c>

20000ba8 <hw_endpoint_reset_transfer>:
20000ba8:	2300      	movs	r3, #0
20000baa:	7683      	strb	r3, [r0, #26]
20000bac:	6143      	str	r3, [r0, #20]
20000bae:	6103      	str	r3, [r0, #16]
20000bb0:	4770      	bx	lr
20000bb2:	46c0      	nop			; (mov r8, r8)

20000bb4 <_hw_endpoint_buffer_control_update32>:
20000bb4:	b510      	push	{r4, lr}
20000bb6:	6883      	ldr	r3, [r0, #8]
20000bb8:	2900      	cmp	r1, #0
20000bba:	d001      	beq.n	20000bc0 <_hw_endpoint_buffer_control_update32+0xc>
20000bbc:	681c      	ldr	r4, [r3, #0]
20000bbe:	4021      	ands	r1, r4
20000bc0:	2a00      	cmp	r2, #0
20000bc2:	d011      	beq.n	20000be8 <_hw_endpoint_buffer_control_update32+0x34>
20000bc4:	2480      	movs	r4, #128	; 0x80
20000bc6:	00e4      	lsls	r4, r4, #3
20000bc8:	4311      	orrs	r1, r2
20000bca:	4222      	tst	r2, r4
20000bcc:	d00c      	beq.n	20000be8 <_hw_endpoint_buffer_control_update32+0x34>
20000bce:	681a      	ldr	r2, [r3, #0]
20000bd0:	4222      	tst	r2, r4
20000bd2:	d10b      	bne.n	20000bec <_hw_endpoint_buffer_control_update32+0x38>
20000bd4:	4a0a      	ldr	r2, [pc, #40]	; (20000c00 <_hw_endpoint_buffer_control_update32+0x4c>)
20000bd6:	400a      	ands	r2, r1
20000bd8:	601a      	str	r2, [r3, #0]
20000bda:	e7ff      	b.n	20000bdc <_hw_endpoint_buffer_control_update32+0x28>
20000bdc:	e7ff      	b.n	20000bde <_hw_endpoint_buffer_control_update32+0x2a>
20000bde:	e7ff      	b.n	20000be0 <_hw_endpoint_buffer_control_update32+0x2c>
20000be0:	e7ff      	b.n	20000be2 <_hw_endpoint_buffer_control_update32+0x2e>
20000be2:	e7ff      	b.n	20000be4 <_hw_endpoint_buffer_control_update32+0x30>
20000be4:	e7ff      	b.n	20000be6 <_hw_endpoint_buffer_control_update32+0x32>
20000be6:	6883      	ldr	r3, [r0, #8]
20000be8:	6019      	str	r1, [r3, #0]
20000bea:	bd10      	pop	{r4, pc}
20000bec:	227f      	movs	r2, #127	; 0x7f
20000bee:	7881      	ldrb	r1, [r0, #2]
20000bf0:	4804      	ldr	r0, [pc, #16]	; (20000c04 <_hw_endpoint_buffer_control_update32+0x50>)
20000bf2:	09cb      	lsrs	r3, r1, #7
20000bf4:	4011      	ands	r1, r2
20000bf6:	4a04      	ldr	r2, [pc, #16]	; (20000c08 <_hw_endpoint_buffer_control_update32+0x54>)
20000bf8:	009b      	lsls	r3, r3, #2
20000bfa:	589a      	ldr	r2, [r3, r2]
20000bfc:	f000 f920 	bl	20000e40 <__panic_veneer>
20000c00:	fffffbff 	.word	0xfffffbff
20000c04:	10007c3c 	.word	0x10007c3c
20000c08:	20000f78 	.word	0x20000f78

20000c0c <hw_endpoint_start_next_buffer>:
20000c0c:	6843      	ldr	r3, [r0, #4]
20000c0e:	b570      	push	{r4, r5, r6, lr}
20000c10:	2100      	movs	r1, #0
20000c12:	2580      	movs	r5, #128	; 0x80
20000c14:	681e      	ldr	r6, [r3, #0]
20000c16:	0004      	movs	r4, r0
20000c18:	f7ff ff54 	bl	20000ac4 <prepare_ep_buffer>
20000c1c:	4b13      	ldr	r3, [pc, #76]	; (20000c6c <hw_endpoint_start_next_buffer+0x60>)
20000c1e:	016d      	lsls	r5, r5, #5
20000c20:	6c1b      	ldr	r3, [r3, #64]	; 0x40
20000c22:	4305      	orrs	r5, r0
20000c24:	079b      	lsls	r3, r3, #30
20000c26:	d50f      	bpl.n	20000c48 <hw_endpoint_start_next_buffer+0x3c>
20000c28:	78a3      	ldrb	r3, [r4, #2]
20000c2a:	065b      	lsls	r3, r3, #25
20000c2c:	d00f      	beq.n	20000c4e <hw_endpoint_start_next_buffer+0x42>
20000c2e:	4b10      	ldr	r3, [pc, #64]	; (20000c70 <hw_endpoint_start_next_buffer+0x64>)
20000c30:	401e      	ands	r6, r3
20000c32:	2380      	movs	r3, #128	; 0x80
20000c34:	059b      	lsls	r3, r3, #22
20000c36:	4333      	orrs	r3, r6
20000c38:	6862      	ldr	r2, [r4, #4]
20000c3a:	2100      	movs	r1, #0
20000c3c:	6013      	str	r3, [r2, #0]
20000c3e:	0020      	movs	r0, r4
20000c40:	002a      	movs	r2, r5
20000c42:	f7ff ffb7 	bl	20000bb4 <_hw_endpoint_buffer_control_update32>
20000c46:	bd70      	pop	{r4, r5, r6, pc}
20000c48:	78a3      	ldrb	r3, [r4, #2]
20000c4a:	09db      	lsrs	r3, r3, #7
20000c4c:	d0ef      	beq.n	20000c2e <hw_endpoint_start_next_buffer+0x22>
20000c4e:	8aa3      	ldrh	r3, [r4, #20]
20000c50:	2b00      	cmp	r3, #0
20000c52:	d0ec      	beq.n	20000c2e <hw_endpoint_start_next_buffer+0x22>
20000c54:	2101      	movs	r1, #1
20000c56:	0020      	movs	r0, r4
20000c58:	f7ff ff34 	bl	20000ac4 <prepare_ep_buffer>
20000c5c:	23a0      	movs	r3, #160	; 0xa0
20000c5e:	4a05      	ldr	r2, [pc, #20]	; (20000c74 <hw_endpoint_start_next_buffer+0x68>)
20000c60:	05db      	lsls	r3, r3, #23
20000c62:	4032      	ands	r2, r6
20000c64:	4305      	orrs	r5, r0
20000c66:	4313      	orrs	r3, r2
20000c68:	e7e6      	b.n	20000c38 <hw_endpoint_start_next_buffer+0x2c>
20000c6a:	46c0      	nop			; (mov r8, r8)
20000c6c:	50110000 	.word	0x50110000
20000c70:	afffffff 	.word	0xafffffff
20000c74:	dfffffff 	.word	0xdfffffff

20000c78 <hw_endpoint_xfer_continue>:
20000c78:	b570      	push	{r4, r5, r6, lr}
20000c7a:	7e85      	ldrb	r5, [r0, #26]
20000c7c:	0004      	movs	r4, r0
20000c7e:	2d00      	cmp	r5, #0
20000c80:	d013      	beq.n	20000caa <hw_endpoint_xfer_continue+0x32>
20000c82:	f7ff ff7d 	bl	20000b80 <_hw_endpoint_xfer_sync>
20000c86:	8aa3      	ldrh	r3, [r4, #20]
20000c88:	2b00      	cmp	r3, #0
20000c8a:	d101      	bne.n	20000c90 <hw_endpoint_xfer_continue+0x18>
20000c8c:	0028      	movs	r0, r5
20000c8e:	bd70      	pop	{r4, r5, r6, pc}
20000c90:	0020      	movs	r0, r4
20000c92:	f7ff fefd 	bl	20000a90 <e15_is_critical_frame_period>
20000c96:	1e05      	subs	r5, r0, #0
20000c98:	d003      	beq.n	20000ca2 <hw_endpoint_xfer_continue+0x2a>
20000c9a:	2301      	movs	r3, #1
20000c9c:	2500      	movs	r5, #0
20000c9e:	7723      	strb	r3, [r4, #28]
20000ca0:	e7f4      	b.n	20000c8c <hw_endpoint_xfer_continue+0x14>
20000ca2:	0020      	movs	r0, r4
20000ca4:	f7ff ffb2 	bl	20000c0c <hw_endpoint_start_next_buffer>
20000ca8:	e7f0      	b.n	20000c8c <hw_endpoint_xfer_continue+0x14>
20000caa:	227f      	movs	r2, #127	; 0x7f
20000cac:	7881      	ldrb	r1, [r0, #2]
20000cae:	4804      	ldr	r0, [pc, #16]	; (20000cc0 <hw_endpoint_xfer_continue+0x48>)
20000cb0:	09cb      	lsrs	r3, r1, #7
20000cb2:	4011      	ands	r1, r2
20000cb4:	4a03      	ldr	r2, [pc, #12]	; (20000cc4 <hw_endpoint_xfer_continue+0x4c>)
20000cb6:	009b      	lsls	r3, r3, #2
20000cb8:	589a      	ldr	r2, [r3, r2]
20000cba:	f000 f8c1 	bl	20000e40 <__panic_veneer>
20000cbe:	46c0      	nop			; (mov r8, r8)
20000cc0:	10007c5c 	.word	0x10007c5c
20000cc4:	20000f78 	.word	0x20000f78

20000cc8 <dcd_event_handler>:
20000cc8:	b5f0      	push	{r4, r5, r6, r7, lr}
20000cca:	7843      	ldrb	r3, [r0, #1]
20000ccc:	0005      	movs	r5, r0
20000cce:	b085      	sub	sp, #20
20000cd0:	2b04      	cmp	r3, #4
20000cd2:	d100      	bne.n	20000cd6 <dcd_event_handler+0xe>
20000cd4:	e075      	b.n	20000dc2 <dcd_event_handler+0xfa>
20000cd6:	d846      	bhi.n	20000d66 <dcd_event_handler+0x9e>
20000cd8:	2b02      	cmp	r3, #2
20000cda:	d100      	bne.n	20000cde <dcd_event_handler+0x16>
20000cdc:	e083      	b.n	20000de6 <dcd_event_handler+0x11e>
20000cde:	2b03      	cmp	r3, #3
20000ce0:	d155      	bne.n	20000d8e <dcd_event_handler+0xc6>
20000ce2:	4e50      	ldr	r6, [pc, #320]	; (20000e24 <dcd_event_handler+0x15c>)
20000ce4:	4a50      	ldr	r2, [pc, #320]	; (20000e28 <dcd_event_handler+0x160>)
20000ce6:	2400      	movs	r4, #0
20000ce8:	7833      	ldrb	r3, [r6, #0]
20000cea:	2a00      	cmp	r2, #0
20000cec:	d100      	bne.n	20000cf0 <dcd_event_handler+0x28>
20000cee:	e092      	b.n	20000e16 <dcd_event_handler+0x14e>
20000cf0:	4f4e      	ldr	r7, [pc, #312]	; (20000e2c <dcd_event_handler+0x164>)
20000cf2:	e003      	b.n	20000cfc <dcd_event_handler+0x34>
20000cf4:	3401      	adds	r4, #1
20000cf6:	b2e4      	uxtb	r4, r4
20000cf8:	429c      	cmp	r4, r3
20000cfa:	d814      	bhi.n	20000d26 <dcd_event_handler+0x5e>
20000cfc:	42a3      	cmp	r3, r4
20000cfe:	d9f9      	bls.n	20000cf4 <dcd_event_handler+0x2c>
20000d00:	6839      	ldr	r1, [r7, #0]
20000d02:	0062      	lsls	r2, r4, #1
20000d04:	468c      	mov	ip, r1
20000d06:	1912      	adds	r2, r2, r4
20000d08:	00d2      	lsls	r2, r2, #3
20000d0a:	4462      	add	r2, ip
20000d0c:	2a00      	cmp	r2, #0
20000d0e:	d0f1      	beq.n	20000cf4 <dcd_event_handler+0x2c>
20000d10:	6952      	ldr	r2, [r2, #20]
20000d12:	2a00      	cmp	r2, #0
20000d14:	d0ee      	beq.n	20000cf4 <dcd_event_handler+0x2c>
20000d16:	7828      	ldrb	r0, [r5, #0]
20000d18:	6869      	ldr	r1, [r5, #4]
20000d1a:	4790      	blx	r2
20000d1c:	3401      	adds	r4, #1
20000d1e:	7833      	ldrb	r3, [r6, #0]
20000d20:	b2e4      	uxtb	r4, r4
20000d22:	429c      	cmp	r4, r3
20000d24:	d9ea      	bls.n	20000cfc <dcd_event_handler+0x34>
20000d26:	4b42      	ldr	r3, [pc, #264]	; (20000e30 <dcd_event_handler+0x168>)
20000d28:	781a      	ldrb	r2, [r3, #0]
20000d2a:	0752      	lsls	r2, r2, #29
20000d2c:	d547      	bpl.n	20000dbe <dcd_event_handler+0xf6>
20000d2e:	2104      	movs	r1, #4
20000d30:	781a      	ldrb	r2, [r3, #0]
20000d32:	a801      	add	r0, sp, #4
20000d34:	438a      	bics	r2, r1
20000d36:	701a      	strb	r2, [r3, #0]
20000d38:	2100      	movs	r1, #0
20000d3a:	220c      	movs	r2, #12
20000d3c:	f000 f888 	bl	20000e50 <____wrap_memset_veneer>
20000d40:	466a      	mov	r2, sp
20000d42:	782b      	ldrb	r3, [r5, #0]
20000d44:	7113      	strb	r3, [r2, #4]
20000d46:	2305      	movs	r3, #5
20000d48:	7153      	strb	r3, [r2, #5]
20000d4a:	4b3a      	ldr	r3, [pc, #232]	; (20000e34 <dcd_event_handler+0x16c>)
20000d4c:	681c      	ldr	r4, [r3, #0]
20000d4e:	6962      	ldr	r2, [r4, #20]
20000d50:	f3ef 8110 	mrs	r1, PRIMASK
20000d54:	b672      	cpsid	i
20000d56:	6813      	ldr	r3, [r2, #0]
20000d58:	2b00      	cmp	r3, #0
20000d5a:	d0fc      	beq.n	20000d56 <dcd_event_handler+0x8e>
20000d5c:	f3bf 8f5f 	dmb	sy
20000d60:	61a1      	str	r1, [r4, #24]
20000d62:	a901      	add	r1, sp, #4
20000d64:	e020      	b.n	20000da8 <dcd_event_handler+0xe0>
20000d66:	2b05      	cmp	r3, #5
20000d68:	d111      	bne.n	20000d8e <dcd_event_handler+0xc6>
20000d6a:	4b31      	ldr	r3, [pc, #196]	; (20000e30 <dcd_event_handler+0x168>)
20000d6c:	781a      	ldrb	r2, [r3, #0]
20000d6e:	07d2      	lsls	r2, r2, #31
20000d70:	d525      	bpl.n	20000dbe <dcd_event_handler+0xf6>
20000d72:	2104      	movs	r1, #4
20000d74:	781a      	ldrb	r2, [r3, #0]
20000d76:	438a      	bics	r2, r1
20000d78:	701a      	strb	r2, [r3, #0]
20000d7a:	4b2e      	ldr	r3, [pc, #184]	; (20000e34 <dcd_event_handler+0x16c>)
20000d7c:	681c      	ldr	r4, [r3, #0]
20000d7e:	6962      	ldr	r2, [r4, #20]
20000d80:	f3ef 8110 	mrs	r1, PRIMASK
20000d84:	b672      	cpsid	i
20000d86:	6813      	ldr	r3, [r2, #0]
20000d88:	2b00      	cmp	r3, #0
20000d8a:	d109      	bne.n	20000da0 <dcd_event_handler+0xd8>
20000d8c:	e7fb      	b.n	20000d86 <dcd_event_handler+0xbe>
20000d8e:	4b29      	ldr	r3, [pc, #164]	; (20000e34 <dcd_event_handler+0x16c>)
20000d90:	681c      	ldr	r4, [r3, #0]
20000d92:	6962      	ldr	r2, [r4, #20]
20000d94:	f3ef 8110 	mrs	r1, PRIMASK
20000d98:	b672      	cpsid	i
20000d9a:	6813      	ldr	r3, [r2, #0]
20000d9c:	2b00      	cmp	r3, #0
20000d9e:	d0fc      	beq.n	20000d9a <dcd_event_handler+0xd2>
20000da0:	f3bf 8f5f 	dmb	sy
20000da4:	61a1      	str	r1, [r4, #24]
20000da6:	0029      	movs	r1, r5
20000da8:	0020      	movs	r0, r4
20000daa:	f000 f861 	bl	20000e70 <__tu_fifo_write_veneer>
20000dae:	6962      	ldr	r2, [r4, #20]
20000db0:	69a3      	ldr	r3, [r4, #24]
20000db2:	f3bf 8f5f 	dmb	sy
20000db6:	2100      	movs	r1, #0
20000db8:	6011      	str	r1, [r2, #0]
20000dba:	f383 8810 	msr	PRIMASK, r3
20000dbe:	b005      	add	sp, #20
20000dc0:	bdf0      	pop	{r4, r5, r6, r7, pc}
20000dc2:	4b1b      	ldr	r3, [pc, #108]	; (20000e30 <dcd_event_handler+0x168>)
20000dc4:	781a      	ldrb	r2, [r3, #0]
20000dc6:	07d2      	lsls	r2, r2, #31
20000dc8:	d5f9      	bpl.n	20000dbe <dcd_event_handler+0xf6>
20000dca:	2104      	movs	r1, #4
20000dcc:	781a      	ldrb	r2, [r3, #0]
20000dce:	430a      	orrs	r2, r1
20000dd0:	701a      	strb	r2, [r3, #0]
20000dd2:	4b18      	ldr	r3, [pc, #96]	; (20000e34 <dcd_event_handler+0x16c>)
20000dd4:	681c      	ldr	r4, [r3, #0]
20000dd6:	6962      	ldr	r2, [r4, #20]
20000dd8:	f3ef 8110 	mrs	r1, PRIMASK
20000ddc:	b672      	cpsid	i
20000dde:	6813      	ldr	r3, [r2, #0]
20000de0:	2b00      	cmp	r3, #0
20000de2:	d1dd      	bne.n	20000da0 <dcd_event_handler+0xd8>
20000de4:	e7fb      	b.n	20000dde <dcd_event_handler+0x116>
20000de6:	2001      	movs	r0, #1
20000de8:	4a11      	ldr	r2, [pc, #68]	; (20000e30 <dcd_event_handler+0x168>)
20000dea:	7811      	ldrb	r1, [r2, #0]
20000dec:	4381      	bics	r1, r0
20000dee:	7011      	strb	r1, [r2, #0]
20000df0:	7811      	ldrb	r1, [r2, #0]
20000df2:	4399      	bics	r1, r3
20000df4:	2300      	movs	r3, #0
20000df6:	7011      	strb	r1, [r2, #0]
20000df8:	2104      	movs	r1, #4
20000dfa:	7053      	strb	r3, [r2, #1]
20000dfc:	7813      	ldrb	r3, [r2, #0]
20000dfe:	438b      	bics	r3, r1
20000e00:	7013      	strb	r3, [r2, #0]
20000e02:	4b0c      	ldr	r3, [pc, #48]	; (20000e34 <dcd_event_handler+0x16c>)
20000e04:	681c      	ldr	r4, [r3, #0]
20000e06:	6962      	ldr	r2, [r4, #20]
20000e08:	f3ef 8110 	mrs	r1, PRIMASK
20000e0c:	b672      	cpsid	i
20000e0e:	6813      	ldr	r3, [r2, #0]
20000e10:	2b00      	cmp	r3, #0
20000e12:	d1c5      	bne.n	20000da0 <dcd_event_handler+0xd8>
20000e14:	e7fb      	b.n	20000e0e <dcd_event_handler+0x146>
20000e16:	2200      	movs	r2, #0
20000e18:	3201      	adds	r2, #1
20000e1a:	b2d2      	uxtb	r2, r2
20000e1c:	429a      	cmp	r2, r3
20000e1e:	d9fb      	bls.n	20000e18 <dcd_event_handler+0x150>
20000e20:	e781      	b.n	20000d26 <dcd_event_handler+0x5e>
20000e22:	46c0      	nop			; (mov r8, r8)
20000e24:	20001e31 	.word	0x20001e31
20000e28:	1000543d 	.word	0x1000543d
20000e2c:	200012ec 	.word	0x200012ec
20000e30:	20001614 	.word	0x20001614
20000e34:	2000166c 	.word	0x2000166c

20000e38 <__aeabi_idiv0>:
20000e38:	4770      	bx	lr
20000e3a:	46c0      	nop			; (mov r8, r8)
20000e3c:	0000      	movs	r0, r0
	...

20000e40 <__panic_veneer>:
20000e40:	b401      	push	{r0}
20000e42:	4802      	ldr	r0, [pc, #8]	; (20000e4c <__panic_veneer+0xc>)
20000e44:	4684      	mov	ip, r0
20000e46:	bc01      	pop	{r0}
20000e48:	4760      	bx	ip
20000e4a:	bf00      	nop
20000e4c:	10002b91 	.word	0x10002b91

20000e50 <____wrap_memset_veneer>:
20000e50:	b401      	push	{r0}
20000e52:	4802      	ldr	r0, [pc, #8]	; (20000e5c <____wrap_memset_veneer+0xc>)
20000e54:	4684      	mov	ip, r0
20000e56:	bc01      	pop	{r0}
20000e58:	4760      	bx	ip
20000e5a:	bf00      	nop
20000e5c:	10004f65 	.word	0x10004f65

20000e60 <____wrap___aeabi_lmul_veneer>:
20000e60:	b401      	push	{r0}
20000e62:	4802      	ldr	r0, [pc, #8]	; (20000e6c <____wrap___aeabi_lmul_veneer+0xc>)
20000e64:	4684      	mov	ip, r0
20000e66:	bc01      	pop	{r0}
20000e68:	4760      	bx	ip
20000e6a:	bf00      	nop
20000e6c:	10004e91 	.word	0x10004e91

20000e70 <__tu_fifo_write_veneer>:
20000e70:	b401      	push	{r0}
20000e72:	4802      	ldr	r0, [pc, #8]	; (20000e7c <__tu_fifo_write_veneer+0xc>)
20000e74:	4684      	mov	ip, r0
20000e76:	bc01      	pop	{r0}
20000e78:	4760      	bx	ip
20000e7a:	bf00      	nop
20000e7c:	100073e9 	.word	0x100073e9

20000e80 <__best_effort_wfe_or_timeout_veneer>:
20000e80:	b401      	push	{r0}
20000e82:	4802      	ldr	r0, [pc, #8]	; (20000e8c <__best_effort_wfe_or_timeout_veneer+0xc>)
20000e84:	4684      	mov	ip, r0
20000e86:	bc01      	pop	{r0}
20000e88:	4760      	bx	ip
20000e8a:	bf00      	nop
20000e8c:	10001445 	.word	0x10001445

20000e90 <____wrap_memcpy_veneer>:
20000e90:	b401      	push	{r0}
20000e92:	4802      	ldr	r0, [pc, #8]	; (20000e9c <____wrap_memcpy_veneer+0xc>)
20000e94:	4684      	mov	ip, r0
20000e96:	bc01      	pop	{r0}
20000e98:	4760      	bx	ip
20000e9a:	bf00      	nop
20000e9c:	10004f71 	.word	0x10004f71

20000ea0 <__time_us_64_veneer>:
20000ea0:	b401      	push	{r0}
20000ea2:	4802      	ldr	r0, [pc, #8]	; (20000eac <__time_us_64_veneer+0xc>)
20000ea4:	4684      	mov	ip, r0
20000ea6:	bc01      	pop	{r0}
20000ea8:	4760      	bx	ip
20000eaa:	bf00      	nop
20000eac:	100015ed 	.word	0x100015ed

20000eb0 <i2c0_inst>:
20000eb0:	40044000 00000000                       .@.@....

20000eb8 <i2c1_inst>:
20000eb8:	40048000 00000000                       ...@....

20000ec0 <striped_spin_lock_num>:
20000ec0:	00000010                                ....

20000ec4 <default_alarm_pool>:
20000ec4:	20000edc 00000000 20000fc8 20001878     ... ....... x.. 
	...

20000edc <default_alarm_pool_heap>:
20000edc:	20001888 00000000 00000000 00000010     ... ............

20000eec <irq_handler_chain_slots>:
20000eec:	00000000 	.word	0x00000000
20000ef0:	00010000 	.word	0x00010000
	...
20000efc:	00020000 	.word	0x00020000
	...
20000f08:	00030000 	.word	0x00030000
	...
20000f14:	00ff0000 	.word	0x00ff0000
20000f18:	00000000 	.word	0x00000000

20000f1c <irq_handler_chain_first_slot>:
20000f1c:	b501      	push	{r0, lr}
20000f1e:	6848      	ldr	r0, [r1, #4]
20000f20:	3101      	adds	r1, #1
20000f22:	468e      	mov	lr, r1
20000f24:	4700      	bx	r0

20000f26 <irq_handler_chain_remove_tail>:
20000f26:	4670      	mov	r0, lr
20000f28:	3809      	subs	r0, #9
20000f2a:	4901      	ldr	r1, [pc, #4]	; (20000f30 <irq_handler_chain_remove_tail+0xa>)
20000f2c:	4788      	blx	r1
20000f2e:	bd01      	pop	{r0, pc}
20000f30:	10001ced 	.word	0x10001ced
	...

20000f40 <aeabi_bits_funcs>:
20000f40:	00003350 	.word	0x00003350
20000f44:	0000334c 	.word	0x0000334c
20000f48:	00003354 	.word	0x00003354
20000f4c:	00003352 	.word	0x00003352

20000f50 <aeabi_bits_funcs_end>:
20000f50:	0000534d 	.word	0x0000534d
20000f54:	0000434d 	.word	0x0000434d
20000f58:	00003453 	.word	0x00003453
20000f5c:	00003443 	.word	0x00003443

20000f60 <stdio_usb>:
20000f60:	10005585 00000000 100054f5 1000547d     .U.......T..}T..
20000f70:	00000000 00000100                       ........

20000f78 <ep_dir_string>:
20000f78:	10007c88 10007c8c                       .|...|..

20000f80 <_usbd_qdef>:
20000f80:	20001670 000c0010 00000000 00000000     p.. ............
	...

20000f9c <_usbd_rhport>:
20000f9c:	000000ff                                ....

20000fa0 <malloc_mutex>:
	...

20000fa8 <print_mutex>:
	...

20000fb0 <__mutex_array_end>:
20000fb0:	10004f55 	.word	0x10004f55
20000fb4:	10004191 	.word	0x10004191
20000fb8:	1000489d 	.word	0x1000489d
20000fbc:	10004ec5 	.word	0x10004ec5

20000fc0 <__frame_dummy_init_array_entry>:
20000fc0:	100002e5 100058ad                       .....X..
